-- phpMyAdmin SQL Dump
-- version 4.8.5
-- https://www.phpmyadmin.net/
--
-- Host: 127.0.0.1
-- Generation Time: Dec 25, 2019 at 07:35 PM
-- Server version: 10.1.38-MariaDB
-- PHP Version: 7.3.3

SET SQL_MODE = "NO_AUTO_VALUE_ON_ZERO";
SET AUTOCOMMIT = 0;
START TRANSACTION;
SET time_zone = "+00:00";


/*!40101 SET @OLD_CHARACTER_SET_CLIENT=@@CHARACTER_SET_CLIENT */;
/*!40101 SET @OLD_CHARACTER_SET_RESULTS=@@CHARACTER_SET_RESULTS */;
/*!40101 SET @OLD_COLLATION_CONNECTION=@@COLLATION_CONNECTION */;
/*!40101 SET NAMES utf8mb4 */;

--
-- Database: `correction_traitmatrix_8`
--

-- --------------------------------------------------------

--
-- Table structure for table `assesment`
--

CREATE TABLE `assesment` (
  `id` int(10) UNSIGNED NOT NULL,
  `title` varchar(191) COLLATE utf8mb4_unicode_ci NOT NULL,
  `created_at` timestamp NULL DEFAULT NULL,
  `updated_at` timestamp NULL DEFAULT NULL
) ENGINE=InnoDB DEFAULT CHARSET=utf8mb4 COLLATE=utf8mb4_unicode_ci;

--
-- Dumping data for table `assesment`
--

INSERT INTO `assesment` (`id`, `title`, `created_at`, `updated_at`) VALUES
(1, 'cpp', NULL, NULL),
(2, 'ceiq', NULL, NULL),
(3, 'ceta', NULL, NULL),
(4, 'lcpa', NULL, NULL),
(5, 'iae', NULL, NULL),
(6, 'apa', NULL, NULL),
(7, 'hots', NULL, NULL),
(8, 'HOTS', '2019-06-14 08:02:58', '2019-06-14 08:02:58'),
(9, 'CEIQ', '2019-06-26 01:25:52', '2019-06-26 01:25:52');

-- --------------------------------------------------------

--
-- Table structure for table `cpp_mark_adt`
--

CREATE TABLE `cpp_mark_adt` (
  `id` int(10) UNSIGNED NOT NULL,
  `respondent_id` int(10) UNSIGNED NOT NULL,
  `assesment_id` int(10) UNSIGNED NOT NULL,
  `cluster1_a` int(11) NOT NULL,
  `cluster1_d` int(11) NOT NULL,
  `cluster1_t` int(11) NOT NULL,
  `cluster2_a` int(11) NOT NULL,
  `cluster2_d` int(11) NOT NULL,
  `cluster2_t` int(11) NOT NULL,
  `cluster3_a` int(11) NOT NULL,
  `cluster3_d` int(11) NOT NULL,
  `cluster3_t` int(11) NOT NULL,
  `cluster4_a` int(11) NOT NULL,
  `cluster4_d` int(11) NOT NULL,
  `cluster4_t` int(11) NOT NULL,
  `cluster5_a` int(11) NOT NULL,
  `cluster5_d` int(11) NOT NULL,
  `cluster5_t` int(11) NOT NULL,
  `cluster6_a` int(11) NOT NULL,
  `cluster6_d` int(11) NOT NULL,
  `cluster6_t` int(11) NOT NULL,
  `created_at` timestamp NULL DEFAULT NULL,
  `updated_at` timestamp NULL DEFAULT NULL
) ENGINE=InnoDB DEFAULT CHARSET=utf8mb4 COLLATE=utf8mb4_unicode_ci;

--
-- Dumping data for table `cpp_mark_adt`
--

INSERT INTO `cpp_mark_adt` (`id`, `respondent_id`, `assesment_id`, `cluster1_a`, `cluster1_d`, `cluster1_t`, `cluster2_a`, `cluster2_d`, `cluster2_t`, `cluster3_a`, `cluster3_d`, `cluster3_t`, `cluster4_a`, `cluster4_d`, `cluster4_t`, `cluster5_a`, `cluster5_d`, `cluster5_t`, `cluster6_a`, `cluster6_d`, `cluster6_t`, `created_at`, `updated_at`) VALUES
(7, 8, 1, 31, 18, 38, 55, 24, 38, 16, 42, 33, 24, 27, 41, 15, 50, 20, 20, 26, 37, NULL, NULL),
(8, 9, 1, 23, 14, 35, 43, 18, 35, 17, 34, 23, 18, 26, 36, 13, 35, 12, 15, 21, 36, NULL, NULL),
(9, 9, 1, 23, 14, 35, 43, 18, 35, 17, 34, 23, 18, 26, 36, 13, 35, 12, 15, 21, 36, NULL, NULL),
(10, 11, 1, 26, 15, 31, 39, 19, 31, 17, 29, 20, 18, 25, 35, 14, 39, 17, 16, 23, 33, NULL, NULL),
(11, 12, 1, 28, 16, 37, 48, 18, 37, 14, 30, 22, 17, 25, 34, 17, 41, 19, 22, 24, 34, NULL, NULL),
(12, 13, 1, 28, 18, 35, 54, 19, 35, 18, 34, 26, 20, 25, 37, 17, 40, 17, 21, 22, 35, NULL, NULL),
(13, 14, 1, 10, 6, 8, 18, 4, 8, 6, 12, 10, 4, 10, 11, 8, 9, 4, 12, 5, 10, NULL, NULL),
(14, 15, 1, 24, 12, 31, 41, 20, 31, 14, 28, 20, 16, 20, 28, 21, 48, 23, 24, 29, 39, NULL, NULL),
(15, 16, 1, 30, 17, 37, 49, 23, 37, 22, 38, 27, 21, 24, 40, 13, 38, 17, 14, 26, 39, NULL, NULL),
(16, 17, 1, 25, 14, 28, 42, 14, 28, 12, 25, 19, 12, 18, 24, 15, 27, 12, 14, 15, 23, NULL, NULL),
(17, 18, 1, 25, 20, 39, 53, 20, 39, 17, 38, 28, 23, 27, 40, 20, 46, 20, 17, 22, 32, NULL, NULL),
(18, 19, 1, 27, 19, 41, 45, 20, 41, 13, 34, 24, 23, 29, 40, 18, 47, 20, 22, 28, 36, NULL, NULL),
(19, 20, 1, 23, 17, 31, 46, 18, 31, 15, 32, 23, 20, 28, 41, 16, 40, 17, 18, 22, 31, NULL, NULL),
(20, 21, 1, 31, 18, 43, 55, 24, 43, 20, 40, 30, 22, 29, 43, 20, 47, 23, 18, 30, 43, NULL, NULL),
(21, 22, 1, 22, 16, 26, 36, 13, 26, 14, 31, 22, 16, 22, 27, 17, 32, 14, 16, 18, 30, NULL, NULL),
(22, 23, 1, 26, 15, 39, 59, 20, 39, 17, 34, 21, 20, 25, 35, 20, 51, 23, 22, 26, 39, NULL, NULL),
(23, 24, 1, 25, 19, 37, 49, 22, 37, 17, 38, 28, 23, 30, 43, 17, 40, 18, 16, 23, 34, NULL, NULL),
(24, 25, 1, 26, 16, 39, 56, 22, 39, 22, 37, 25, 19, 26, 38, 15, 45, 17, 16, 26, 36, NULL, NULL),
(25, 26, 1, 22, 14, 28, 38, 17, 28, 11, 26, 20, 14, 23, 32, 18, 34, 14, 17, 21, 25, NULL, NULL),
(26, 27, 1, 25, 19, 38, 54, 23, 38, 17, 34, 27, 19, 25, 37, 17, 39, 17, 19, 21, 38, NULL, NULL),
(27, 28, 1, 23, 19, 37, 56, 23, 37, 22, 35, 27, 21, 27, 44, 18, 41, 15, 19, 29, 42, NULL, NULL),
(28, 29, 1, 29, 16, 39, 51, 21, 39, 16, 34, 25, 18, 24, 34, 12, 34, 13, 17, 25, 37, NULL, NULL),
(29, 30, 1, 30, 17, 40, 46, 24, 40, 15, 43, 31, 23, 26, 36, 16, 43, 23, 20, 30, 43, NULL, NULL),
(30, 31, 1, 25, 17, 28, 37, 18, 28, 11, 28, 18, 15, 22, 34, 17, 33, 17, 14, 19, 28, NULL, NULL),
(31, 32, 1, 25, 18, 31, 45, 17, 31, 15, 25, 21, 16, 26, 35, 19, 42, 19, 21, 23, 32, NULL, NULL),
(32, 33, 1, 23, 14, 32, 42, 17, 32, 15, 24, 24, 16, 19, 29, 17, 47, 19, 18, 21, 29, NULL, NULL),
(33, 34, 1, 26, 16, 36, 46, 21, 36, 21, 39, 25, 18, 27, 37, 18, 41, 19, 19, 22, 33, NULL, NULL),
(34, 35, 1, 25, 16, 37, 44, 17, 37, 12, 30, 25, 18, 27, 26, 18, 37, 17, 19, 20, 31, NULL, NULL),
(35, 36, 1, 24, 13, 32, 46, 17, 32, 15, 32, 19, 19, 25, 37, 16, 37, 18, 24, 25, 39, NULL, NULL),
(36, 37, 1, 27, 14, 35, 47, 18, 35, 16, 31, 23, 18, 26, 33, 20, 39, 18, 20, 22, 32, NULL, NULL),
(37, 38, 1, 22, 13, 30, 42, 16, 30, 14, 31, 21, 16, 23, 31, 17, 34, 16, 17, 19, 31, NULL, NULL),
(38, 39, 1, 27, 14, 37, 49, 20, 37, 21, 32, 30, 22, 26, 44, 19, 43, 17, 21, 26, 42, NULL, NULL),
(39, 40, 1, 27, 17, 35, 51, 20, 35, 12, 30, 24, 18, 29, 40, 18, 43, 18, 17, 22, 32, NULL, NULL),
(40, 41, 1, 28, 16, 32, 45, 20, 32, 18, 36, 25, 18, 27, 38, 20, 44, 20, 18, 24, 33, NULL, NULL),
(41, 42, 1, 25, 17, 33, 47, 23, 33, 16, 31, 25, 17, 26, 36, 14, 42, 15, 18, 25, 32, NULL, NULL),
(42, 43, 1, 28, 17, 27, 44, 18, 27, 16, 35, 27, 19, 25, 37, 18, 41, 18, 14, 23, 34, NULL, NULL),
(43, 44, 1, 24, 16, 32, 42, 16, 32, 16, 31, 22, 16, 23, 29, 16, 36, 16, 18, 20, 32, NULL, NULL),
(44, 45, 1, 28, 18, 35, 48, 20, 35, 17, 27, 23, 18, 28, 39, 18, 44, 20, 20, 23, 33, NULL, NULL),
(45, 46, 1, 21, 14, 25, 36, 16, 25, 10, 25, 18, 16, 21, 31, 2, 20, 8, 0, 0, 0, NULL, NULL),
(46, 47, 1, 25, 16, 34, 49, 18, 34, 14, 33, 24, 16, 25, 34, 17, 38, 18, 19, 23, 30, NULL, NULL),
(47, 48, 1, 23, 15, 31, 51, 19, 31, 16, 30, 22, 18, 26, 37, 15, 37, 17, 19, 23, 30, NULL, NULL),
(48, 49, 1, 26, 17, 36, 41, 16, 36, 17, 32, 22, 18, 25, 29, 15, 37, 17, 20, 21, 33, NULL, NULL),
(49, 50, 1, 23, 14, 29, 35, 17, 29, 15, 28, 21, 14, 21, 32, 13, 34, 15, 13, 16, 23, NULL, NULL),
(50, 51, 1, 19, 15, 33, 44, 14, 33, 19, 37, 25, 24, 26, 38, 20, 52, 24, 20, 30, 43, NULL, NULL),
(51, 52, 1, 19, 13, 30, 41, 18, 30, 16, 21, 18, 14, 22, 33, 21, 41, 21, 18, 23, 24, NULL, NULL),
(52, 53, 1, 22, 15, 31, 37, 16, 31, 13, 26, 18, 15, 22, 31, 15, 35, 15, 14, 18, 26, NULL, NULL),
(53, 54, 1, 27, 15, 36, 43, 16, 36, 9, 23, 20, 12, 15, 28, 14, 40, 19, 20, 20, 29, NULL, NULL),
(54, 55, 1, 28, 18, 41, 40, 20, 41, 20, 37, 28, 20, 25, 38, 17, 41, 20, 18, 27, 37, NULL, NULL),
(55, 56, 1, 26, 16, 34, 49, 19, 34, 12, 30, 24, 19, 25, 38, 18, 43, 20, 21, 25, 37, NULL, NULL),
(56, 57, 1, 25, 18, 31, 46, 18, 31, 16, 31, 23, 17, 24, 34, 16, 39, 16, 18, 23, 35, NULL, NULL),
(57, 58, 1, 29, 17, 38, 44, 20, 38, 15, 34, 24, 23, 27, 42, 21, 47, 21, 20, 26, 41, NULL, NULL),
(58, 59, 1, 22, 15, 32, 39, 16, 32, 13, 29, 20, 17, 23, 29, 18, 35, 16, 17, 22, 31, NULL, NULL),
(59, 60, 1, 24, 18, 34, 46, 22, 34, 16, 32, 28, 20, 30, 37, 18, 48, 21, 21, 26, 37, NULL, NULL),
(60, 61, 1, 29, 12, 37, 47, 19, 37, 19, 30, 25, 18, 29, 33, 18, 41, 22, 18, 25, 37, NULL, NULL),
(61, 62, 1, 27, 18, 33, 42, 23, 33, 20, 34, 26, 22, 24, 35, 20, 49, 24, 23, 28, 41, NULL, NULL),
(62, 63, 1, 29, 15, 38, 48, 20, 38, 18, 34, 25, 21, 26, 36, 20, 44, 23, 22, 28, 42, NULL, NULL),
(63, 64, 1, 19, 18, 34, 42, 19, 34, 16, 33, 23, 19, 24, 32, 17, 42, 22, 17, 23, 36, NULL, NULL),
(64, 65, 1, 27, 15, 31, 46, 18, 31, 13, 30, 23, 18, 25, 36, 18, 38, 19, 21, 23, 38, NULL, NULL),
(65, 66, 1, 27, 18, 34, 46, 21, 34, 17, 35, 27, 20, 27, 41, 19, 44, 17, 22, 22, 36, NULL, NULL),
(66, 67, 1, 25, 17, 42, 45, 19, 42, 19, 36, 25, 23, 28, 42, 20, 38, 23, 22, 22, 36, NULL, NULL),
(67, 68, 1, 28, 16, 34, 46, 17, 34, 19, 40, 26, 16, 23, 39, 16, 39, 18, 14, 19, 33, NULL, NULL),
(68, 69, 1, 24, 16, 36, 47, 20, 36, 13, 31, 21, 22, 25, 40, 20, 47, 22, 19, 24, 35, NULL, NULL),
(69, 70, 1, 23, 17, 29, 44, 19, 29, 14, 31, 17, 18, 22, 32, 19, 39, 17, 20, 17, 30, NULL, NULL),
(70, 71, 1, 21, 14, 26, 39, 17, 26, 23, 39, 23, 18, 22, 30, 17, 34, 16, 15, 20, 28, NULL, NULL),
(71, 72, 1, 26, 17, 29, 47, 21, 29, 16, 31, 23, 18, 27, 31, 16, 36, 20, 16, 20, 30, NULL, NULL),
(72, 73, 1, 24, 16, 35, 44, 18, 35, 11, 33, 25, 21, 26, 36, 19, 41, 20, 19, 21, 37, NULL, NULL),
(73, 74, 1, 24, 15, 33, 49, 21, 33, 23, 40, 28, 21, 26, 40, 20, 44, 20, 22, 25, 35, NULL, NULL),
(74, 75, 1, 28, 18, 39, 48, 20, 39, 15, 38, 26, 22, 30, 43, 19, 51, 24, 23, 27, 43, NULL, NULL),
(75, 76, 1, 23, 16, 31, 42, 16, 31, 13, 25, 20, 18, 23, 34, 19, 40, 18, 18, 20, 32, NULL, NULL),
(76, 76, 1, 23, 16, 31, 42, 16, 31, 13, 25, 20, 18, 23, 34, 19, 40, 18, 18, 20, 32, NULL, NULL),
(77, 78, 1, 25, 12, 27, 43, 17, 27, 14, 33, 27, 15, 24, 33, 14, 32, 16, 18, 21, 29, NULL, NULL),
(78, 79, 1, 24, 15, 27, 39, 16, 27, 14, 29, 21, 17, 22, 31, 18, 36, 15, 17, 20, 31, NULL, NULL),
(79, 80, 1, 27, 19, 34, 47, 21, 34, 16, 32, 21, 16, 24, 31, 17, 42, 17, 19, 20, 32, NULL, NULL),
(80, 81, 1, 29, 18, 43, 50, 24, 43, 18, 38, 20, 23, 27, 42, 20, 48, 24, 22, 28, 40, NULL, NULL),
(81, 82, 1, 23, 15, 35, 39, 16, 35, 10, 21, 15, 16, 24, 30, 17, 38, 16, 17, 20, 28, NULL, NULL),
(82, 83, 1, 12, 12, 6, 0, 0, 6, 0, 0, 0, 0, 0, 0, 0, 0, 0, 0, 0, 0, NULL, NULL),
(83, 84, 1, 6, 11, 6, 0, 0, 0, 0, 0, 0, 0, 0, 0, 0, 0, 0, 0, 0, 0, NULL, NULL),
(84, 85, 1, 0, 6, 6, 0, 0, 0, 0, 0, 0, 0, 0, 0, 0, 0, 0, 0, 0, 0, NULL, NULL),
(85, 86, 1, 7, 0, 8, 7, 0, 0, 0, 0, 8, 0, 0, 7, 0, 8, 0, 0, 0, 8, NULL, NULL),
(86, 87, 1, 14, 12, 8, 0, 0, 0, 0, 0, 0, 0, 0, 0, 0, 0, 0, 0, 0, 0, NULL, NULL),
(87, 88, 1, 0, 8, 6, 7, 3, 1, 9, 0, 18, 0, 9, 9, 0, 9, 0, 0, 8, 8, NULL, NULL),
(88, 89, 1, 0, 1, 9, 0, 0, 0, 0, 0, 0, 0, 0, 0, 0, 0, 0, 0, 0, 0, NULL, NULL),
(89, 90, 1, 1, 0, 0, 0, 0, 0, 0, 0, 0, 0, 0, 0, 0, 0, 0, 0, 0, 0, NULL, NULL),
(90, 91, 1, 4, 0, 0, 0, 0, 0, 0, 0, 0, 0, 0, 0, 0, 0, 0, 0, 0, 0, NULL, NULL),
(91, 92, 1, 22, 15, 5, 0, 0, 0, 0, 0, 0, 0, 0, 0, 0, 0, 0, 0, 0, 0, NULL, NULL);

-- --------------------------------------------------------

--
-- Table structure for table `cpp_mark_overall`
--

CREATE TABLE `cpp_mark_overall` (
  `id` int(10) UNSIGNED NOT NULL,
  `respondent_id` int(10) UNSIGNED NOT NULL,
  `assesment_id` int(10) UNSIGNED NOT NULL,
  `score_cluster1` int(11) NOT NULL,
  `score_cluster2` int(11) NOT NULL,
  `score_cluster3` int(11) NOT NULL,
  `score_cluster4` int(11) NOT NULL,
  `score_cluster5` int(11) NOT NULL,
  `score_cluster6` int(11) NOT NULL,
  `created_at` timestamp NULL DEFAULT NULL,
  `updated_at` timestamp NULL DEFAULT NULL
) ENGINE=InnoDB DEFAULT CHARSET=utf8mb4 COLLATE=utf8mb4_unicode_ci;

--
-- Dumping data for table `cpp_mark_overall`
--

INSERT INTO `cpp_mark_overall` (`id`, `respondent_id`, `assesment_id`, `score_cluster1`, `score_cluster2`, `score_cluster3`, `score_cluster4`, `score_cluster5`, `score_cluster6`, `created_at`, `updated_at`) VALUES
(7, 8, 1, 87, 93, 91, 92, 85, 83, NULL, NULL),
(8, 9, 1, 72, 72, 74, 80, 60, 72, NULL, NULL),
(9, 9, 1, 72, 72, 74, 80, 60, 72, NULL, NULL),
(10, 11, 1, 72, 69, 66, 78, 70, 72, NULL, NULL),
(11, 12, 1, 81, 76, 66, 76, 77, 80, NULL, NULL),
(12, 13, 1, 81, 85, 78, 82, 74, 78, NULL, NULL),
(13, 14, 1, 24, 25, 28, 25, 21, 27, NULL, NULL),
(14, 15, 1, 67, 73, 62, 64, 92, 92, NULL, NULL),
(15, 16, 1, 84, 85, 87, 85, 68, 79, NULL, NULL),
(16, 17, 1, 67, 69, 56, 54, 54, 52, NULL, NULL),
(17, 18, 1, 84, 85, 83, 90, 86, 71, NULL, NULL),
(18, 19, 1, 87, 80, 71, 92, 85, 86, NULL, NULL),
(19, 20, 1, 71, 76, 70, 89, 73, 71, NULL, NULL),
(20, 21, 1, 92, 92, 90, 94, 90, 91, NULL, NULL),
(21, 22, 1, 64, 58, 67, 65, 63, 64, NULL, NULL),
(22, 23, 1, 80, 92, 72, 80, 94, 87, NULL, NULL),
(23, 24, 1, 81, 83, 83, 96, 75, 73, NULL, NULL),
(24, 25, 1, 81, 91, 84, 83, 77, 78, NULL, NULL),
(25, 26, 1, 64, 64, 57, 69, 66, 63, NULL, NULL),
(26, 27, 1, 82, 89, 78, 81, 73, 78, NULL, NULL),
(27, 28, 1, 79, 91, 84, 92, 74, 90, NULL, NULL),
(28, 29, 1, 84, 84, 75, 76, 59, 79, NULL, NULL),
(29, 30, 1, 87, 83, 89, 85, 82, 93, NULL, NULL),
(30, 31, 1, 70, 66, 57, 71, 67, 61, NULL, NULL),
(31, 32, 1, 74, 74, 61, 77, 80, 76, NULL, NULL),
(32, 33, 1, 69, 70, 63, 64, 83, 68, NULL, NULL),
(33, 34, 1, 78, 80, 85, 82, 78, 74, NULL, NULL),
(34, 35, 1, 78, 70, 67, 71, 72, 70, NULL, NULL),
(35, 36, 1, 69, 74, 66, 81, 71, 88, NULL, NULL),
(36, 37, 1, 76, 77, 70, 77, 77, 74, NULL, NULL),
(37, 38, 1, 65, 69, 66, 70, 67, 67, NULL, NULL),
(38, 39, 1, 78, 82, 83, 92, 79, 89, NULL, NULL),
(39, 40, 1, 79, 80, 66, 87, 79, 71, NULL, NULL),
(40, 41, 1, 76, 76, 79, 83, 84, 75, NULL, NULL),
(41, 42, 1, 75, 85, 72, 79, 71, 75, NULL, NULL),
(42, 43, 1, 72, 75, 78, 81, 77, 71, NULL, NULL),
(43, 44, 1, 72, 69, 69, 68, 68, 70, NULL, NULL),
(44, 45, 1, 81, 80, 67, 85, 82, 76, NULL, NULL),
(45, 46, 1, 60, 63, 53, 68, 30, 0, NULL, NULL),
(46, 47, 1, 75, 78, 71, 75, 73, 72, NULL, NULL),
(47, 48, 1, 69, 81, 68, 81, 69, 72, NULL, NULL),
(48, 49, 1, 79, 67, 71, 72, 69, 74, NULL, NULL),
(49, 50, 1, 66, 64, 64, 67, 62, 52, NULL, NULL),
(50, 51, 1, 67, 66, 81, 88, 96, 93, NULL, NULL),
(51, 52, 1, 62, 68, 55, 69, 83, 65, NULL, NULL),
(52, 53, 1, 68, 62, 57, 68, 65, 58, NULL, NULL),
(53, 54, 1, 78, 72, 52, 55, 73, 69, NULL, NULL),
(54, 55, 1, 87, 74, 85, 83, 78, 82, NULL, NULL),
(55, 56, 1, 76, 81, 66, 82, 81, 83, NULL, NULL),
(56, 57, 1, 74, 75, 70, 75, 71, 76, NULL, NULL),
(57, 58, 1, 84, 75, 73, 92, 89, 87, NULL, NULL),
(58, 59, 1, 69, 66, 62, 69, 69, 70, NULL, NULL),
(59, 60, 1, 76, 81, 76, 87, 87, 84, NULL, NULL),
(60, 61, 1, 78, 77, 74, 80, 81, 80, NULL, NULL),
(61, 62, 1, 78, 78, 80, 81, 93, 92, NULL, NULL),
(62, 63, 1, 82, 80, 77, 83, 87, 92, NULL, NULL),
(63, 64, 1, 71, 73, 72, 75, 81, 76, NULL, NULL),
(64, 65, 1, 73, 75, 66, 79, 75, 82, NULL, NULL),
(65, 66, 1, 79, 80, 79, 88, 80, 80, NULL, NULL),
(66, 67, 1, 84, 76, 80, 93, 81, 80, NULL, NULL),
(67, 68, 1, 78, 75, 85, 78, 73, 66, NULL, NULL),
(68, 69, 1, 76, 77, 65, 87, 89, 78, NULL, NULL),
(69, 70, 1, 69, 74, 62, 72, 75, 67, NULL, NULL),
(70, 71, 1, 61, 67, 85, 70, 67, 63, NULL, NULL),
(71, 72, 1, 72, 81, 70, 76, 72, 66, NULL, NULL),
(72, 73, 1, 75, 74, 69, 83, 80, 77, NULL, NULL),
(73, 74, 1, 72, 83, 91, 87, 84, 82, NULL, NULL),
(74, 75, 1, 85, 80, 79, 95, 94, 93, NULL, NULL),
(75, 76, 1, 70, 68, 58, 75, 77, 70, NULL, NULL),
(76, 76, 1, 70, 68, 58, 75, 77, 70, NULL, NULL),
(77, 78, 1, 64, 72, 74, 72, 62, 68, NULL, NULL),
(78, 79, 1, 66, 66, 64, 70, 69, 68, NULL, NULL),
(79, 80, 1, 80, 81, 69, 71, 76, 71, NULL, NULL),
(80, 81, 1, 90, 87, 76, 92, 92, 90, NULL, NULL),
(81, 82, 1, 73, 65, 46, 70, 71, 65, NULL, NULL),
(82, 83, 1, 30, 0, 0, 0, 0, 0, NULL, NULL),
(83, 84, 1, 23, 0, 0, 0, 0, 0, NULL, NULL),
(84, 85, 1, 12, 0, 0, 0, 0, 0, NULL, NULL),
(85, 86, 1, 15, 7, 8, 7, 8, 8, NULL, NULL),
(86, 87, 1, 34, 0, 0, 0, 0, 0, NULL, NULL),
(87, 88, 1, 14, 11, 27, 18, 9, 16, NULL, NULL),
(88, 89, 1, 10, 0, 0, 0, 0, 0, NULL, NULL),
(89, 90, 1, 1, 0, 0, 0, 0, 0, NULL, NULL),
(90, 91, 1, 4, 0, 0, 0, 0, 0, NULL, NULL),
(91, 92, 1, 42, 0, 0, 0, 0, 0, NULL, NULL);

-- --------------------------------------------------------

--
-- Table structure for table `migrations`
--

CREATE TABLE `migrations` (
  `id` int(10) UNSIGNED NOT NULL,
  `migration` varchar(191) COLLATE utf8mb4_unicode_ci NOT NULL,
  `batch` int(11) NOT NULL
) ENGINE=InnoDB DEFAULT CHARSET=utf8mb4 COLLATE=utf8mb4_unicode_ci;

--
-- Dumping data for table `migrations`
--

INSERT INTO `migrations` (`id`, `migration`, `batch`) VALUES
(1, '2014_10_12_000000_create_users_table', 1),
(2, '2014_10_12_100000_create_password_resets_table', 1),
(3, '2019_06_09_155249_create_assesment_table', 1),
(4, '2019_06_09_170617_create_questions_table', 1),
(5, '2019_06_10_063710_create_respondent_table', 1),
(6, '2019_06_10_064043_create_q_answer_table', 1),
(7, '2019_06_10_071211_create_cpp_mark_overall_table', 1),
(8, '2019_06_10_071837_create_cpp_mark_adt_table', 1),
(9, '2019_07_30_044559_create_sub_cluster_table', 2),
(10, '2019_08_15_072731_add_sub_cluster_column_to_questions_table', 2),
(11, '2019_08_15_073236_add_sub_cluster_column_to_questions_table', 3);

-- --------------------------------------------------------

--
-- Table structure for table `password_resets`
--

CREATE TABLE `password_resets` (
  `email` varchar(191) COLLATE utf8mb4_unicode_ci NOT NULL,
  `token` varchar(191) COLLATE utf8mb4_unicode_ci NOT NULL,
  `created_at` timestamp NULL DEFAULT NULL
) ENGINE=InnoDB DEFAULT CHARSET=utf8mb4 COLLATE=utf8mb4_unicode_ci;

-- --------------------------------------------------------

--
-- Table structure for table `questions`
--

CREATE TABLE `questions` (
  `id` int(10) UNSIGNED NOT NULL,
  `assesment_id` int(10) UNSIGNED NOT NULL,
  `question_name` mediumtext COLLATE utf8mb4_unicode_ci NOT NULL,
  `cluster` varchar(191) COLLATE utf8mb4_unicode_ci NOT NULL,
  `adt` varchar(191) COLLATE utf8mb4_unicode_ci NOT NULL,
  `trait_type` varchar(191) COLLATE utf8mb4_unicode_ci NOT NULL,
  `reverse` tinyint(4) NOT NULL DEFAULT '0',
  `created_at` timestamp NULL DEFAULT NULL,
  `updated_at` timestamp NULL DEFAULT NULL,
  `sub_cluster` varchar(191) COLLATE utf8mb4_unicode_ci NOT NULL
) ENGINE=InnoDB DEFAULT CHARSET=utf8mb4 COLLATE=utf8mb4_unicode_ci;

--
-- Dumping data for table `questions`
--

INSERT INTO `questions` (`id`, `assesment_id`, `question_name`, `cluster`, `adt`, `trait_type`, `reverse`, `created_at`, `updated_at`, `sub_cluster`) VALUES
(2, 1, 'You are usually a sensible and emotionally stable person.', 'cluster1', 'cluster1_t', 'Stable/Balanced', 0, '2019-06-14 09:14:27', '2019-08-15 02:30:57', 'cluster1_1'),
(3, 1, 'You are good at dealing with business situations which usually leads to a good outcome.', 'cluster1', 'cluster1_d', 'Business savvy', 0, '2019-06-14 09:15:51', '2019-08-15 02:31:07', 'cluster1_2'),
(4, 1, 'You usually look at the positive outcome and think positively when in difficult situations.', 'cluster1', 'cluster1_a', 'Optimistic/Positive', 0, '2019-06-14 09:16:14', '2019-09-25 02:33:42', 'cluster1_1'),
(5, 1, 'You usually look at all parts of a problem before making a conclusion.', 'cluster1', 'cluster1_d', 'Realistic thinker', 0, '2019-06-14 09:16:40', '2019-09-25 02:34:41', 'cluster1_1'),
(6, 1, 'You tend to display strong self-confidence in own beliefs and behaviors.', 'cluster1', 'cluster1_a', 'Bold/Courageous', 0, '2019-06-14 09:17:13', '2019-09-25 02:35:01', 'cluster1_2'),
(7, 1, 'You are usually concerned with what works and getting things done efficiently in the past few months.', 'cluster1', 'cluster1_a', 'Practical/Pragmatic', 0, '2019-06-14 09:17:34', '2019-09-25 02:35:19', 'cluster1_3'),
(8, 1, 'You lose your coolness easily and don’t remain calm in a difficult situation.', 'cluster1', 'cluster1_a', 'Calm/Control', 1, '2019-06-14 09:18:05', '2019-09-25 02:35:44', 'cluster1_3'),
(9, 1, 'You are spontaneous and flexible to changes.', 'cluster1', 'cluster1_a', 'Adaptable/Flexible', 0, '2019-06-14 09:18:29', '2019-06-14 09:18:29', ''),
(10, 1, 'You display a bright outlook towards life remaining cheerful most of the time.', 'cluster1', 'cluster1_t', 'Cheerful/Joyful', 0, '2019-06-14 09:18:58', '2019-06-14 09:18:58', ''),
(11, 1, 'You stand up publicly for what you believe.', 'cluster1', 'cluster1_t', 'Independent minded', 0, '2019-06-14 09:19:29', '2019-06-14 09:19:29', ''),
(12, 1, 'You tend to make your own decisions and organize your own work.', 'cluster1', 'cluster1_a', 'Self-directed/Self-motivated', 0, '2019-06-14 09:19:56', '2019-06-14 09:19:56', ''),
(13, 1, 'You are tough and recover quickly from difficulties in work', 'cluster1', 'cluster1_t', 'Resilience/Bounces back', 0, '2019-06-14 09:20:22', '2019-06-14 09:20:22', ''),
(14, 1, 'You do not like to tackle problems when dealing with difficulties in work', 'cluster1', 'cluster1_d', 'Likes to tackle problems', 1, '2019-06-14 09:20:45', '2019-06-14 09:20:45', ''),
(15, 1, 'You can work effectively in an uncertain situation.', 'cluster1', 'cluster1_t', 'Tolerant of ambiguity', 0, '2019-06-14 09:21:28', '2019-06-14 09:21:28', ''),
(16, 1, 'You are very determined to achieve something significant.', 'cluster1', 'cluster1_t', 'Singleminded/Firm', 0, '2019-06-14 09:21:56', '2019-06-14 09:21:56', ''),
(17, 1, 'You enjoy conversation and deep discussion with other individuals', 'cluster1', 'cluster1_d', 'Intellectual thinker', 0, '2019-06-14 09:22:22', '2019-06-14 09:22:22', ''),
(18, 1, 'You are observant to other people’s actions and quick to notice anything unusual.', 'cluster1', 'cluster1_t', 'Alert/Observant', 0, '2019-06-14 09:22:41', '2019-06-14 09:22:41', ''),
(19, 1, 'You are an effective listener.', 'cluster1', 'cluster1_t', 'Seeks/Needs Feedback', 0, '2019-06-14 09:23:03', '2019-06-14 09:23:03', ''),
(20, 1, 'You tend to come up with original imaginative ideas.', 'cluster2', 'cluster2_a', 'Creative/Imaginative', 0, '2019-06-14 09:30:06', '2019-06-14 09:30:06', ''),
(21, 1, 'You are open to new ideas.', 'cluster2', 'cluster2_d', 'Open to new ideas', 0, '2019-06-14 09:30:23', '2019-06-14 09:30:23', ''),
(22, 1, 'You are curious and like to explore new things.', 'cluster2', 'cluster2_d', 'Inquisitive', 0, '2019-06-14 09:30:42', '2019-06-14 09:30:42', ''),
(23, 1, 'You are willing to take risks and try out new methods.', 'cluster2', 'cluster2_t', 'Adventurous', 0, '2019-06-14 09:31:07', '2019-06-14 09:31:07', ''),
(24, 1, 'You mind taking risks and try not to make too much of a risk.', 'cluster2', 'cluster2_t', 'Risk taking', 1, '2019-06-14 09:31:29', '2019-06-14 09:31:29', ''),
(25, 1, 'You are responsive to other people’s ideas and react positively to them.', 'cluster2', 'cluster2_d', 'Responsive', 0, '2019-06-14 09:31:53', '2019-06-14 09:31:53', ''),
(26, 1, 'You aren’t willing to try new things and you do not enjoy the new experience.', 'cluster2', 'cluster2_a', 'Openness to experience', 1, '2019-06-14 09:32:23', '2019-06-14 09:32:23', ''),
(27, 1, 'You often see the big picture and have an understanding of ideas.', 'cluster2', 'cluster2_a', 'Holistic', 0, '2019-06-14 09:32:46', '2019-06-14 09:32:46', ''),
(28, 1, 'You think or plan your future in the past few months.', 'cluster2', 'cluster2_a', 'Visionary', 0, '2019-06-14 09:33:10', '2019-06-14 09:33:10', ''),
(29, 1, 'You like to use visual and spatial abilities or resources to learn and do things.', 'cluster2', 'cluster2_a', 'Visual-spatial capability', 0, '2019-06-14 09:33:34', '2019-06-14 09:33:34', ''),
(30, 1, 'You understand why things need to be done and are able to analyze situations.', 'cluster2', 'cluster2_a', 'Conceptual thinking', 0, '2019-06-14 09:34:13', '2019-06-14 09:34:13', ''),
(31, 1, 'You tend to follow your feelings when making a decision.', 'cluster2', 'cluster2_a', 'Intuitive', 0, '2019-06-14 09:34:32', '2019-06-14 09:34:32', ''),
(32, 1, 'You are artistic.', 'cluster2', 'cluster2_a', 'Artistic', 0, '2019-06-14 09:34:51', '2019-06-14 09:34:51', ''),
(33, 1, 'You tend to seek out opportunities.', 'cluster2', 'cluster2_t', 'Opportunity seeker', 0, '2019-06-14 09:35:12', '2019-06-14 09:35:12', ''),
(34, 1, 'You take action to initiate things independently in work.', 'cluster2', 'cluster2_d', 'Initiative', 0, '2019-06-14 09:35:27', '2019-06-14 09:35:27', ''),
(35, 1, 'You are good in adapting to changes and often create a more effective process.', 'cluster2', 'cluster2_a', 'Innovative/Original', 0, '2019-06-14 09:35:48', '2019-06-14 09:35:48', ''),
(36, 1, 'You are good at combining ideas.', 'cluster2', 'cluster2_a', 'Synthesizes concepts', 0, '2019-06-14 09:36:08', '2019-06-14 09:36:20', ''),
(37, 1, 'You enjoy creating social or emotional bonds with other people.', 'cluster3', 'cluster3_d', 'Affiliative/Sociable', 0, '2019-06-14 09:37:01', '2019-06-14 09:37:01', ''),
(38, 1, 'You often show interest and like to be involved in projects/activities.', 'cluster3', 'cluster3_t', 'Enthusiastic/Energetic', 0, '2019-06-14 09:37:27', '2019-06-14 09:37:27', ''),
(39, 1, 'You do not like to interact with other people.', 'cluster3', 'cluster3_t', 'Interactive with people', 1, '2019-06-14 09:37:59', '2019-06-14 09:37:59', ''),
(40, 1, 'You often act spontaneously in work.', 'cluster3', 'cluster3_t', 'Spontaneous', 0, '2019-06-14 09:38:21', '2019-06-14 09:38:21', ''),
(41, 1, 'You enjoy social gatherings and events.', 'cluster3', 'cluster3_d', 'Extroverted', 0, '2019-06-14 09:39:51', '2019-06-14 09:39:51', ''),
(42, 1, 'You are fond of talking.', 'cluster3', 'cluster3_d', 'Talkative/Expressive', 0, '2019-06-14 09:40:21', '2019-06-14 09:40:21', ''),
(43, 1, 'You like to have fun and do not take things too seriously.', 'cluster3', 'cluster3_a', 'Playful/Fun loving', 0, '2019-06-14 09:40:41', '2019-06-14 09:40:41', ''),
(44, 1, 'You prefer learning through movement and experimentation.', 'cluster3', 'cluster3_a', 'Bodily kinesthetics', 0, '2019-06-14 09:41:10', '2019-06-14 09:41:10', ''),
(45, 1, 'You enjoy sharing ideas and feelings with other people.', 'cluster3', 'cluster3_d', 'Share ideas/feelings', 0, '2019-06-14 09:41:37', '2019-06-14 09:41:37', ''),
(46, 1, 'You like to touch other people a lot when you are engaging in a conversation.', 'cluster3', 'cluster3_a', 'Tactile/touches a lot', 0, '2019-06-14 09:41:57', '2019-06-14 09:41:57', ''),
(47, 1, 'You are frank in stating your own opinion.', 'cluster3', 'cluster3_d', 'Outspoken/frank', 0, '2019-06-14 09:42:14', '2019-06-14 09:42:14', ''),
(48, 1, 'You like to move a lot.', 'cluster3', 'cluster3_d', 'Active/Moves a lot', 0, '2019-06-14 09:42:32', '2019-06-14 09:42:32', ''),
(49, 1, 'You are kind and pleasant to other people.', 'cluster3', 'cluster3_d', 'Friendliness', 0, '2019-06-14 09:42:55', '2019-06-14 09:42:55', ''),
(50, 1, 'You enjoy playing or listening to music and have a sense of rhythm.', 'cluster3', 'cluster3_a', 'Musical/Rhythmic', 0, '2019-06-14 09:43:14', '2019-06-14 09:43:14', ''),
(51, 1, 'You enjoy and find it easy to network and socialize with others.', 'cluster3', 'cluster3_t', 'Enjoys networking', 0, '2019-06-14 09:43:33', '2019-06-14 09:43:33', ''),
(52, 1, 'You do not express your emotion well.', 'cluster3', 'cluster3_d', 'Emotionally expressive', 1, '2019-06-14 09:43:53', '2019-06-14 09:43:53', ''),
(53, 1, 'You usually see the best in others.', 'cluster3', 'cluster3_t', 'Trusting of others', 0, '2019-06-14 09:44:12', '2019-06-14 09:44:12', ''),
(54, 1, 'You often enjoy giving warm regards or feelings to other people.', 'cluster3', 'cluster3_t', 'Affectionate', 0, '2019-06-14 09:44:30', '2019-06-14 09:44:30', ''),
(55, 1, 'You enjoy helping other people and are usually cooperative.', 'cluster4', 'cluster4_t', 'Cooperative/Helpful', 0, '2019-06-14 09:55:46', '2019-06-14 09:55:46', ''),
(56, 1, 'You are responsive to other people ideas.', 'cluster4', 'cluster4_t', 'Responsive to others', 0, '2019-06-14 09:56:14', '2019-06-14 09:56:14', ''),
(57, 1, 'You are a dependable person.', 'cluster4', 'cluster4_t', 'Reliable/Trustworthy', 0, '2019-06-14 09:56:35', '2019-06-14 09:56:35', ''),
(58, 1, 'You are supportive of other people.', 'cluster4', 'cluster4_d', 'Supportive', 0, '2019-06-14 09:56:59', '2019-06-14 09:56:59', ''),
(59, 1, 'You rarely show concern for others.', 'cluster4', 'cluster4_d', 'Caring/Affable/Warm-hearted', 1, '2019-06-14 09:57:25', '2019-06-14 09:57:25', ''),
(60, 1, 'You often understand and share feelings to others.', 'cluster4', 'cluster4_a', 'Empathizes', 0, '2019-06-14 09:57:54', '2019-06-14 09:57:54', ''),
(61, 1, 'You enjoy building harmonious relationships.', 'cluster4', 'cluster4_t', 'Harmonious in relations', 0, '2019-06-14 09:58:15', '2019-06-14 09:58:15', ''),
(62, 1, 'You are emotionally sensitive to other people’s feelings.', 'cluster4', 'cluster4_t', 'Sensitive to others and surroundings', 0, '2019-06-14 09:58:36', '2019-06-14 09:58:36', ''),
(63, 1, 'You have your own moral principles.', 'cluster4', 'cluster4_a', 'Ethical/Moralistic', 0, '2019-06-14 09:58:52', '2019-06-14 09:58:52', ''),
(64, 1, 'You are friendly and cooperative.', 'cluster4', 'cluster4_t', 'Agreeable/Pleasing', 0, '2019-06-14 09:59:18', '2019-06-14 09:59:18', ''),
(65, 1, 'You tend to show sympathy for others.', 'cluster4', 'cluster4_t', 'Compassionate/Kind', 0, '2019-06-14 09:59:35', '2019-06-14 09:59:35', ''),
(66, 1, 'You find it hard to adapt well to environmental changes.', 'cluster4', 'cluster4_t', 'Accommodating/Adaptive', 1, '2019-06-14 09:59:54', '2019-06-14 09:59:54', ''),
(67, 1, 'You are concerned with the needs of others than yourself.', 'cluster4', 'cluster4_d', 'Giving/Generous/Selfless', 0, '2019-06-14 10:00:14', '2019-06-14 10:00:14', ''),
(68, 1, 'You tend to stand up for what’s right.', 'cluster4', 'cluster4_a', 'Concerned about justice', 0, '2019-06-14 10:00:30', '2019-06-14 10:00:30', ''),
(69, 1, 'You are patient and tolerant.', 'cluster4', 'cluster4_d', 'Patient/Tolerant', 0, '2019-06-14 10:00:47', '2019-06-14 10:00:47', ''),
(70, 1, 'You reflect on your own experiences.', 'cluster4', 'cluster4_d', 'Reflective learner', 0, '2019-06-14 10:01:07', '2019-06-14 10:01:07', ''),
(71, 1, 'You get along with people well and are pleasant to other people.', 'cluster4', 'cluster4_a', 'People-oriented', 0, '2019-06-14 10:01:24', '2019-06-14 10:01:24', ''),
(72, 1, 'You follow personal core values.', 'cluster4', 'cluster4_d', 'Principled/Value driven', 0, '2019-06-14 10:01:41', '2019-06-14 10:01:41', ''),
(73, 1, 'You motivate yourself and able to control your own feelings in work.', 'cluster5', 'cluster5_d', 'Self-disciplined', 0, '2019-06-17 03:18:19', '2019-06-17 03:18:19', ''),
(74, 1, 'You arranging things in a logical order in work.', 'cluster5', 'cluster5_d', 'Linear/Sequential', 0, '2019-06-17 03:18:42', '2019-06-17 03:18:42', ''),
(75, 1, 'You dislike doing admin tasks and routine work.', 'cluster5', 'cluster5_a', 'Enjoys clerical work', 1, '2019-06-17 03:19:06', '2019-06-17 03:19:06', ''),
(76, 1, 'You usually follow up on your project.', 'cluster5', 'cluster5_t', 'Follows up', 0, '2019-06-17 03:19:28', '2019-06-17 03:19:28', ''),
(77, 1, 'You prefer things/places to be neat and tidy.', 'cluster5', 'cluster5_d', 'Neat/Tidy/Orderly', 0, '2019-06-17 03:20:14', '2019-06-17 03:20:14', ''),
(78, 1, 'You prefer to work that is well organized.', 'cluster5', 'cluster5_t', 'Organized', 0, '2019-06-17 03:20:48', '2019-06-17 03:20:48', ''),
(79, 1, 'You are predictable and can depend on to do things.', 'cluster5', 'cluster5_d', 'Reliable/Responsible/Dependable', 0, '2019-06-17 03:21:20', '2019-06-17 03:21:20', ''),
(80, 1, 'You are careful and try to avoid potential problems.', 'cluster5', 'cluster5_d', 'Cautious/Conservative', 0, '2019-06-17 03:28:01', '2019-06-17 03:28:01', ''),
(81, 1, 'You take your own work very seriously.', 'cluster5', 'cluster5_d', 'Conscientious/Productive', 0, '2019-06-17 03:28:24', '2019-06-17 03:28:24', ''),
(82, 1, 'You pay attention to small details in work.', 'cluster5', 'cluster5_a', 'Detail-minded', 0, '2019-06-17 03:29:26', '2019-06-17 03:29:26', ''),
(83, 1, 'You are efficient in your work.', 'cluster5', 'cluster5_d', 'Efficient/Systematic', 0, '2019-06-17 03:29:44', '2019-06-17 03:29:44', ''),
(84, 1, 'You are often reflecting on your own ideas and thoughts in the past few months.', 'cluster5', 'cluster5_d', 'Introspective/Reflective', 0, '2019-06-17 03:30:05', '2019-06-17 03:30:05', ''),
(85, 1, 'You do not do things in an organized manner.', 'cluster5', 'cluster5_a', 'Plans methodically', 1, '2019-06-17 03:30:28', '2019-06-17 03:30:28', ''),
(86, 1, 'You like to develop and follow processes and procedures.', 'cluster5', 'cluster5_t', 'Process driven', 0, '2019-06-17 03:30:46', '2019-06-17 03:30:46', ''),
(87, 1, 'You are usually precise about what you want and strictly follow it in work.', 'cluster5', 'cluster5_a', 'Precise & exact', 0, '2019-06-17 03:31:02', '2019-06-17 03:31:02', ''),
(88, 1, 'You tend to be reserved, quiet, passive or even a bit shy.', 'cluster5', 'cluster5_d', 'Quiet/Reserved', 0, '2019-06-17 03:31:19', '2019-06-17 03:31:19', ''),
(89, 1, 'You like structured ways to work and find it easier to follow.', 'cluster5', 'cluster5_t', 'Likes things structured', 0, '2019-06-17 03:31:35', '2019-06-17 03:31:35', ''),
(90, 1, 'You tend to follow rules and procedures in work.', 'cluster5', 'cluster5_a', 'Compliant/Obedient', 0, '2019-06-17 03:31:50', '2019-06-17 03:31:50', ''),
(91, 1, 'You often take practical actions to deal with problems or situations.', 'cluster6', 'cluster6_t', 'Action-oriented', 0, '2019-06-17 03:32:07', '2019-06-17 03:32:07', ''),
(94, 1, 'You are hardworking and productive at work.', 'cluster6', 'cluster6_d', 'Hardworking/Industrious', 0, '2019-06-17 03:32:28', '2019-06-17 03:32:28', ''),
(96, 1, 'You focus on the tasks that need to be performed to meet goals.', 'cluster6', 'cluster6_d', 'Goal/Task Driven', 0, '2019-06-17 03:33:20', '2019-06-17 03:33:20', ''),
(97, 1, 'You like to be in control of situations.', 'cluster6', 'cluster6_t', 'Likes to be in control', 0, '2019-06-17 03:33:35', '2019-06-17 03:33:35', ''),
(98, 1, 'You hate calculations and you are bad with numbers.', 'cluster6', 'cluster6_a', 'Good with numbers', 1, '2019-06-17 03:34:05', '2019-06-17 03:34:05', ''),
(99, 1, 'You need to achieve things to motivate yourself.', 'cluster6', 'cluster6_d', 'Achievement-oriented', 0, '2019-06-17 03:34:22', '2019-06-17 03:34:22', ''),
(100, 1, 'You make reasonable judgment and well-thought out.', 'cluster6', 'cluster6_a', 'Critical thinker', 0, '2019-06-17 03:34:40', '2019-06-17 03:34:40', ''),
(101, 1, 'You are factual and logical.', 'cluster6', 'cluster6_a', 'Factual/Logical', 0, '2019-06-17 03:34:56', '2019-06-17 03:34:56', ''),
(102, 1, 'You are determined to succeed.', 'cluster6', 'cluster6_t', 'Ambitious/Aspirational', 0, '2019-06-17 03:35:18', '2019-06-17 03:35:18', ''),
(103, 1, 'You often investigate and evaluate situations.', 'cluster6', 'cluster6_a', 'Investigate/Analytical/Evaluative', 0, '2019-06-17 03:35:34', '2019-06-17 03:35:34', ''),
(104, 1, 'You are competitive and enjoy winning.', 'cluster6', 'cluster6_d', 'Competitive/Must win', 0, '2019-06-17 03:35:50', '2019-06-17 03:35:50', ''),
(105, 1, 'You are firm on your decisions.', 'cluster6', 'cluster6_t', 'Determine/Resolute', 0, '2019-06-17 03:36:05', '2019-06-17 03:36:05', ''),
(106, 1, 'You are serious and thoughtful in your manner.', 'cluster6', 'cluster6_t', 'Serious minded', 0, '2019-06-17 03:36:20', '2019-06-17 03:36:20', ''),
(107, 1, 'You are easily satisfied.', 'cluster6', 'cluster6_t', 'Demanding/Dominant', 1, '2019-06-17 03:36:42', '2019-06-17 03:36:42', ''),
(108, 1, 'You are influential and persuasive towards other people.', 'cluster6', 'cluster6_t', 'Influences/Persuasive', 0, '2019-06-17 03:36:58', '2019-06-17 03:36:58', ''),
(109, 1, 'You often initiate work or projects.', 'cluster6', 'cluster6_t', 'Initiator/Self-starter', 0, '2019-06-17 03:37:14', '2019-06-17 03:37:14', ''),
(110, 1, 'You are good in IT and programming.', 'cluster6', 'cluster6_a', 'Good with computer/IT', 0, '2019-06-17 03:37:29', '2019-06-17 03:37:29', ''),
(111, 1, 'You are independent and tend to seek autonomy.', 'cluster6', 'cluster6_d', 'Seeks autonomy', 0, '2019-06-17 03:37:44', '2019-06-17 03:37:44', ''),
(112, 1, 'You often think about the future for yourself and set a goal for yourself in the past few months.', 'cluster2', 'cluster2_a', 'Strategic thinking', 0, '2019-06-17 03:47:22', '2019-06-17 03:47:22', '');

-- --------------------------------------------------------

--
-- Table structure for table `q_answer`
--

CREATE TABLE `q_answer` (
  `id` int(10) UNSIGNED NOT NULL,
  `respondent_id` int(10) UNSIGNED NOT NULL,
  `question_id` int(10) UNSIGNED NOT NULL,
  `rating` int(11) NOT NULL,
  `created_at` timestamp NULL DEFAULT NULL,
  `updated_at` timestamp NULL DEFAULT NULL
) ENGINE=InnoDB DEFAULT CHARSET=utf8mb4 COLLATE=utf8mb4_unicode_ci;

--
-- Dumping data for table `q_answer`
--

INSERT INTO `q_answer` (`id`, `respondent_id`, `question_id`, `rating`, `created_at`, `updated_at`) VALUES
(341, 8, 2, 2, NULL, NULL),
(342, 8, 3, 4, NULL, NULL),
(343, 8, 4, 5, NULL, NULL),
(344, 8, 5, 6, NULL, NULL),
(345, 8, 6, 6, NULL, NULL),
(346, 8, 7, 5, NULL, NULL),
(347, 8, 8, 3, NULL, NULL),
(348, 8, 9, 6, NULL, NULL),
(349, 8, 10, 6, NULL, NULL),
(350, 8, 11, 6, NULL, NULL),
(351, 8, 12, 6, NULL, NULL),
(352, 8, 14, 2, NULL, NULL),
(353, 8, 15, 6, NULL, NULL),
(354, 8, 16, 6, NULL, NULL),
(355, 8, 17, 6, NULL, NULL),
(356, 8, 18, 6, NULL, NULL),
(357, 8, 19, 6, NULL, NULL),
(358, 8, 20, 5, NULL, NULL),
(359, 8, 21, 6, NULL, NULL),
(360, 8, 22, 6, NULL, NULL),
(361, 8, 23, 6, NULL, NULL),
(362, 8, 24, 2, NULL, NULL),
(363, 8, 25, 6, NULL, NULL),
(364, 8, 26, 1, NULL, NULL),
(365, 8, 27, 6, NULL, NULL),
(366, 8, 28, 6, NULL, NULL),
(367, 8, 29, 4, NULL, NULL),
(368, 8, 30, 6, NULL, NULL),
(369, 8, 31, 4, NULL, NULL),
(370, 8, 32, 5, NULL, NULL),
(371, 8, 33, 6, NULL, NULL),
(372, 8, 34, 6, NULL, NULL),
(373, 8, 35, 6, NULL, NULL),
(374, 8, 36, 6, NULL, NULL),
(375, 8, 37, 6, NULL, NULL),
(376, 8, 38, 6, NULL, NULL),
(377, 8, 39, 3, NULL, NULL),
(378, 8, 40, 6, NULL, NULL),
(379, 8, 41, 6, NULL, NULL),
(380, 8, 42, 6, NULL, NULL),
(381, 8, 43, 5, NULL, NULL),
(382, 8, 44, 4, NULL, NULL),
(383, 8, 45, 6, NULL, NULL),
(384, 8, 46, 1, NULL, NULL),
(385, 8, 47, 5, NULL, NULL),
(386, 8, 48, 6, NULL, NULL),
(387, 8, 49, 6, NULL, NULL),
(388, 8, 50, 6, NULL, NULL),
(389, 8, 51, 6, NULL, NULL),
(390, 8, 52, 1, NULL, NULL),
(391, 8, 53, 6, NULL, NULL),
(392, 8, 54, 6, NULL, NULL),
(393, 8, 55, 6, NULL, NULL),
(394, 8, 56, 6, NULL, NULL),
(395, 8, 57, 4, NULL, NULL),
(396, 8, 58, 6, NULL, NULL),
(397, 8, 59, 1, NULL, NULL),
(398, 8, 60, 6, NULL, NULL),
(399, 8, 61, 6, NULL, NULL),
(400, 8, 62, 6, NULL, NULL),
(401, 8, 63, 6, NULL, NULL),
(402, 8, 64, 6, NULL, NULL),
(403, 8, 65, 6, NULL, NULL),
(404, 8, 66, 1, NULL, NULL),
(405, 8, 67, 4, NULL, NULL),
(406, 8, 68, 6, NULL, NULL),
(407, 8, 69, 6, NULL, NULL),
(408, 8, 70, 6, NULL, NULL),
(409, 8, 71, 6, NULL, NULL),
(410, 8, 72, 4, NULL, NULL),
(411, 8, 73, 6, NULL, NULL),
(412, 8, 74, 6, NULL, NULL),
(413, 8, 75, 1, NULL, NULL),
(414, 8, 76, 6, NULL, NULL),
(415, 8, 77, 6, NULL, NULL),
(416, 8, 78, 6, NULL, NULL),
(417, 8, 79, 6, NULL, NULL),
(418, 8, 80, 6, NULL, NULL),
(419, 8, 81, 6, NULL, NULL),
(420, 8, 82, 6, NULL, NULL),
(421, 8, 83, 6, NULL, NULL),
(422, 8, 84, 6, NULL, NULL),
(423, 8, 85, 3, NULL, NULL),
(424, 8, 86, 3, NULL, NULL),
(425, 8, 87, 3, NULL, NULL),
(426, 8, 88, 2, NULL, NULL),
(427, 8, 89, 5, NULL, NULL),
(428, 8, 90, 2, NULL, NULL),
(429, 8, 91, 3, NULL, NULL),
(430, 8, 94, 4, NULL, NULL),
(431, 8, 96, 6, NULL, NULL),
(432, 8, 97, 6, NULL, NULL),
(433, 8, 98, 1, NULL, NULL),
(434, 8, 99, 6, NULL, NULL),
(435, 8, 100, 6, NULL, NULL),
(436, 8, 101, 6, NULL, NULL),
(437, 8, 102, 6, NULL, NULL),
(438, 8, 103, 6, NULL, NULL),
(439, 8, 104, 6, NULL, NULL),
(440, 8, 105, 4, NULL, NULL),
(441, 8, 106, 6, NULL, NULL),
(442, 8, 107, 3, NULL, NULL),
(443, 8, 108, 4, NULL, NULL),
(444, 8, 109, 5, NULL, NULL),
(445, 8, 110, 1, NULL, NULL),
(446, 8, 111, 4, NULL, NULL),
(447, 8, 112, 6, NULL, NULL),
(448, 9, 2, 2, NULL, NULL),
(449, 9, 3, 2, NULL, NULL),
(450, 9, 4, 5, NULL, NULL),
(451, 9, 5, 4, NULL, NULL),
(452, 9, 6, 5, NULL, NULL),
(453, 9, 7, 2, NULL, NULL),
(454, 9, 8, 2, NULL, NULL),
(455, 9, 9, 4, NULL, NULL),
(456, 9, 10, 5, NULL, NULL),
(457, 9, 11, 4, NULL, NULL),
(458, 9, 12, 5, NULL, NULL),
(459, 9, 13, 4, NULL, NULL),
(460, 9, 14, 2, NULL, NULL),
(461, 9, 15, 4, NULL, NULL),
(462, 9, 16, 5, NULL, NULL),
(463, 9, 17, 6, NULL, NULL),
(464, 9, 18, 6, NULL, NULL),
(465, 9, 19, 5, NULL, NULL),
(466, 9, 20, 6, NULL, NULL),
(467, 9, 21, 5, NULL, NULL),
(468, 9, 22, 6, NULL, NULL),
(469, 9, 23, 3, NULL, NULL),
(470, 9, 24, 3, NULL, NULL),
(471, 9, 25, 4, NULL, NULL),
(472, 9, 26, 1, NULL, NULL),
(473, 9, 27, 4, NULL, NULL),
(474, 9, 28, 4, NULL, NULL),
(475, 9, 29, 4, NULL, NULL),
(476, 9, 30, 5, NULL, NULL),
(477, 9, 31, 4, NULL, NULL),
(478, 9, 32, 2, NULL, NULL),
(479, 9, 33, 5, NULL, NULL),
(480, 9, 34, 3, NULL, NULL),
(481, 9, 35, 5, NULL, NULL),
(482, 9, 36, 4, NULL, NULL),
(483, 9, 37, 5, NULL, NULL),
(484, 9, 38, 4, NULL, NULL),
(485, 9, 39, 1, NULL, NULL),
(486, 9, 40, 4, NULL, NULL),
(487, 9, 41, 4, NULL, NULL),
(488, 9, 42, 6, NULL, NULL),
(489, 9, 43, 5, NULL, NULL),
(490, 9, 44, 3, NULL, NULL),
(491, 9, 45, 5, NULL, NULL),
(492, 9, 46, 5, NULL, NULL),
(493, 9, 47, 3, NULL, NULL),
(494, 9, 48, 5, NULL, NULL),
(495, 9, 49, 4, NULL, NULL),
(496, 9, 50, 4, NULL, NULL),
(497, 9, 51, 6, NULL, NULL),
(498, 9, 52, 2, NULL, NULL),
(499, 9, 53, 4, NULL, NULL),
(500, 9, 54, 4, NULL, NULL),
(501, 9, 55, 4, NULL, NULL),
(502, 9, 56, 4, NULL, NULL),
(503, 9, 57, 5, NULL, NULL),
(504, 9, 58, 5, NULL, NULL),
(505, 9, 59, 2, NULL, NULL),
(506, 9, 60, 5, NULL, NULL),
(507, 9, 61, 5, NULL, NULL),
(508, 9, 62, 5, NULL, NULL),
(509, 9, 63, 6, NULL, NULL),
(510, 9, 64, 5, NULL, NULL),
(511, 9, 65, 5, NULL, NULL),
(512, 9, 66, 3, NULL, NULL),
(513, 9, 67, 4, NULL, NULL),
(514, 9, 68, 3, NULL, NULL),
(515, 9, 69, 4, NULL, NULL),
(516, 9, 70, 5, NULL, NULL),
(517, 9, 71, 4, NULL, NULL),
(518, 9, 72, 6, NULL, NULL),
(519, 9, 73, 4, NULL, NULL),
(520, 9, 74, 2, NULL, NULL),
(521, 9, 75, 1, NULL, NULL),
(522, 9, 76, 3, NULL, NULL),
(523, 9, 77, 5, NULL, NULL),
(524, 9, 78, 4, NULL, NULL),
(525, 9, 79, 5, NULL, NULL),
(526, 9, 80, 4, NULL, NULL),
(527, 9, 81, 3, NULL, NULL),
(528, 9, 82, 4, NULL, NULL),
(529, 9, 83, 5, NULL, NULL),
(530, 9, 84, 4, NULL, NULL),
(531, 9, 85, 3, NULL, NULL),
(532, 9, 86, 2, NULL, NULL),
(533, 9, 87, 3, NULL, NULL),
(534, 9, 88, 3, NULL, NULL),
(535, 9, 89, 3, NULL, NULL),
(536, 9, 90, 2, NULL, NULL),
(537, 9, 91, 4, NULL, NULL),
(538, 9, 94, 3, NULL, NULL),
(539, 9, 96, 3, NULL, NULL),
(540, 9, 97, 6, NULL, NULL),
(541, 9, 98, 1, NULL, NULL),
(542, 9, 99, 5, NULL, NULL),
(543, 9, 100, 4, NULL, NULL),
(544, 9, 101, 3, NULL, NULL),
(545, 9, 102, 5, NULL, NULL),
(546, 9, 103, 6, NULL, NULL),
(547, 9, 104, 6, NULL, NULL),
(548, 9, 105, 4, NULL, NULL),
(549, 9, 106, 5, NULL, NULL),
(550, 9, 107, 2, NULL, NULL),
(551, 9, 108, 6, NULL, NULL),
(552, 9, 109, 4, NULL, NULL),
(553, 9, 110, 1, NULL, NULL),
(554, 9, 111, 4, NULL, NULL),
(555, 9, 112, 4, NULL, NULL),
(556, 9, 2, 2, NULL, NULL),
(557, 9, 3, 2, NULL, NULL),
(558, 9, 4, 5, NULL, NULL),
(559, 9, 5, 4, NULL, NULL),
(560, 9, 6, 5, NULL, NULL),
(561, 9, 7, 2, NULL, NULL),
(562, 9, 8, 2, NULL, NULL),
(563, 9, 9, 4, NULL, NULL),
(564, 9, 10, 5, NULL, NULL),
(565, 9, 11, 4, NULL, NULL),
(566, 9, 12, 5, NULL, NULL),
(567, 9, 13, 4, NULL, NULL),
(568, 9, 14, 2, NULL, NULL),
(569, 9, 15, 4, NULL, NULL),
(570, 9, 16, 5, NULL, NULL),
(571, 9, 17, 6, NULL, NULL),
(572, 9, 18, 6, NULL, NULL),
(573, 9, 19, 5, NULL, NULL),
(574, 9, 20, 6, NULL, NULL),
(575, 9, 21, 5, NULL, NULL),
(576, 9, 22, 6, NULL, NULL),
(577, 9, 23, 3, NULL, NULL),
(578, 9, 24, 3, NULL, NULL),
(579, 9, 25, 4, NULL, NULL),
(580, 9, 26, 1, NULL, NULL),
(581, 9, 27, 4, NULL, NULL),
(582, 9, 28, 4, NULL, NULL),
(583, 9, 29, 4, NULL, NULL),
(584, 9, 30, 5, NULL, NULL),
(585, 9, 31, 4, NULL, NULL),
(586, 9, 32, 2, NULL, NULL),
(587, 9, 33, 5, NULL, NULL),
(588, 9, 34, 3, NULL, NULL),
(589, 9, 35, 5, NULL, NULL),
(590, 9, 36, 4, NULL, NULL),
(591, 9, 37, 5, NULL, NULL),
(592, 9, 38, 4, NULL, NULL),
(593, 9, 39, 1, NULL, NULL),
(594, 9, 40, 4, NULL, NULL),
(595, 9, 41, 4, NULL, NULL),
(596, 9, 42, 6, NULL, NULL),
(597, 9, 43, 5, NULL, NULL),
(598, 9, 44, 3, NULL, NULL),
(599, 9, 45, 5, NULL, NULL),
(600, 9, 46, 5, NULL, NULL),
(601, 9, 47, 3, NULL, NULL),
(602, 9, 48, 5, NULL, NULL),
(603, 9, 49, 4, NULL, NULL),
(604, 9, 50, 4, NULL, NULL),
(605, 9, 51, 6, NULL, NULL),
(606, 9, 52, 2, NULL, NULL),
(607, 9, 53, 4, NULL, NULL),
(608, 9, 54, 4, NULL, NULL),
(609, 9, 55, 4, NULL, NULL),
(610, 9, 56, 4, NULL, NULL),
(611, 9, 57, 5, NULL, NULL),
(612, 9, 58, 5, NULL, NULL),
(613, 9, 59, 2, NULL, NULL),
(614, 9, 60, 5, NULL, NULL),
(615, 9, 61, 5, NULL, NULL),
(616, 9, 62, 5, NULL, NULL),
(617, 9, 63, 6, NULL, NULL),
(618, 9, 64, 5, NULL, NULL),
(619, 9, 65, 5, NULL, NULL),
(620, 9, 66, 3, NULL, NULL),
(621, 9, 67, 4, NULL, NULL),
(622, 9, 68, 3, NULL, NULL),
(623, 9, 69, 4, NULL, NULL),
(624, 9, 70, 5, NULL, NULL),
(625, 9, 71, 4, NULL, NULL),
(626, 9, 72, 6, NULL, NULL),
(627, 9, 73, 4, NULL, NULL),
(628, 9, 74, 2, NULL, NULL),
(629, 9, 75, 1, NULL, NULL),
(630, 9, 76, 3, NULL, NULL),
(631, 9, 77, 5, NULL, NULL),
(632, 9, 78, 4, NULL, NULL),
(633, 9, 79, 5, NULL, NULL),
(634, 9, 80, 4, NULL, NULL),
(635, 9, 81, 3, NULL, NULL),
(636, 9, 82, 4, NULL, NULL),
(637, 9, 83, 5, NULL, NULL),
(638, 9, 84, 4, NULL, NULL),
(639, 9, 85, 3, NULL, NULL),
(640, 9, 86, 2, NULL, NULL),
(641, 9, 87, 3, NULL, NULL),
(642, 9, 88, 3, NULL, NULL),
(643, 9, 89, 3, NULL, NULL),
(644, 9, 90, 2, NULL, NULL),
(645, 9, 91, 4, NULL, NULL),
(646, 9, 94, 3, NULL, NULL),
(647, 9, 96, 3, NULL, NULL),
(648, 9, 97, 6, NULL, NULL),
(649, 9, 98, 1, NULL, NULL),
(650, 9, 99, 5, NULL, NULL),
(651, 9, 100, 4, NULL, NULL),
(652, 9, 101, 3, NULL, NULL),
(653, 9, 102, 5, NULL, NULL),
(654, 9, 103, 6, NULL, NULL),
(655, 9, 104, 6, NULL, NULL),
(656, 9, 105, 4, NULL, NULL),
(657, 9, 106, 5, NULL, NULL),
(658, 9, 107, 2, NULL, NULL),
(659, 9, 108, 6, NULL, NULL),
(660, 9, 109, 4, NULL, NULL),
(661, 9, 110, 1, NULL, NULL),
(662, 9, 111, 4, NULL, NULL),
(663, 9, 112, 4, NULL, NULL),
(664, 11, 2, 2, NULL, NULL),
(665, 11, 3, 4, NULL, NULL),
(666, 11, 4, 5, NULL, NULL),
(667, 11, 5, 4, NULL, NULL),
(668, 11, 6, 5, NULL, NULL),
(669, 11, 7, 5, NULL, NULL),
(670, 11, 8, 2, NULL, NULL),
(671, 11, 9, 4, NULL, NULL),
(672, 11, 10, 4, NULL, NULL),
(673, 11, 11, 4, NULL, NULL),
(674, 11, 12, 5, NULL, NULL),
(675, 11, 13, 3, NULL, NULL),
(676, 11, 14, 3, NULL, NULL),
(677, 11, 15, 3, NULL, NULL),
(678, 11, 16, 5, NULL, NULL),
(679, 11, 17, 4, NULL, NULL),
(680, 11, 18, 5, NULL, NULL),
(681, 11, 19, 5, NULL, NULL),
(682, 11, 20, 4, NULL, NULL),
(683, 11, 21, 5, NULL, NULL),
(684, 11, 22, 5, NULL, NULL),
(685, 11, 23, 5, NULL, NULL),
(686, 11, 24, 2, NULL, NULL),
(687, 11, 25, 5, NULL, NULL),
(688, 11, 26, 2, NULL, NULL),
(689, 11, 27, 4, NULL, NULL),
(690, 11, 28, 2, NULL, NULL),
(691, 11, 29, 5, NULL, NULL),
(692, 11, 30, 4, NULL, NULL),
(693, 11, 31, 4, NULL, NULL),
(694, 11, 32, 2, NULL, NULL),
(695, 11, 33, 4, NULL, NULL),
(696, 11, 34, 4, NULL, NULL),
(697, 11, 35, 5, NULL, NULL),
(698, 11, 36, 4, NULL, NULL),
(699, 11, 37, 3, NULL, NULL),
(700, 11, 38, 5, NULL, NULL),
(701, 11, 39, 3, NULL, NULL),
(702, 11, 40, 3, NULL, NULL),
(703, 11, 41, 3, NULL, NULL),
(704, 11, 42, 3, NULL, NULL),
(705, 11, 43, 4, NULL, NULL),
(706, 11, 44, 5, NULL, NULL),
(707, 11, 45, 3, NULL, NULL),
(708, 11, 46, 3, NULL, NULL),
(709, 11, 47, 5, NULL, NULL),
(710, 11, 48, 5, NULL, NULL),
(711, 11, 49, 4, NULL, NULL),
(712, 11, 50, 5, NULL, NULL),
(713, 11, 51, 3, NULL, NULL),
(714, 11, 52, 3, NULL, NULL),
(715, 11, 53, 3, NULL, NULL),
(716, 11, 54, 3, NULL, NULL),
(717, 11, 55, 5, NULL, NULL),
(718, 11, 56, 5, NULL, NULL),
(719, 11, 57, 5, NULL, NULL),
(720, 11, 58, 5, NULL, NULL),
(721, 11, 59, 3, NULL, NULL),
(722, 11, 60, 3, NULL, NULL),
(723, 11, 61, 5, NULL, NULL),
(724, 11, 62, 4, NULL, NULL),
(725, 11, 63, 5, NULL, NULL),
(726, 11, 64, 4, NULL, NULL),
(727, 11, 65, 4, NULL, NULL),
(728, 11, 66, 3, NULL, NULL),
(729, 11, 67, 3, NULL, NULL),
(730, 11, 68, 5, NULL, NULL),
(731, 11, 69, 4, NULL, NULL),
(732, 11, 70, 5, NULL, NULL),
(733, 11, 71, 5, NULL, NULL),
(734, 11, 72, 5, NULL, NULL),
(735, 11, 73, 5, NULL, NULL),
(736, 11, 74, 5, NULL, NULL),
(737, 11, 75, 2, NULL, NULL),
(738, 11, 76, 4, NULL, NULL),
(739, 11, 77, 5, NULL, NULL),
(740, 11, 78, 5, NULL, NULL),
(741, 11, 79, 5, NULL, NULL),
(742, 11, 80, 3, NULL, NULL),
(743, 11, 81, 4, NULL, NULL),
(744, 11, 82, 3, NULL, NULL),
(745, 11, 83, 4, NULL, NULL),
(746, 11, 84, 4, NULL, NULL),
(747, 11, 85, 2, NULL, NULL),
(748, 11, 86, 4, NULL, NULL),
(749, 11, 87, 3, NULL, NULL),
(750, 11, 88, 4, NULL, NULL),
(751, 11, 89, 4, NULL, NULL),
(752, 11, 90, 4, NULL, NULL),
(753, 11, 91, 5, NULL, NULL),
(754, 11, 94, 4, NULL, NULL),
(755, 11, 96, 5, NULL, NULL),
(756, 11, 97, 5, NULL, NULL),
(757, 11, 98, 3, NULL, NULL),
(758, 11, 99, 5, NULL, NULL),
(759, 11, 100, 3, NULL, NULL),
(760, 11, 101, 4, NULL, NULL),
(761, 11, 102, 5, NULL, NULL),
(762, 11, 103, 4, NULL, NULL),
(763, 11, 104, 4, NULL, NULL),
(764, 11, 105, 5, NULL, NULL),
(765, 11, 106, 3, NULL, NULL),
(766, 11, 107, 2, NULL, NULL),
(767, 11, 108, 4, NULL, NULL),
(768, 11, 109, 4, NULL, NULL),
(769, 11, 110, 2, NULL, NULL),
(770, 11, 111, 5, NULL, NULL),
(771, 11, 112, 3, NULL, NULL),
(772, 12, 2, 2, NULL, NULL),
(773, 12, 3, 4, NULL, NULL),
(774, 12, 4, 5, NULL, NULL),
(775, 12, 5, 6, NULL, NULL),
(776, 12, 6, 5, NULL, NULL),
(777, 12, 7, 5, NULL, NULL),
(778, 12, 8, 2, NULL, NULL),
(779, 12, 9, 5, NULL, NULL),
(780, 12, 10, 5, NULL, NULL),
(781, 12, 11, 4, NULL, NULL),
(782, 12, 12, 6, NULL, NULL),
(783, 12, 13, 5, NULL, NULL),
(784, 12, 14, 2, NULL, NULL),
(785, 12, 15, 5, NULL, NULL),
(786, 12, 16, 4, NULL, NULL),
(787, 12, 17, 4, NULL, NULL),
(788, 12, 18, 6, NULL, NULL),
(789, 12, 19, 6, NULL, NULL),
(790, 12, 20, 4, NULL, NULL),
(791, 12, 21, 5, NULL, NULL),
(792, 12, 22, 3, NULL, NULL),
(793, 12, 23, 4, NULL, NULL),
(794, 12, 24, 2, NULL, NULL),
(795, 12, 25, 5, NULL, NULL),
(796, 12, 26, 2, NULL, NULL),
(797, 12, 27, 6, NULL, NULL),
(798, 12, 28, 5, NULL, NULL),
(799, 12, 29, 4, NULL, NULL),
(800, 12, 30, 5, NULL, NULL),
(801, 12, 31, 2, NULL, NULL),
(802, 12, 32, 4, NULL, NULL),
(803, 12, 33, 4, NULL, NULL),
(804, 12, 34, 5, NULL, NULL),
(805, 12, 35, 5, NULL, NULL),
(806, 12, 36, 6, NULL, NULL),
(807, 12, 37, 4, NULL, NULL),
(808, 12, 38, 4, NULL, NULL),
(809, 12, 39, 2, NULL, NULL),
(810, 12, 40, 2, NULL, NULL),
(811, 12, 41, 4, NULL, NULL),
(812, 12, 42, 4, NULL, NULL),
(813, 12, 43, 3, NULL, NULL),
(814, 12, 44, 3, NULL, NULL),
(815, 12, 45, 3, NULL, NULL),
(816, 12, 46, 4, NULL, NULL),
(817, 12, 47, 4, NULL, NULL),
(818, 12, 48, 4, NULL, NULL),
(819, 12, 49, 4, NULL, NULL),
(820, 12, 50, 4, NULL, NULL),
(821, 12, 51, 4, NULL, NULL),
(822, 12, 52, 3, NULL, NULL),
(823, 12, 53, 5, NULL, NULL),
(824, 12, 54, 5, NULL, NULL),
(825, 12, 55, 5, NULL, NULL),
(826, 12, 56, 5, NULL, NULL),
(827, 12, 57, 6, NULL, NULL),
(828, 12, 58, 4, NULL, NULL),
(829, 12, 59, 2, NULL, NULL),
(830, 12, 60, 3, NULL, NULL),
(831, 12, 61, 4, NULL, NULL),
(832, 12, 62, 4, NULL, NULL),
(833, 12, 63, 5, NULL, NULL),
(834, 12, 64, 5, NULL, NULL),
(835, 12, 65, 3, NULL, NULL),
(836, 12, 66, 2, NULL, NULL),
(837, 12, 67, 5, NULL, NULL),
(838, 12, 68, 5, NULL, NULL),
(839, 12, 69, 5, NULL, NULL),
(840, 12, 70, 4, NULL, NULL),
(841, 12, 71, 4, NULL, NULL),
(842, 12, 72, 5, NULL, NULL),
(843, 12, 73, 5, NULL, NULL),
(844, 12, 74, 5, NULL, NULL),
(845, 12, 75, 2, NULL, NULL),
(846, 12, 76, 5, NULL, NULL),
(847, 12, 77, 4, NULL, NULL),
(848, 12, 78, 5, NULL, NULL),
(849, 12, 79, 5, NULL, NULL),
(850, 12, 80, 4, NULL, NULL),
(851, 12, 81, 5, NULL, NULL),
(852, 12, 82, 5, NULL, NULL),
(853, 12, 83, 5, NULL, NULL),
(854, 12, 84, 4, NULL, NULL),
(855, 12, 85, 1, NULL, NULL),
(856, 12, 86, 4, NULL, NULL),
(857, 12, 87, 5, NULL, NULL),
(858, 12, 88, 4, NULL, NULL),
(859, 12, 89, 5, NULL, NULL),
(860, 12, 90, 4, NULL, NULL),
(861, 12, 91, 5, NULL, NULL),
(862, 12, 94, 5, NULL, NULL),
(863, 12, 96, 5, NULL, NULL),
(864, 12, 97, 4, NULL, NULL),
(865, 12, 98, 2, NULL, NULL),
(866, 12, 99, 5, NULL, NULL),
(867, 12, 100, 5, NULL, NULL),
(868, 12, 101, 5, NULL, NULL),
(869, 12, 102, 5, NULL, NULL),
(870, 12, 103, 5, NULL, NULL),
(871, 12, 104, 4, NULL, NULL),
(872, 12, 105, 5, NULL, NULL),
(873, 12, 106, 5, NULL, NULL),
(874, 12, 107, 2, NULL, NULL),
(875, 12, 108, 3, NULL, NULL),
(876, 12, 109, 5, NULL, NULL),
(877, 12, 110, 5, NULL, NULL),
(878, 12, 111, 5, NULL, NULL),
(879, 12, 112, 5, NULL, NULL),
(880, 13, 2, 2, NULL, NULL),
(881, 13, 3, 5, NULL, NULL),
(882, 13, 4, 5, NULL, NULL),
(883, 13, 5, 5, NULL, NULL),
(884, 13, 6, 6, NULL, NULL),
(885, 13, 7, 3, NULL, NULL),
(886, 13, 8, 3, NULL, NULL),
(887, 13, 9, 6, NULL, NULL),
(888, 13, 10, 5, NULL, NULL),
(889, 13, 11, 4, NULL, NULL),
(890, 13, 12, 5, NULL, NULL),
(891, 13, 13, 5, NULL, NULL),
(892, 13, 14, 2, NULL, NULL),
(893, 13, 15, 5, NULL, NULL),
(894, 13, 16, 5, NULL, NULL),
(895, 13, 17, 6, NULL, NULL),
(896, 13, 18, 5, NULL, NULL),
(897, 13, 19, 4, NULL, NULL),
(898, 13, 20, 5, NULL, NULL),
(899, 13, 21, 5, NULL, NULL),
(900, 13, 22, 5, NULL, NULL),
(901, 13, 23, 5, NULL, NULL),
(902, 13, 24, 2, NULL, NULL),
(903, 13, 25, 4, NULL, NULL),
(904, 13, 26, 2, NULL, NULL),
(905, 13, 27, 6, NULL, NULL),
(906, 13, 28, 6, NULL, NULL),
(907, 13, 29, 6, NULL, NULL),
(908, 13, 30, 5, NULL, NULL),
(909, 13, 31, 4, NULL, NULL),
(910, 13, 32, 4, NULL, NULL),
(911, 13, 33, 5, NULL, NULL),
(912, 13, 34, 5, NULL, NULL),
(913, 13, 35, 5, NULL, NULL),
(914, 13, 36, 5, NULL, NULL),
(915, 13, 37, 4, NULL, NULL),
(916, 13, 38, 5, NULL, NULL),
(917, 13, 39, 2, NULL, NULL),
(918, 13, 40, 4, NULL, NULL),
(919, 13, 41, 4, NULL, NULL),
(920, 13, 42, 4, NULL, NULL),
(921, 13, 43, 4, NULL, NULL),
(922, 13, 44, 5, NULL, NULL),
(923, 13, 45, 6, NULL, NULL),
(924, 13, 46, 4, NULL, NULL),
(925, 13, 47, 4, NULL, NULL),
(926, 13, 48, 4, NULL, NULL),
(927, 13, 49, 5, NULL, NULL),
(928, 13, 50, 5, NULL, NULL),
(929, 13, 51, 5, NULL, NULL),
(930, 13, 52, 3, NULL, NULL),
(931, 13, 53, 5, NULL, NULL),
(932, 13, 54, 5, NULL, NULL),
(933, 13, 55, 5, NULL, NULL),
(934, 13, 56, 5, NULL, NULL),
(935, 13, 57, 5, NULL, NULL),
(936, 13, 58, 4, NULL, NULL),
(937, 13, 59, 2, NULL, NULL),
(938, 13, 60, 4, NULL, NULL),
(939, 13, 61, 5, NULL, NULL),
(940, 13, 62, 5, NULL, NULL),
(941, 13, 63, 6, NULL, NULL),
(942, 13, 64, 5, NULL, NULL),
(943, 13, 65, 5, NULL, NULL),
(944, 13, 66, 2, NULL, NULL),
(945, 13, 67, 5, NULL, NULL),
(946, 13, 68, 5, NULL, NULL),
(947, 13, 69, 4, NULL, NULL),
(948, 13, 70, 5, NULL, NULL),
(949, 13, 71, 5, NULL, NULL),
(950, 13, 72, 5, NULL, NULL),
(951, 13, 73, 5, NULL, NULL),
(952, 13, 74, 4, NULL, NULL),
(953, 13, 75, 1, NULL, NULL),
(954, 13, 76, 5, NULL, NULL),
(955, 13, 77, 4, NULL, NULL),
(956, 13, 78, 4, NULL, NULL),
(957, 13, 79, 5, NULL, NULL),
(958, 13, 80, 4, NULL, NULL),
(959, 13, 81, 5, NULL, NULL),
(960, 13, 82, 4, NULL, NULL),
(961, 13, 83, 4, NULL, NULL),
(962, 13, 84, 6, NULL, NULL),
(963, 13, 85, 3, NULL, NULL),
(964, 13, 86, 4, NULL, NULL),
(965, 13, 87, 5, NULL, NULL),
(966, 13, 88, 3, NULL, NULL),
(967, 13, 89, 4, NULL, NULL),
(968, 13, 90, 4, NULL, NULL),
(969, 13, 91, 4, NULL, NULL),
(970, 13, 94, 4, NULL, NULL),
(971, 13, 96, 4, NULL, NULL),
(972, 13, 97, 5, NULL, NULL),
(973, 13, 98, 3, NULL, NULL),
(974, 13, 99, 5, NULL, NULL),
(975, 13, 100, 5, NULL, NULL),
(976, 13, 101, 4, NULL, NULL),
(977, 13, 102, 5, NULL, NULL),
(978, 13, 103, 5, NULL, NULL),
(979, 13, 104, 4, NULL, NULL),
(980, 13, 105, 4, NULL, NULL),
(981, 13, 106, 4, NULL, NULL),
(982, 13, 107, 3, NULL, NULL),
(983, 13, 108, 5, NULL, NULL),
(984, 13, 109, 5, NULL, NULL),
(985, 13, 110, 4, NULL, NULL),
(986, 13, 111, 5, NULL, NULL),
(987, 13, 112, 6, NULL, NULL),
(988, 14, 2, 1, NULL, NULL),
(989, 14, 3, 2, NULL, NULL),
(990, 14, 4, 2, NULL, NULL),
(991, 14, 5, 2, NULL, NULL),
(992, 14, 6, 1, NULL, NULL),
(993, 14, 7, 1, NULL, NULL),
(994, 14, 8, 3, NULL, NULL),
(995, 14, 9, 2, NULL, NULL),
(996, 14, 10, 1, NULL, NULL),
(997, 14, 11, 1, NULL, NULL),
(998, 14, 12, 1, NULL, NULL),
(999, 14, 13, 1, NULL, NULL),
(1000, 14, 14, 1, NULL, NULL),
(1001, 14, 15, 1, NULL, NULL),
(1002, 14, 16, 1, NULL, NULL),
(1003, 14, 17, 1, NULL, NULL),
(1004, 14, 18, 1, NULL, NULL),
(1005, 14, 19, 1, NULL, NULL),
(1006, 14, 20, 1, NULL, NULL),
(1007, 14, 21, 1, NULL, NULL),
(1008, 14, 22, 1, NULL, NULL),
(1009, 14, 23, 1, NULL, NULL),
(1010, 14, 24, 1, NULL, NULL),
(1011, 14, 25, 1, NULL, NULL),
(1012, 14, 26, 3, NULL, NULL),
(1013, 14, 27, 3, NULL, NULL),
(1014, 14, 28, 1, NULL, NULL),
(1015, 14, 29, 2, NULL, NULL),
(1016, 14, 30, 2, NULL, NULL),
(1017, 14, 31, 1, NULL, NULL),
(1018, 14, 32, 2, NULL, NULL),
(1019, 14, 33, 1, NULL, NULL),
(1020, 14, 34, 1, NULL, NULL),
(1021, 14, 35, 1, NULL, NULL),
(1022, 14, 36, 1, NULL, NULL),
(1023, 14, 37, 1, NULL, NULL),
(1024, 14, 38, 1, NULL, NULL),
(1025, 14, 39, 1, NULL, NULL),
(1026, 14, 40, 1, NULL, NULL),
(1027, 14, 41, 1, NULL, NULL),
(1028, 14, 42, 1, NULL, NULL),
(1029, 14, 43, 1, NULL, NULL),
(1030, 14, 44, 1, NULL, NULL),
(1031, 14, 45, 1, NULL, NULL),
(1032, 14, 46, 3, NULL, NULL),
(1033, 14, 47, 1, NULL, NULL),
(1034, 14, 48, 3, NULL, NULL),
(1035, 14, 49, 1, NULL, NULL),
(1036, 14, 50, 1, NULL, NULL),
(1037, 14, 51, 1, NULL, NULL),
(1038, 14, 52, 3, NULL, NULL),
(1039, 14, 53, 5, NULL, NULL),
(1040, 14, 54, 1, NULL, NULL),
(1041, 14, 55, 1, NULL, NULL),
(1042, 14, 57, 3, NULL, NULL),
(1043, 14, 58, 1, NULL, NULL),
(1044, 14, 59, 3, NULL, NULL),
(1045, 14, 60, 1, NULL, NULL),
(1046, 14, 61, 1, NULL, NULL),
(1047, 14, 62, 1, NULL, NULL),
(1048, 14, 63, 1, NULL, NULL),
(1049, 14, 64, 1, NULL, NULL),
(1050, 14, 65, 1, NULL, NULL),
(1051, 14, 66, 3, NULL, NULL),
(1052, 14, 67, 1, NULL, NULL),
(1053, 14, 68, 1, NULL, NULL),
(1054, 14, 69, 3, NULL, NULL),
(1055, 14, 70, 1, NULL, NULL),
(1056, 14, 71, 1, NULL, NULL),
(1057, 14, 72, 1, NULL, NULL),
(1058, 14, 73, 1, NULL, NULL),
(1059, 14, 74, 1, NULL, NULL),
(1060, 14, 75, 3, NULL, NULL),
(1061, 14, 76, 1, NULL, NULL),
(1062, 14, 77, 1, NULL, NULL),
(1063, 14, 78, 1, NULL, NULL),
(1064, 14, 79, 1, NULL, NULL),
(1065, 14, 80, 1, NULL, NULL),
(1066, 14, 81, 1, NULL, NULL),
(1067, 14, 83, 1, NULL, NULL),
(1068, 14, 84, 1, NULL, NULL),
(1069, 14, 85, 3, NULL, NULL),
(1070, 14, 86, 1, NULL, NULL),
(1071, 14, 87, 1, NULL, NULL),
(1072, 14, 88, 1, NULL, NULL),
(1073, 14, 89, 1, NULL, NULL),
(1074, 14, 90, 1, NULL, NULL),
(1075, 14, 91, 1, NULL, NULL),
(1076, 14, 94, 1, NULL, NULL),
(1077, 14, 96, 1, NULL, NULL),
(1078, 14, 97, 1, NULL, NULL),
(1079, 14, 98, 3, NULL, NULL),
(1080, 14, 99, 1, NULL, NULL),
(1081, 14, 100, 1, NULL, NULL),
(1082, 14, 101, 1, NULL, NULL),
(1083, 14, 102, 1, NULL, NULL),
(1084, 14, 103, 1, NULL, NULL),
(1085, 14, 104, 1, NULL, NULL),
(1086, 14, 105, 1, NULL, NULL),
(1087, 14, 106, 1, NULL, NULL),
(1088, 14, 107, 3, NULL, NULL),
(1089, 14, 108, 1, NULL, NULL),
(1090, 14, 109, 1, NULL, NULL),
(1091, 14, 110, 6, NULL, NULL),
(1092, 14, 111, 1, NULL, NULL),
(1093, 14, 112, 1, NULL, NULL),
(1094, 15, 2, 2, NULL, NULL),
(1095, 15, 3, 3, NULL, NULL),
(1096, 15, 4, 2, NULL, NULL),
(1097, 15, 5, 5, NULL, NULL),
(1098, 15, 6, 3, NULL, NULL),
(1099, 15, 7, 6, NULL, NULL),
(1100, 15, 8, 3, NULL, NULL),
(1101, 15, 9, 5, NULL, NULL),
(1102, 15, 10, 4, NULL, NULL),
(1103, 15, 11, 3, NULL, NULL),
(1104, 15, 12, 5, NULL, NULL),
(1105, 15, 13, 5, NULL, NULL),
(1106, 15, 14, 1, NULL, NULL),
(1107, 15, 15, 4, NULL, NULL),
(1108, 15, 16, 4, NULL, NULL),
(1109, 15, 17, 3, NULL, NULL),
(1110, 15, 18, 5, NULL, NULL),
(1111, 15, 19, 4, NULL, NULL),
(1112, 15, 20, 3, NULL, NULL),
(1113, 15, 21, 5, NULL, NULL),
(1114, 15, 22, 6, NULL, NULL),
(1115, 15, 23, 6, NULL, NULL),
(1116, 15, 24, 1, NULL, NULL),
(1117, 15, 25, 4, NULL, NULL),
(1118, 15, 26, 2, NULL, NULL),
(1119, 15, 27, 4, NULL, NULL),
(1120, 15, 28, 4, NULL, NULL),
(1121, 15, 29, 5, NULL, NULL),
(1122, 15, 30, 5, NULL, NULL),
(1123, 15, 31, 3, NULL, NULL),
(1124, 15, 32, 1, NULL, NULL),
(1125, 15, 33, 5, NULL, NULL),
(1126, 15, 34, 5, NULL, NULL),
(1127, 15, 35, 5, NULL, NULL),
(1128, 15, 36, 4, NULL, NULL),
(1129, 15, 37, 4, NULL, NULL),
(1130, 15, 38, 3, NULL, NULL),
(1131, 15, 39, 3, NULL, NULL),
(1132, 15, 40, 4, NULL, NULL),
(1133, 15, 41, 4, NULL, NULL),
(1134, 15, 42, 2, NULL, NULL),
(1135, 15, 43, 3, NULL, NULL),
(1136, 15, 44, 5, NULL, NULL),
(1137, 15, 45, 4, NULL, NULL),
(1138, 15, 46, 2, NULL, NULL),
(1139, 15, 47, 4, NULL, NULL),
(1140, 15, 48, 3, NULL, NULL),
(1141, 15, 49, 4, NULL, NULL),
(1142, 15, 50, 4, NULL, NULL),
(1143, 15, 51, 4, NULL, NULL),
(1144, 15, 52, 3, NULL, NULL),
(1145, 15, 53, 3, NULL, NULL),
(1146, 15, 54, 3, NULL, NULL),
(1147, 15, 55, 4, NULL, NULL),
(1148, 15, 56, 4, NULL, NULL),
(1149, 15, 57, 5, NULL, NULL),
(1150, 15, 58, 3, NULL, NULL),
(1151, 15, 59, 3, NULL, NULL),
(1152, 15, 60, 3, NULL, NULL),
(1153, 15, 61, 4, NULL, NULL),
(1154, 15, 62, 3, NULL, NULL),
(1155, 15, 63, 6, NULL, NULL),
(1156, 15, 64, 3, NULL, NULL),
(1157, 15, 65, 3, NULL, NULL),
(1158, 15, 66, 2, NULL, NULL),
(1159, 15, 67, 3, NULL, NULL),
(1160, 15, 68, 4, NULL, NULL),
(1161, 15, 69, 2, NULL, NULL),
(1162, 15, 70, 4, NULL, NULL),
(1163, 15, 71, 3, NULL, NULL),
(1164, 15, 72, 5, NULL, NULL),
(1165, 15, 73, 4, NULL, NULL),
(1166, 15, 74, 5, NULL, NULL),
(1167, 15, 75, 3, NULL, NULL),
(1168, 15, 76, 5, NULL, NULL),
(1169, 15, 77, 6, NULL, NULL),
(1170, 15, 78, 6, NULL, NULL),
(1171, 15, 79, 6, NULL, NULL),
(1172, 15, 80, 5, NULL, NULL),
(1173, 15, 81, 6, NULL, NULL),
(1174, 15, 82, 5, NULL, NULL),
(1175, 15, 83, 6, NULL, NULL),
(1176, 15, 84, 5, NULL, NULL),
(1177, 15, 85, 1, NULL, NULL),
(1178, 15, 86, 6, NULL, NULL),
(1179, 15, 87, 6, NULL, NULL),
(1180, 15, 88, 5, NULL, NULL),
(1181, 15, 89, 6, NULL, NULL),
(1182, 15, 90, 6, NULL, NULL),
(1183, 15, 91, 6, NULL, NULL),
(1184, 15, 94, 6, NULL, NULL),
(1185, 15, 96, 6, NULL, NULL),
(1186, 15, 97, 4, NULL, NULL),
(1187, 15, 98, 1, NULL, NULL),
(1188, 15, 99, 6, NULL, NULL),
(1189, 15, 100, 6, NULL, NULL),
(1190, 15, 101, 6, NULL, NULL),
(1191, 15, 102, 6, NULL, NULL),
(1192, 15, 103, 6, NULL, NULL),
(1193, 15, 104, 6, NULL, NULL),
(1194, 15, 105, 5, NULL, NULL),
(1195, 15, 106, 5, NULL, NULL),
(1196, 15, 107, 3, NULL, NULL),
(1197, 15, 108, 4, NULL, NULL),
(1198, 15, 109, 6, NULL, NULL),
(1199, 15, 110, 5, NULL, NULL),
(1200, 15, 111, 5, NULL, NULL),
(1201, 15, 112, 5, NULL, NULL),
(1202, 16, 2, 2, NULL, NULL),
(1203, 16, 3, 6, NULL, NULL),
(1204, 16, 4, 6, NULL, NULL),
(1205, 16, 5, 4, NULL, NULL),
(1206, 16, 6, 6, NULL, NULL),
(1207, 16, 7, 4, NULL, NULL),
(1208, 16, 8, 3, NULL, NULL),
(1209, 16, 9, 6, NULL, NULL),
(1210, 16, 10, 5, NULL, NULL),
(1211, 16, 11, 6, NULL, NULL),
(1212, 16, 12, 5, NULL, NULL),
(1213, 16, 13, 4, NULL, NULL),
(1214, 16, 14, 1, NULL, NULL),
(1215, 16, 15, 3, NULL, NULL),
(1216, 16, 16, 6, NULL, NULL),
(1217, 16, 17, 6, NULL, NULL),
(1218, 16, 18, 6, NULL, NULL),
(1219, 16, 19, 5, NULL, NULL),
(1220, 16, 20, 4, NULL, NULL),
(1221, 16, 21, 6, NULL, NULL),
(1222, 16, 22, 6, NULL, NULL),
(1223, 16, 23, 6, NULL, NULL),
(1224, 16, 24, 2, NULL, NULL),
(1225, 16, 25, 5, NULL, NULL),
(1226, 16, 26, 1, NULL, NULL),
(1227, 16, 27, 5, NULL, NULL),
(1228, 16, 28, 5, NULL, NULL),
(1229, 16, 29, 5, NULL, NULL),
(1230, 16, 30, 6, NULL, NULL),
(1231, 16, 31, 6, NULL, NULL),
(1232, 16, 32, 2, NULL, NULL),
(1233, 16, 33, 5, NULL, NULL),
(1234, 16, 34, 6, NULL, NULL),
(1235, 16, 35, 5, NULL, NULL),
(1236, 16, 36, 5, NULL, NULL),
(1237, 16, 37, 6, NULL, NULL),
(1238, 16, 38, 5, NULL, NULL),
(1239, 16, 39, 1, NULL, NULL),
(1240, 16, 40, 5, NULL, NULL),
(1241, 16, 41, 5, NULL, NULL),
(1242, 16, 42, 6, NULL, NULL),
(1243, 16, 43, 4, NULL, NULL),
(1244, 16, 44, 6, NULL, NULL),
(1245, 16, 45, 5, NULL, NULL),
(1246, 16, 46, 6, NULL, NULL),
(1247, 16, 47, 5, NULL, NULL),
(1248, 16, 48, 5, NULL, NULL),
(1249, 16, 49, 5, NULL, NULL),
(1250, 16, 50, 6, NULL, NULL),
(1251, 16, 51, 6, NULL, NULL),
(1252, 16, 52, 1, NULL, NULL),
(1253, 16, 53, 5, NULL, NULL),
(1254, 16, 54, 5, NULL, NULL),
(1255, 16, 55, 6, NULL, NULL),
(1256, 16, 56, 5, NULL, NULL),
(1257, 16, 57, 5, NULL, NULL),
(1258, 16, 58, 5, NULL, NULL),
(1259, 16, 59, 1, NULL, NULL),
(1260, 16, 60, 5, NULL, NULL),
(1261, 16, 61, 5, NULL, NULL),
(1262, 16, 62, 6, NULL, NULL),
(1263, 16, 63, 5, NULL, NULL),
(1264, 16, 64, 6, NULL, NULL),
(1265, 16, 65, 6, NULL, NULL),
(1266, 16, 66, 1, NULL, NULL),
(1267, 16, 67, 5, NULL, NULL),
(1268, 16, 68, 5, NULL, NULL),
(1269, 16, 69, 4, NULL, NULL),
(1270, 16, 70, 4, NULL, NULL),
(1271, 16, 71, 6, NULL, NULL),
(1272, 16, 72, 5, NULL, NULL),
(1273, 16, 73, 5, NULL, NULL),
(1274, 16, 74, 4, NULL, NULL),
(1275, 16, 75, 1, NULL, NULL),
(1276, 16, 76, 5, NULL, NULL),
(1277, 16, 77, 5, NULL, NULL),
(1278, 16, 78, 5, NULL, NULL),
(1279, 16, 79, 5, NULL, NULL),
(1280, 16, 80, 4, NULL, NULL),
(1281, 16, 81, 5, NULL, NULL),
(1282, 16, 82, 4, NULL, NULL),
(1283, 16, 83, 5, NULL, NULL),
(1284, 16, 84, 4, NULL, NULL),
(1285, 16, 85, 2, NULL, NULL),
(1286, 16, 86, 4, NULL, NULL),
(1287, 16, 87, 2, NULL, NULL),
(1288, 16, 88, 1, NULL, NULL),
(1289, 16, 89, 3, NULL, NULL),
(1290, 16, 90, 4, NULL, NULL),
(1291, 16, 91, 5, NULL, NULL),
(1292, 16, 94, 5, NULL, NULL),
(1293, 16, 96, 4, NULL, NULL),
(1294, 16, 97, 5, NULL, NULL),
(1295, 16, 98, 1, NULL, NULL),
(1296, 16, 99, 5, NULL, NULL),
(1297, 16, 100, 4, NULL, NULL),
(1298, 16, 101, 4, NULL, NULL),
(1299, 16, 102, 6, NULL, NULL),
(1300, 16, 103, 4, NULL, NULL),
(1301, 16, 104, 6, NULL, NULL),
(1302, 16, 105, 5, NULL, NULL),
(1303, 16, 106, 3, NULL, NULL),
(1304, 16, 107, 3, NULL, NULL),
(1305, 16, 108, 6, NULL, NULL),
(1306, 16, 109, 6, NULL, NULL),
(1307, 16, 110, 1, NULL, NULL),
(1308, 16, 111, 6, NULL, NULL),
(1309, 16, 112, 5, NULL, NULL),
(1310, 17, 2, 2, NULL, NULL),
(1311, 17, 3, 3, NULL, NULL),
(1312, 17, 4, 4, NULL, NULL),
(1313, 17, 5, 5, NULL, NULL),
(1314, 17, 6, 5, NULL, NULL),
(1315, 17, 7, 5, NULL, NULL),
(1316, 17, 8, 3, NULL, NULL),
(1317, 17, 9, 4, NULL, NULL),
(1318, 17, 10, 5, NULL, NULL),
(1319, 17, 11, 3, NULL, NULL),
(1320, 17, 12, 4, NULL, NULL),
(1321, 17, 13, 3, NULL, NULL),
(1322, 17, 14, 2, NULL, NULL),
(1323, 17, 15, 4, NULL, NULL),
(1324, 17, 16, 4, NULL, NULL),
(1325, 17, 17, 4, NULL, NULL),
(1326, 17, 18, 3, NULL, NULL),
(1327, 17, 19, 4, NULL, NULL),
(1328, 17, 20, 3, NULL, NULL),
(1329, 17, 21, 4, NULL, NULL),
(1330, 17, 22, 4, NULL, NULL),
(1331, 17, 23, 5, NULL, NULL),
(1332, 17, 24, 3, NULL, NULL),
(1333, 17, 25, 3, NULL, NULL),
(1334, 17, 26, 3, NULL, NULL),
(1335, 17, 27, 4, NULL, NULL),
(1336, 17, 28, 3, NULL, NULL),
(1337, 17, 29, 4, NULL, NULL),
(1338, 17, 30, 3, NULL, NULL),
(1339, 17, 31, 5, NULL, NULL),
(1340, 17, 32, 6, NULL, NULL),
(1341, 17, 33, 5, NULL, NULL),
(1342, 17, 34, 3, NULL, NULL),
(1343, 17, 35, 4, NULL, NULL),
(1344, 17, 36, 4, NULL, NULL),
(1345, 17, 37, 3, NULL, NULL),
(1346, 17, 38, 4, NULL, NULL),
(1347, 17, 39, 3, NULL, NULL),
(1348, 17, 40, 3, NULL, NULL),
(1349, 17, 41, 3, NULL, NULL),
(1350, 17, 42, 3, NULL, NULL),
(1351, 17, 43, 3, NULL, NULL),
(1352, 17, 44, 3, NULL, NULL),
(1353, 17, 45, 4, NULL, NULL),
(1354, 17, 46, 3, NULL, NULL),
(1355, 17, 47, 3, NULL, NULL),
(1356, 17, 48, 3, NULL, NULL),
(1357, 17, 49, 3, NULL, NULL),
(1358, 17, 50, 3, NULL, NULL),
(1359, 17, 51, 3, NULL, NULL),
(1360, 17, 52, 3, NULL, NULL),
(1361, 17, 53, 3, NULL, NULL),
(1362, 17, 54, 3, NULL, NULL),
(1363, 17, 55, 3, NULL, NULL),
(1364, 17, 56, 3, NULL, NULL),
(1365, 17, 57, 3, NULL, NULL),
(1366, 17, 58, 3, NULL, NULL),
(1367, 17, 59, 3, NULL, NULL),
(1368, 17, 60, 3, NULL, NULL),
(1369, 17, 61, 3, NULL, NULL),
(1370, 17, 62, 3, NULL, NULL),
(1371, 17, 63, 3, NULL, NULL),
(1372, 17, 64, 3, NULL, NULL),
(1373, 17, 65, 3, NULL, NULL),
(1374, 17, 66, 3, NULL, NULL),
(1375, 17, 67, 3, NULL, NULL),
(1376, 17, 68, 3, NULL, NULL),
(1377, 17, 69, 3, NULL, NULL),
(1378, 17, 70, 3, NULL, NULL),
(1379, 17, 71, 3, NULL, NULL),
(1380, 17, 72, 3, NULL, NULL),
(1381, 17, 73, 3, NULL, NULL),
(1382, 17, 74, 3, NULL, NULL),
(1383, 17, 75, 3, NULL, NULL),
(1384, 17, 76, 3, NULL, NULL),
(1385, 17, 77, 3, NULL, NULL),
(1386, 17, 78, 3, NULL, NULL),
(1387, 17, 79, 3, NULL, NULL),
(1388, 17, 80, 3, NULL, NULL),
(1389, 17, 81, 3, NULL, NULL),
(1390, 17, 82, 3, NULL, NULL),
(1391, 17, 83, 3, NULL, NULL),
(1392, 17, 84, 3, NULL, NULL),
(1393, 17, 85, 3, NULL, NULL),
(1394, 17, 86, 3, NULL, NULL),
(1395, 17, 87, 3, NULL, NULL),
(1396, 17, 88, 3, NULL, NULL),
(1397, 17, 89, 3, NULL, NULL),
(1398, 17, 90, 3, NULL, NULL),
(1399, 17, 91, 3, NULL, NULL),
(1400, 17, 94, 3, NULL, NULL),
(1401, 17, 96, 3, NULL, NULL),
(1402, 17, 97, 3, NULL, NULL),
(1403, 17, 98, 2, NULL, NULL),
(1404, 17, 99, 3, NULL, NULL),
(1405, 17, 100, 3, NULL, NULL),
(1406, 17, 101, 3, NULL, NULL),
(1407, 17, 102, 3, NULL, NULL),
(1408, 17, 103, 3, NULL, NULL),
(1409, 17, 104, 3, NULL, NULL),
(1410, 17, 105, 3, NULL, NULL),
(1411, 17, 106, 3, NULL, NULL),
(1412, 17, 107, 2, NULL, NULL),
(1413, 17, 108, 3, NULL, NULL),
(1414, 17, 109, 3, NULL, NULL),
(1415, 17, 110, 3, NULL, NULL),
(1416, 17, 111, 3, NULL, NULL),
(1417, 17, 112, 3, NULL, NULL),
(1418, 18, 2, 1, NULL, NULL),
(1419, 18, 3, 5, NULL, NULL),
(1420, 18, 4, 6, NULL, NULL),
(1421, 18, 5, 6, NULL, NULL),
(1422, 18, 6, 4, NULL, NULL),
(1423, 18, 7, 5, NULL, NULL),
(1424, 18, 8, 1, NULL, NULL),
(1425, 18, 9, 5, NULL, NULL),
(1426, 18, 10, 6, NULL, NULL),
(1427, 18, 11, 5, NULL, NULL),
(1428, 18, 12, 4, NULL, NULL),
(1429, 18, 13, 5, NULL, NULL),
(1430, 18, 14, 3, NULL, NULL),
(1431, 18, 15, 4, NULL, NULL),
(1432, 18, 16, 6, NULL, NULL),
(1433, 18, 17, 6, NULL, NULL),
(1434, 18, 18, 6, NULL, NULL),
(1435, 18, 19, 6, NULL, NULL),
(1436, 18, 20, 5, NULL, NULL),
(1437, 18, 21, 5, NULL, NULL),
(1438, 18, 22, 6, NULL, NULL),
(1439, 18, 23, 5, NULL, NULL),
(1440, 18, 24, 3, NULL, NULL),
(1441, 18, 25, 4, NULL, NULL),
(1442, 18, 26, 1, NULL, NULL),
(1443, 18, 27, 6, NULL, NULL),
(1444, 18, 28, 6, NULL, NULL),
(1445, 18, 29, 5, NULL, NULL),
(1446, 18, 30, 6, NULL, NULL),
(1447, 18, 31, 5, NULL, NULL),
(1448, 18, 32, 4, NULL, NULL),
(1449, 18, 33, 4, NULL, NULL),
(1450, 18, 34, 5, NULL, NULL),
(1451, 18, 35, 5, NULL, NULL),
(1452, 18, 36, 5, NULL, NULL),
(1453, 18, 37, 6, NULL, NULL),
(1454, 18, 38, 5, NULL, NULL),
(1455, 18, 39, 3, NULL, NULL),
(1456, 18, 40, 4, NULL, NULL),
(1457, 18, 41, 2, NULL, NULL),
(1458, 18, 42, 6, NULL, NULL),
(1459, 18, 43, 5, NULL, NULL),
(1460, 18, 44, 5, NULL, NULL),
(1461, 18, 45, 6, NULL, NULL),
(1462, 18, 46, 1, NULL, NULL),
(1463, 18, 47, 5, NULL, NULL),
(1464, 18, 48, 6, NULL, NULL),
(1465, 18, 49, 6, NULL, NULL),
(1466, 18, 50, 6, NULL, NULL),
(1467, 18, 51, 5, NULL, NULL),
(1468, 18, 52, 1, NULL, NULL),
(1469, 18, 53, 6, NULL, NULL),
(1470, 18, 54, 5, NULL, NULL),
(1471, 18, 55, 6, NULL, NULL),
(1472, 18, 56, 4, NULL, NULL),
(1473, 18, 57, 5, NULL, NULL),
(1474, 18, 58, 5, NULL, NULL),
(1475, 18, 59, 1, NULL, NULL),
(1476, 18, 60, 6, NULL, NULL),
(1477, 18, 61, 5, NULL, NULL),
(1478, 18, 62, 6, NULL, NULL),
(1479, 18, 63, 6, NULL, NULL),
(1480, 18, 64, 6, NULL, NULL),
(1481, 18, 65, 6, NULL, NULL),
(1482, 18, 66, 2, NULL, NULL),
(1483, 18, 67, 5, NULL, NULL),
(1484, 18, 68, 5, NULL, NULL),
(1485, 18, 69, 5, NULL, NULL),
(1486, 18, 70, 5, NULL, NULL),
(1487, 18, 71, 6, NULL, NULL),
(1488, 18, 72, 6, NULL, NULL),
(1489, 18, 73, 5, NULL, NULL),
(1490, 18, 74, 6, NULL, NULL),
(1491, 18, 75, 3, NULL, NULL),
(1492, 18, 76, 5, NULL, NULL),
(1493, 18, 77, 6, NULL, NULL),
(1494, 18, 78, 5, NULL, NULL),
(1495, 18, 79, 5, NULL, NULL),
(1496, 18, 80, 4, NULL, NULL),
(1497, 18, 81, 5, NULL, NULL),
(1498, 18, 82, 5, NULL, NULL),
(1499, 18, 83, 5, NULL, NULL),
(1500, 18, 84, 5, NULL, NULL),
(1501, 18, 85, 3, NULL, NULL),
(1502, 18, 86, 5, NULL, NULL),
(1503, 18, 87, 4, NULL, NULL),
(1504, 18, 88, 5, NULL, NULL),
(1505, 18, 89, 5, NULL, NULL),
(1506, 18, 90, 5, NULL, NULL),
(1507, 18, 91, 5, NULL, NULL),
(1508, 18, 94, 4, NULL, NULL),
(1509, 18, 96, 4, NULL, NULL),
(1510, 18, 97, 6, NULL, NULL),
(1511, 18, 98, 1, NULL, NULL),
(1512, 18, 99, 5, NULL, NULL),
(1513, 18, 100, 5, NULL, NULL),
(1514, 18, 101, 5, NULL, NULL),
(1515, 18, 102, 5, NULL, NULL),
(1516, 18, 103, 5, NULL, NULL),
(1517, 18, 104, 4, NULL, NULL),
(1518, 18, 105, 3, NULL, NULL),
(1519, 18, 106, 1, NULL, NULL),
(1520, 18, 107, 2, NULL, NULL),
(1521, 18, 108, 6, NULL, NULL),
(1522, 18, 109, 4, NULL, NULL),
(1523, 18, 110, 1, NULL, NULL),
(1524, 18, 111, 5, NULL, NULL),
(1525, 18, 112, 5, NULL, NULL),
(1526, 19, 2, 2, NULL, NULL),
(1527, 19, 3, 6, NULL, NULL),
(1528, 19, 4, 6, NULL, NULL),
(1529, 19, 5, 6, NULL, NULL),
(1530, 19, 6, 6, NULL, NULL),
(1531, 19, 7, 5, NULL, NULL),
(1532, 19, 8, 1, NULL, NULL),
(1533, 19, 9, 6, NULL, NULL),
(1534, 19, 10, 5, NULL, NULL),
(1535, 19, 11, 5, NULL, NULL),
(1536, 19, 12, 3, NULL, NULL),
(1537, 19, 13, 6, NULL, NULL),
(1538, 19, 14, 1, NULL, NULL),
(1539, 19, 15, 5, NULL, NULL),
(1540, 19, 16, 6, NULL, NULL),
(1541, 19, 17, 6, NULL, NULL),
(1542, 19, 18, 6, NULL, NULL),
(1543, 19, 19, 6, NULL, NULL),
(1544, 19, 20, 5, NULL, NULL),
(1545, 19, 21, 6, NULL, NULL),
(1546, 19, 22, 6, NULL, NULL),
(1547, 19, 23, 6, NULL, NULL),
(1548, 19, 24, 3, NULL, NULL),
(1549, 19, 25, 6, NULL, NULL),
(1550, 19, 26, 1, NULL, NULL),
(1551, 19, 27, 4, NULL, NULL),
(1552, 19, 28, 5, NULL, NULL),
(1553, 19, 29, 4, NULL, NULL),
(1554, 19, 30, 6, NULL, NULL),
(1555, 19, 31, 1, NULL, NULL),
(1556, 19, 32, 1, NULL, NULL),
(1557, 19, 33, 6, NULL, NULL),
(1558, 19, 34, 2, NULL, NULL),
(1559, 19, 35, 6, NULL, NULL),
(1560, 19, 36, 6, NULL, NULL),
(1561, 19, 37, 5, NULL, NULL),
(1562, 19, 38, 6, NULL, NULL),
(1563, 19, 39, 1, NULL, NULL),
(1564, 19, 40, 3, NULL, NULL),
(1565, 19, 41, 5, NULL, NULL),
(1566, 19, 42, 3, NULL, NULL),
(1567, 19, 43, 2, NULL, NULL),
(1568, 19, 44, 3, NULL, NULL),
(1569, 19, 45, 4, NULL, NULL),
(1570, 19, 46, 3, NULL, NULL),
(1571, 19, 47, 5, NULL, NULL),
(1572, 19, 48, 4, NULL, NULL),
(1573, 19, 49, 6, NULL, NULL),
(1574, 19, 50, 5, NULL, NULL),
(1575, 19, 51, 4, NULL, NULL),
(1576, 19, 52, 2, NULL, NULL),
(1577, 19, 53, 5, NULL, NULL),
(1578, 19, 54, 5, NULL, NULL),
(1579, 19, 55, 6, NULL, NULL),
(1580, 19, 56, 5, NULL, NULL),
(1581, 19, 57, 6, NULL, NULL),
(1582, 19, 58, 6, NULL, NULL),
(1583, 19, 59, 1, NULL, NULL),
(1584, 19, 60, 6, NULL, NULL),
(1585, 19, 61, 6, NULL, NULL),
(1586, 19, 62, 6, NULL, NULL),
(1587, 19, 63, 6, NULL, NULL),
(1588, 19, 64, 6, NULL, NULL),
(1589, 19, 65, 4, NULL, NULL),
(1590, 19, 66, 1, NULL, NULL),
(1591, 19, 67, 4, NULL, NULL),
(1592, 19, 68, 5, NULL, NULL),
(1593, 19, 69, 6, NULL, NULL),
(1594, 19, 70, 6, NULL, NULL),
(1595, 19, 71, 6, NULL, NULL),
(1596, 19, 72, 6, NULL, NULL),
(1597, 19, 73, 6, NULL, NULL),
(1598, 19, 74, 6, NULL, NULL),
(1599, 19, 75, 2, NULL, NULL),
(1600, 19, 76, 5, NULL, NULL),
(1601, 19, 77, 6, NULL, NULL),
(1602, 19, 78, 6, NULL, NULL),
(1603, 19, 79, 5, NULL, NULL),
(1604, 19, 80, 6, NULL, NULL),
(1605, 19, 81, 6, NULL, NULL),
(1606, 19, 82, 5, NULL, NULL),
(1607, 19, 83, 6, NULL, NULL),
(1608, 19, 84, 4, NULL, NULL),
(1609, 19, 85, 1, NULL, NULL),
(1610, 19, 86, 5, NULL, NULL),
(1611, 19, 87, 5, NULL, NULL),
(1612, 19, 88, 2, NULL, NULL),
(1613, 19, 89, 4, NULL, NULL),
(1614, 19, 90, 5, NULL, NULL),
(1615, 19, 91, 6, NULL, NULL),
(1616, 19, 94, 6, NULL, NULL),
(1617, 19, 96, 6, NULL, NULL),
(1618, 19, 97, 5, NULL, NULL),
(1619, 19, 98, 3, NULL, NULL),
(1620, 19, 99, 5, NULL, NULL),
(1621, 19, 100, 6, NULL, NULL),
(1622, 19, 101, 6, NULL, NULL),
(1623, 19, 102, 6, NULL, NULL),
(1624, 19, 103, 6, NULL, NULL),
(1625, 19, 104, 6, NULL, NULL),
(1626, 19, 106, 5, NULL, NULL),
(1627, 19, 107, 3, NULL, NULL),
(1628, 19, 108, 6, NULL, NULL),
(1629, 19, 109, 5, NULL, NULL),
(1630, 19, 110, 1, NULL, NULL),
(1631, 19, 111, 5, NULL, NULL),
(1632, 19, 112, 6, NULL, NULL),
(1633, 20, 2, 2, NULL, NULL),
(1634, 20, 3, 4, NULL, NULL),
(1635, 20, 4, 3, NULL, NULL),
(1636, 20, 5, 5, NULL, NULL),
(1637, 20, 6, 5, NULL, NULL),
(1638, 20, 7, 5, NULL, NULL),
(1639, 20, 8, 2, NULL, NULL),
(1640, 20, 9, 3, NULL, NULL),
(1641, 20, 10, 4, NULL, NULL),
(1642, 20, 11, 4, NULL, NULL),
(1643, 20, 12, 5, NULL, NULL),
(1644, 20, 13, 3, NULL, NULL),
(1645, 20, 14, 2, NULL, NULL),
(1646, 20, 15, 3, NULL, NULL),
(1647, 20, 16, 5, NULL, NULL),
(1648, 20, 17, 6, NULL, NULL),
(1649, 20, 18, 5, NULL, NULL),
(1650, 20, 19, 5, NULL, NULL),
(1651, 20, 20, 4, NULL, NULL),
(1652, 20, 21, 4, NULL, NULL),
(1653, 20, 22, 4, NULL, NULL),
(1654, 20, 23, 4, NULL, NULL),
(1655, 20, 24, 3, NULL, NULL),
(1656, 20, 25, 5, NULL, NULL),
(1657, 20, 26, 2, NULL, NULL),
(1658, 20, 27, 5, NULL, NULL),
(1659, 20, 28, 5, NULL, NULL),
(1660, 20, 29, 5, NULL, NULL),
(1661, 20, 30, 4, NULL, NULL),
(1662, 20, 31, 4, NULL, NULL),
(1663, 20, 32, 4, NULL, NULL),
(1664, 20, 33, 5, NULL, NULL),
(1665, 20, 34, 5, NULL, NULL),
(1666, 20, 35, 4, NULL, NULL),
(1667, 20, 36, 4, NULL, NULL),
(1668, 20, 37, 6, NULL, NULL),
(1669, 20, 38, 5, NULL, NULL),
(1670, 20, 39, 3, NULL, NULL),
(1671, 20, 40, 2, NULL, NULL),
(1672, 20, 41, 3, NULL, NULL),
(1673, 20, 42, 3, NULL, NULL),
(1674, 20, 43, 3, NULL, NULL),
(1675, 20, 44, 4, NULL, NULL),
(1676, 20, 45, 6, NULL, NULL),
(1677, 20, 46, 3, NULL, NULL),
(1678, 20, 47, 3, NULL, NULL),
(1679, 20, 48, 4, NULL, NULL),
(1680, 20, 49, 5, NULL, NULL),
(1681, 20, 50, 5, NULL, NULL),
(1682, 20, 51, 3, NULL, NULL),
(1683, 20, 52, 2, NULL, NULL),
(1684, 20, 53, 5, NULL, NULL),
(1685, 20, 54, 5, NULL, NULL),
(1686, 20, 55, 5, NULL, NULL),
(1687, 20, 56, 5, NULL, NULL),
(1688, 20, 57, 5, NULL, NULL),
(1689, 20, 58, 5, NULL, NULL),
(1690, 20, 59, 2, NULL, NULL),
(1691, 20, 60, 5, NULL, NULL),
(1692, 20, 61, 6, NULL, NULL),
(1693, 20, 62, 6, NULL, NULL),
(1694, 20, 63, 5, NULL, NULL),
(1695, 20, 64, 5, NULL, NULL),
(1696, 20, 65, 6, NULL, NULL),
(1697, 20, 66, 3, NULL, NULL),
(1698, 20, 67, 5, NULL, NULL),
(1699, 20, 68, 4, NULL, NULL),
(1700, 20, 69, 5, NULL, NULL),
(1701, 20, 70, 6, NULL, NULL),
(1702, 20, 71, 6, NULL, NULL),
(1703, 20, 72, 5, NULL, NULL),
(1704, 20, 73, 5, NULL, NULL),
(1705, 20, 74, 5, NULL, NULL),
(1706, 20, 75, 3, NULL, NULL),
(1707, 20, 76, 4, NULL, NULL),
(1708, 20, 77, 4, NULL, NULL),
(1709, 20, 78, 5, NULL, NULL),
(1710, 20, 79, 5, NULL, NULL),
(1711, 20, 80, 4, NULL, NULL),
(1712, 20, 81, 4, NULL, NULL),
(1713, 20, 82, 3, NULL, NULL),
(1714, 20, 83, 5, NULL, NULL),
(1715, 20, 84, 5, NULL, NULL),
(1716, 20, 85, 2, NULL, NULL),
(1717, 20, 86, 4, NULL, NULL),
(1718, 20, 87, 4, NULL, NULL),
(1719, 20, 88, 3, NULL, NULL),
(1720, 20, 89, 4, NULL, NULL),
(1721, 20, 90, 4, NULL, NULL),
(1722, 20, 91, 4, NULL, NULL),
(1723, 20, 94, 4, NULL, NULL),
(1724, 20, 96, 4, NULL, NULL),
(1725, 20, 97, 5, NULL, NULL),
(1726, 20, 98, 2, NULL, NULL),
(1727, 20, 99, 4, NULL, NULL),
(1728, 20, 100, 4, NULL, NULL),
(1729, 20, 101, 4, NULL, NULL),
(1730, 20, 102, 4, NULL, NULL),
(1731, 20, 103, 4, NULL, NULL),
(1732, 20, 104, 5, NULL, NULL),
(1733, 20, 105, 3, NULL, NULL),
(1734, 20, 106, 4, NULL, NULL),
(1735, 20, 107, 3, NULL, NULL),
(1736, 20, 108, 4, NULL, NULL),
(1737, 20, 109, 4, NULL, NULL),
(1738, 20, 110, 4, NULL, NULL),
(1739, 20, 111, 5, NULL, NULL),
(1740, 20, 112, 5, NULL, NULL),
(1741, 21, 2, 2, NULL, NULL),
(1742, 21, 3, 6, NULL, NULL),
(1743, 21, 4, 6, NULL, NULL),
(1744, 21, 5, 6, NULL, NULL),
(1745, 21, 6, 6, NULL, NULL),
(1746, 21, 7, 6, NULL, NULL),
(1747, 21, 8, 2, NULL, NULL),
(1748, 21, 9, 6, NULL, NULL),
(1749, 21, 10, 6, NULL, NULL),
(1750, 21, 11, 6, NULL, NULL),
(1751, 21, 12, 5, NULL, NULL),
(1752, 21, 13, 6, NULL, NULL),
(1753, 21, 14, 1, NULL, NULL),
(1754, 21, 15, 5, NULL, NULL),
(1755, 21, 16, 6, NULL, NULL),
(1756, 21, 17, 5, NULL, NULL),
(1757, 21, 18, 6, NULL, NULL),
(1758, 21, 19, 6, NULL, NULL),
(1759, 21, 20, 5, NULL, NULL),
(1760, 21, 21, 6, NULL, NULL),
(1761, 21, 22, 6, NULL, NULL),
(1762, 21, 23, 6, NULL, NULL),
(1763, 21, 24, 1, NULL, NULL),
(1764, 21, 25, 6, NULL, NULL),
(1765, 21, 26, 1, NULL, NULL),
(1766, 21, 27, 6, NULL, NULL),
(1767, 21, 28, 6, NULL, NULL),
(1768, 21, 29, 6, NULL, NULL),
(1769, 21, 30, 6, NULL, NULL),
(1770, 21, 31, 4, NULL, NULL),
(1771, 21, 32, 3, NULL, NULL),
(1772, 21, 33, 6, NULL, NULL),
(1773, 21, 34, 6, NULL, NULL),
(1774, 21, 35, 6, NULL, NULL),
(1775, 21, 36, 6, NULL, NULL),
(1776, 21, 37, 6, NULL, NULL),
(1777, 21, 38, 6, NULL, NULL),
(1778, 21, 39, 1, NULL, NULL),
(1779, 21, 40, 5, NULL, NULL),
(1780, 21, 41, 6, NULL, NULL),
(1781, 21, 42, 4, NULL, NULL),
(1782, 21, 43, 4, NULL, NULL),
(1783, 21, 44, 4, NULL, NULL),
(1784, 21, 45, 6, NULL, NULL),
(1785, 21, 46, 6, NULL, NULL),
(1786, 21, 47, 5, NULL, NULL),
(1787, 21, 48, 6, NULL, NULL),
(1788, 21, 49, 6, NULL, NULL),
(1789, 21, 50, 6, NULL, NULL),
(1790, 21, 51, 6, NULL, NULL),
(1791, 21, 52, 1, NULL, NULL),
(1792, 21, 53, 6, NULL, NULL),
(1793, 21, 54, 6, NULL, NULL),
(1794, 21, 55, 6, NULL, NULL),
(1795, 21, 56, 6, NULL, NULL),
(1796, 21, 57, 6, NULL, NULL),
(1797, 21, 58, 6, NULL, NULL),
(1798, 21, 59, 1, NULL, NULL),
(1799, 21, 60, 4, NULL, NULL),
(1800, 21, 61, 6, NULL, NULL),
(1801, 21, 62, 6, NULL, NULL),
(1802, 21, 63, 6, NULL, NULL),
(1803, 21, 64, 6, NULL, NULL),
(1804, 21, 65, 6, NULL, NULL),
(1805, 21, 66, 1, NULL, NULL),
(1806, 21, 67, 6, NULL, NULL),
(1807, 21, 68, 6, NULL, NULL),
(1808, 21, 69, 4, NULL, NULL),
(1809, 21, 70, 6, NULL, NULL),
(1810, 21, 71, 6, NULL, NULL),
(1811, 21, 72, 6, NULL, NULL),
(1812, 21, 73, 6, NULL, NULL),
(1813, 21, 74, 6, NULL, NULL),
(1814, 21, 75, 3, NULL, NULL),
(1815, 21, 76, 6, NULL, NULL),
(1816, 21, 77, 5, NULL, NULL),
(1817, 21, 78, 6, NULL, NULL),
(1818, 21, 79, 6, NULL, NULL),
(1819, 21, 80, 5, NULL, NULL),
(1820, 21, 81, 6, NULL, NULL),
(1821, 21, 82, 6, NULL, NULL),
(1822, 21, 83, 6, NULL, NULL),
(1823, 21, 84, 6, NULL, NULL),
(1824, 21, 85, 1, NULL, NULL),
(1825, 21, 86, 6, NULL, NULL),
(1826, 21, 87, 6, NULL, NULL),
(1827, 21, 88, 1, NULL, NULL),
(1828, 21, 89, 5, NULL, NULL),
(1829, 21, 90, 4, NULL, NULL),
(1830, 21, 91, 6, NULL, NULL),
(1831, 21, 94, 6, NULL, NULL),
(1832, 21, 96, 6, NULL, NULL),
(1833, 21, 97, 6, NULL, NULL),
(1834, 21, 98, 1, NULL, NULL),
(1835, 21, 99, 6, NULL, NULL),
(1836, 21, 100, 2, NULL, NULL),
(1837, 21, 101, 6, NULL, NULL),
(1838, 21, 102, 6, NULL, NULL),
(1839, 21, 103, 6, NULL, NULL),
(1840, 21, 104, 6, NULL, NULL),
(1841, 21, 105, 5, NULL, NULL),
(1842, 21, 106, 6, NULL, NULL),
(1843, 21, 107, 3, NULL, NULL),
(1844, 21, 108, 6, NULL, NULL),
(1845, 21, 109, 5, NULL, NULL),
(1846, 21, 110, 3, NULL, NULL),
(1847, 21, 111, 6, NULL, NULL),
(1848, 21, 112, 6, NULL, NULL),
(1849, 22, 2, 2, NULL, NULL),
(1850, 22, 3, 3, NULL, NULL),
(1851, 22, 4, 4, NULL, NULL),
(1852, 22, 5, 5, NULL, NULL),
(1853, 22, 6, 4, NULL, NULL),
(1854, 22, 7, 4, NULL, NULL),
(1855, 22, 8, 3, NULL, NULL),
(1856, 22, 9, 3, NULL, NULL),
(1857, 22, 10, 4, NULL, NULL),
(1858, 22, 11, 4, NULL, NULL),
(1859, 22, 12, 4, NULL, NULL),
(1860, 22, 13, 3, NULL, NULL),
(1861, 22, 14, 3, NULL, NULL),
(1862, 22, 15, 2, NULL, NULL),
(1863, 22, 16, 4, NULL, NULL),
(1864, 22, 17, 5, NULL, NULL),
(1865, 22, 18, 4, NULL, NULL),
(1866, 22, 19, 3, NULL, NULL),
(1867, 22, 20, 5, NULL, NULL),
(1868, 22, 21, 4, NULL, NULL),
(1869, 22, 22, 3, NULL, NULL),
(1870, 22, 23, 3, NULL, NULL),
(1871, 22, 24, 3, NULL, NULL),
(1872, 22, 25, 3, NULL, NULL),
(1873, 22, 26, 3, NULL, NULL),
(1874, 22, 27, 4, NULL, NULL),
(1875, 22, 28, 3, NULL, NULL),
(1876, 22, 29, 3, NULL, NULL),
(1877, 22, 30, 3, NULL, NULL),
(1878, 22, 31, 4, NULL, NULL),
(1879, 22, 32, 2, NULL, NULL),
(1880, 22, 33, 3, NULL, NULL),
(1881, 22, 34, 3, NULL, NULL),
(1882, 22, 35, 3, NULL, NULL),
(1883, 22, 36, 3, NULL, NULL),
(1884, 22, 37, 4, NULL, NULL),
(1885, 22, 38, 4, NULL, NULL),
(1886, 22, 39, 3, NULL, NULL),
(1887, 22, 40, 4, NULL, NULL),
(1888, 22, 41, 5, NULL, NULL),
(1889, 22, 42, 4, NULL, NULL),
(1890, 22, 43, 3, NULL, NULL),
(1891, 22, 44, 4, NULL, NULL),
(1892, 22, 45, 4, NULL, NULL),
(1893, 22, 46, 3, NULL, NULL),
(1894, 22, 47, 4, NULL, NULL),
(1895, 22, 48, 3, NULL, NULL),
(1896, 22, 49, 4, NULL, NULL),
(1897, 22, 50, 4, NULL, NULL),
(1898, 22, 51, 3, NULL, NULL),
(1899, 22, 52, 3, NULL, NULL),
(1900, 22, 53, 3, NULL, NULL),
(1901, 22, 54, 5, NULL, NULL),
(1902, 22, 55, 3, NULL, NULL),
(1903, 22, 56, 4, NULL, NULL),
(1904, 22, 57, 4, NULL, NULL),
(1905, 22, 58, 5, NULL, NULL),
(1906, 22, 59, 3, NULL, NULL),
(1907, 22, 60, 3, NULL, NULL),
(1908, 22, 61, 3, NULL, NULL),
(1909, 22, 62, 4, NULL, NULL),
(1910, 22, 63, 5, NULL, NULL),
(1911, 22, 64, 3, NULL, NULL),
(1912, 22, 65, 4, NULL, NULL),
(1913, 22, 66, 2, NULL, NULL),
(1914, 22, 67, 3, NULL, NULL),
(1915, 22, 68, 4, NULL, NULL),
(1916, 22, 69, 3, NULL, NULL),
(1917, 22, 70, 4, NULL, NULL),
(1918, 22, 71, 4, NULL, NULL),
(1919, 22, 72, 4, NULL, NULL),
(1920, 22, 73, 4, NULL, NULL),
(1921, 22, 74, 3, NULL, NULL),
(1922, 22, 75, 3, NULL, NULL),
(1923, 22, 76, 4, NULL, NULL),
(1924, 22, 77, 4, NULL, NULL),
(1925, 22, 78, 4, NULL, NULL),
(1926, 22, 79, 3, NULL, NULL),
(1927, 22, 80, 4, NULL, NULL),
(1928, 22, 81, 4, NULL, NULL),
(1929, 22, 82, 4, NULL, NULL),
(1930, 22, 83, 3, NULL, NULL),
(1931, 22, 84, 3, NULL, NULL),
(1932, 22, 85, 3, NULL, NULL),
(1933, 22, 86, 3, NULL, NULL),
(1934, 22, 87, 3, NULL, NULL),
(1935, 22, 88, 4, NULL, NULL),
(1936, 22, 89, 3, NULL, NULL),
(1937, 22, 90, 4, NULL, NULL),
(1938, 22, 91, 3, NULL, NULL),
(1939, 22, 94, 4, NULL, NULL),
(1940, 22, 96, 3, NULL, NULL),
(1941, 22, 97, 4, NULL, NULL),
(1942, 22, 98, 3, NULL, NULL),
(1943, 22, 99, 4, NULL, NULL),
(1944, 22, 100, 3, NULL, NULL),
(1945, 22, 101, 4, NULL, NULL),
(1946, 22, 102, 4, NULL, NULL),
(1947, 22, 103, 4, NULL, NULL),
(1948, 22, 104, 4, NULL, NULL),
(1949, 22, 105, 4, NULL, NULL),
(1950, 22, 106, 4, NULL, NULL),
(1951, 22, 107, 3, NULL, NULL),
(1952, 22, 108, 4, NULL, NULL),
(1953, 22, 109, 4, NULL, NULL),
(1954, 22, 110, 2, NULL, NULL),
(1955, 22, 111, 3, NULL, NULL),
(1956, 22, 112, 3, NULL, NULL),
(1957, 23, 2, 2, NULL, NULL),
(1958, 23, 3, 3, NULL, NULL),
(1959, 23, 4, 3, NULL, NULL),
(1960, 23, 5, 6, NULL, NULL),
(1961, 23, 6, 4, NULL, NULL),
(1962, 23, 7, 5, NULL, NULL),
(1963, 23, 8, 3, NULL, NULL),
(1964, 23, 9, 5, NULL, NULL),
(1965, 23, 10, 6, NULL, NULL),
(1966, 23, 11, 5, NULL, NULL),
(1967, 23, 12, 6, NULL, NULL),
(1968, 23, 13, 5, NULL, NULL),
(1969, 23, 14, 2, NULL, NULL),
(1970, 23, 15, 5, NULL, NULL),
(1971, 23, 16, 5, NULL, NULL),
(1972, 23, 17, 4, NULL, NULL),
(1973, 23, 18, 6, NULL, NULL),
(1974, 23, 19, 5, NULL, NULL),
(1975, 23, 20, 5, NULL, NULL),
(1976, 23, 21, 5, NULL, NULL),
(1977, 23, 22, 5, NULL, NULL),
(1978, 23, 23, 4, NULL, NULL),
(1979, 23, 24, 3, NULL, NULL),
(1980, 23, 25, 4, NULL, NULL),
(1981, 23, 26, 3, NULL, NULL),
(1982, 23, 27, 5, NULL, NULL),
(1983, 23, 28, 6, NULL, NULL),
(1984, 23, 29, 6, NULL, NULL),
(1985, 23, 30, 6, NULL, NULL),
(1986, 23, 31, 6, NULL, NULL),
(1987, 23, 32, 6, NULL, NULL),
(1988, 23, 33, 6, NULL, NULL),
(1989, 23, 34, 6, NULL, NULL),
(1990, 23, 35, 6, NULL, NULL),
(1991, 23, 36, 6, NULL, NULL),
(1992, 23, 37, 4, NULL, NULL),
(1993, 23, 38, 3, NULL, NULL),
(1994, 23, 39, 2, NULL, NULL),
(1995, 23, 40, 5, NULL, NULL),
(1996, 23, 41, 4, NULL, NULL),
(1997, 23, 42, 5, NULL, NULL),
(1998, 23, 43, 4, NULL, NULL),
(1999, 23, 44, 6, NULL, NULL),
(2000, 23, 45, 5, NULL, NULL),
(2001, 23, 46, 2, NULL, NULL),
(2002, 23, 47, 5, NULL, NULL),
(2003, 23, 48, 4, NULL, NULL),
(2004, 23, 49, 4, NULL, NULL),
(2005, 23, 50, 5, NULL, NULL),
(2006, 23, 51, 3, NULL, NULL),
(2007, 23, 52, 3, NULL, NULL),
(2008, 23, 53, 5, NULL, NULL),
(2009, 23, 54, 3, NULL, NULL),
(2010, 23, 55, 3, NULL, NULL),
(2011, 23, 56, 4, NULL, NULL),
(2012, 23, 57, 5, NULL, NULL),
(2013, 23, 58, 5, NULL, NULL),
(2014, 23, 59, 2, NULL, NULL),
(2015, 23, 60, 5, NULL, NULL),
(2016, 23, 61, 5, NULL, NULL),
(2017, 23, 62, 6, NULL, NULL),
(2018, 23, 63, 6, NULL, NULL),
(2019, 23, 64, 4, NULL, NULL),
(2020, 23, 65, 5, NULL, NULL),
(2021, 23, 66, 3, NULL, NULL),
(2022, 23, 67, 2, NULL, NULL),
(2023, 23, 68, 5, NULL, NULL),
(2024, 23, 69, 4, NULL, NULL),
(2025, 23, 70, 6, NULL, NULL),
(2026, 23, 71, 4, NULL, NULL),
(2027, 23, 72, 6, NULL, NULL),
(2028, 23, 73, 4, NULL, NULL),
(2029, 23, 74, 6, NULL, NULL),
(2030, 23, 75, 3, NULL, NULL),
(2031, 23, 76, 6, NULL, NULL),
(2032, 23, 77, 6, NULL, NULL),
(2033, 23, 78, 6, NULL, NULL),
(2034, 23, 79, 6, NULL, NULL),
(2035, 23, 80, 6, NULL, NULL),
(2036, 23, 81, 6, NULL, NULL),
(2037, 23, 82, 6, NULL, NULL),
(2038, 23, 83, 6, NULL, NULL),
(2039, 23, 84, 6, NULL, NULL),
(2040, 23, 85, 1, NULL, NULL),
(2041, 23, 86, 5, NULL, NULL),
(2042, 23, 87, 5, NULL, NULL),
(2043, 23, 88, 5, NULL, NULL),
(2044, 23, 89, 6, NULL, NULL),
(2045, 23, 90, 5, NULL, NULL),
(2046, 23, 91, 6, NULL, NULL),
(2047, 23, 94, 6, NULL, NULL),
(2048, 23, 96, 5, NULL, NULL),
(2049, 23, 97, 6, NULL, NULL),
(2050, 23, 98, 3, NULL, NULL),
(2051, 23, 99, 6, NULL, NULL),
(2052, 23, 100, 6, NULL, NULL),
(2053, 23, 101, 6, NULL, NULL),
(2054, 23, 102, 5, NULL, NULL),
(2055, 23, 103, 6, NULL, NULL),
(2056, 23, 104, 5, NULL, NULL),
(2057, 23, 105, 4, NULL, NULL),
(2058, 23, 106, 6, NULL, NULL),
(2059, 23, 107, 1, NULL, NULL),
(2060, 23, 108, 6, NULL, NULL),
(2061, 23, 109, 5, NULL, NULL),
(2062, 23, 110, 1, NULL, NULL),
(2063, 23, 111, 4, NULL, NULL),
(2064, 23, 112, 4, NULL, NULL),
(2065, 24, 2, 1, NULL, NULL),
(2066, 24, 3, 5, NULL, NULL),
(2067, 24, 4, 5, NULL, NULL),
(2068, 24, 5, 6, NULL, NULL),
(2069, 24, 6, 4, NULL, NULL),
(2070, 24, 7, 5, NULL, NULL),
(2071, 24, 8, 2, NULL, NULL),
(2072, 24, 9, 5, NULL, NULL),
(2073, 24, 10, 6, NULL, NULL),
(2074, 24, 11, 5, NULL, NULL),
(2075, 24, 12, 4, NULL, NULL),
(2076, 24, 13, 5, NULL, NULL),
(2077, 24, 14, 2, NULL, NULL),
(2078, 24, 15, 3, NULL, NULL),
(2079, 24, 16, 5, NULL, NULL),
(2080, 24, 17, 6, NULL, NULL),
(2081, 24, 18, 6, NULL, NULL),
(2082, 24, 19, 6, NULL, NULL),
(2083, 24, 20, 6, NULL, NULL),
(2084, 24, 21, 6, NULL, NULL),
(2085, 24, 22, 6, NULL, NULL),
(2086, 24, 23, 4, NULL, NULL),
(2087, 24, 24, 3, NULL, NULL),
(2088, 24, 25, 5, NULL, NULL),
(2089, 24, 26, 2, NULL, NULL),
(2090, 24, 27, 4, NULL, NULL),
(2091, 24, 28, 5, NULL, NULL);
INSERT INTO `q_answer` (`id`, `respondent_id`, `question_id`, `rating`, `created_at`, `updated_at`) VALUES
(2092, 24, 29, 5, NULL, NULL),
(2093, 24, 30, 4, NULL, NULL),
(2094, 24, 31, 3, NULL, NULL),
(2095, 24, 32, 6, NULL, NULL),
(2096, 24, 33, 5, NULL, NULL),
(2097, 24, 34, 5, NULL, NULL),
(2098, 24, 35, 4, NULL, NULL),
(2099, 24, 36, 5, NULL, NULL),
(2100, 24, 37, 6, NULL, NULL),
(2101, 24, 38, 6, NULL, NULL),
(2102, 24, 39, 2, NULL, NULL),
(2103, 24, 40, 5, NULL, NULL),
(2104, 24, 41, 4, NULL, NULL),
(2105, 24, 42, 4, NULL, NULL),
(2106, 24, 43, 2, NULL, NULL),
(2107, 24, 44, 5, NULL, NULL),
(2108, 24, 45, 5, NULL, NULL),
(2109, 24, 46, 4, NULL, NULL),
(2110, 24, 47, 4, NULL, NULL),
(2111, 24, 48, 6, NULL, NULL),
(2112, 24, 49, 6, NULL, NULL),
(2113, 24, 50, 6, NULL, NULL),
(2114, 24, 51, 4, NULL, NULL),
(2115, 24, 52, 3, NULL, NULL),
(2116, 24, 53, 5, NULL, NULL),
(2117, 24, 54, 6, NULL, NULL),
(2118, 24, 55, 6, NULL, NULL),
(2119, 24, 56, 6, NULL, NULL),
(2120, 24, 57, 5, NULL, NULL),
(2121, 24, 58, 6, NULL, NULL),
(2122, 24, 59, 1, NULL, NULL),
(2123, 24, 60, 6, NULL, NULL),
(2124, 24, 61, 6, NULL, NULL),
(2125, 24, 62, 5, NULL, NULL),
(2126, 24, 63, 5, NULL, NULL),
(2127, 24, 64, 6, NULL, NULL),
(2128, 24, 65, 6, NULL, NULL),
(2129, 24, 66, 3, NULL, NULL),
(2130, 24, 67, 6, NULL, NULL),
(2131, 24, 68, 6, NULL, NULL),
(2132, 24, 69, 6, NULL, NULL),
(2133, 24, 70, 6, NULL, NULL),
(2134, 24, 71, 6, NULL, NULL),
(2135, 24, 72, 5, NULL, NULL),
(2136, 24, 73, 5, NULL, NULL),
(2137, 24, 74, 4, NULL, NULL),
(2138, 24, 75, 2, NULL, NULL),
(2139, 24, 76, 5, NULL, NULL),
(2140, 24, 77, 5, NULL, NULL),
(2141, 24, 78, 5, NULL, NULL),
(2142, 24, 79, 4, NULL, NULL),
(2143, 24, 80, 4, NULL, NULL),
(2144, 24, 81, 6, NULL, NULL),
(2145, 24, 82, 5, NULL, NULL),
(2146, 24, 83, 4, NULL, NULL),
(2147, 24, 84, 4, NULL, NULL),
(2148, 24, 85, 2, NULL, NULL),
(2149, 24, 86, 4, NULL, NULL),
(2150, 24, 87, 4, NULL, NULL),
(2151, 24, 88, 4, NULL, NULL),
(2152, 24, 89, 4, NULL, NULL),
(2153, 24, 90, 4, NULL, NULL),
(2154, 24, 91, 4, NULL, NULL),
(2155, 24, 94, 5, NULL, NULL),
(2156, 24, 96, 6, NULL, NULL),
(2157, 24, 97, 4, NULL, NULL),
(2158, 24, 98, 2, NULL, NULL),
(2159, 24, 99, 4, NULL, NULL),
(2160, 24, 100, 4, NULL, NULL),
(2161, 24, 101, 4, NULL, NULL),
(2162, 24, 102, 6, NULL, NULL),
(2163, 24, 103, 5, NULL, NULL),
(2164, 24, 104, 4, NULL, NULL),
(2165, 24, 105, 4, NULL, NULL),
(2166, 24, 106, 4, NULL, NULL),
(2167, 24, 107, 3, NULL, NULL),
(2168, 24, 108, 4, NULL, NULL),
(2169, 24, 109, 5, NULL, NULL),
(2170, 24, 110, 1, NULL, NULL),
(2171, 24, 111, 4, NULL, NULL),
(2172, 24, 112, 5, NULL, NULL),
(2173, 25, 2, 2, NULL, NULL),
(2174, 25, 3, 4, NULL, NULL),
(2175, 25, 4, 3, NULL, NULL),
(2176, 25, 5, 4, NULL, NULL),
(2177, 25, 6, 5, NULL, NULL),
(2178, 25, 7, 4, NULL, NULL),
(2179, 25, 8, 2, NULL, NULL),
(2180, 25, 9, 6, NULL, NULL),
(2181, 25, 10, 4, NULL, NULL),
(2182, 25, 11, 5, NULL, NULL),
(2183, 25, 12, 6, NULL, NULL),
(2184, 25, 13, 6, NULL, NULL),
(2185, 25, 14, 3, NULL, NULL),
(2186, 25, 15, 5, NULL, NULL),
(2187, 25, 16, 5, NULL, NULL),
(2188, 25, 17, 5, NULL, NULL),
(2189, 25, 18, 6, NULL, NULL),
(2190, 25, 19, 6, NULL, NULL),
(2191, 25, 20, 6, NULL, NULL),
(2192, 25, 21, 6, NULL, NULL),
(2193, 25, 22, 6, NULL, NULL),
(2194, 25, 23, 5, NULL, NULL),
(2195, 25, 24, 3, NULL, NULL),
(2196, 25, 25, 4, NULL, NULL),
(2197, 25, 26, 2, NULL, NULL),
(2198, 25, 27, 5, NULL, NULL),
(2199, 25, 28, 4, NULL, NULL),
(2200, 25, 29, 6, NULL, NULL),
(2201, 25, 30, 5, NULL, NULL),
(2202, 25, 31, 6, NULL, NULL),
(2203, 25, 32, 6, NULL, NULL),
(2204, 25, 33, 5, NULL, NULL),
(2205, 25, 34, 6, NULL, NULL),
(2206, 25, 35, 6, NULL, NULL),
(2207, 25, 36, 5, NULL, NULL),
(2208, 25, 37, 6, NULL, NULL),
(2209, 25, 38, 5, NULL, NULL),
(2210, 25, 39, 2, NULL, NULL),
(2211, 25, 40, 5, NULL, NULL),
(2212, 25, 41, 5, NULL, NULL),
(2213, 25, 42, 5, NULL, NULL),
(2214, 25, 43, 5, NULL, NULL),
(2215, 25, 44, 5, NULL, NULL),
(2216, 25, 45, 5, NULL, NULL),
(2217, 25, 46, 6, NULL, NULL),
(2218, 25, 47, 6, NULL, NULL),
(2219, 25, 48, 5, NULL, NULL),
(2220, 25, 49, 4, NULL, NULL),
(2221, 25, 50, 6, NULL, NULL),
(2222, 25, 51, 5, NULL, NULL),
(2223, 25, 52, 1, NULL, NULL),
(2224, 25, 53, 3, NULL, NULL),
(2225, 25, 54, 5, NULL, NULL),
(2226, 25, 55, 5, NULL, NULL),
(2227, 25, 56, 4, NULL, NULL),
(2228, 25, 57, 6, NULL, NULL),
(2229, 25, 58, 4, NULL, NULL),
(2230, 25, 59, 2, NULL, NULL),
(2231, 25, 60, 6, NULL, NULL),
(2232, 25, 61, 4, NULL, NULL),
(2233, 25, 62, 6, NULL, NULL),
(2234, 25, 63, 4, NULL, NULL),
(2235, 25, 64, 5, NULL, NULL),
(2236, 25, 65, 6, NULL, NULL),
(2237, 25, 66, 2, NULL, NULL),
(2238, 25, 67, 5, NULL, NULL),
(2239, 25, 68, 4, NULL, NULL),
(2240, 25, 69, 4, NULL, NULL),
(2241, 25, 70, 6, NULL, NULL),
(2242, 25, 71, 5, NULL, NULL),
(2243, 25, 72, 5, NULL, NULL),
(2244, 25, 73, 4, NULL, NULL),
(2245, 25, 74, 5, NULL, NULL),
(2246, 25, 75, 2, NULL, NULL),
(2247, 25, 76, 5, NULL, NULL),
(2248, 25, 77, 5, NULL, NULL),
(2249, 25, 78, 5, NULL, NULL),
(2250, 25, 79, 6, NULL, NULL),
(2251, 25, 80, 5, NULL, NULL),
(2252, 25, 81, 6, NULL, NULL),
(2253, 25, 82, 5, NULL, NULL),
(2254, 25, 83, 5, NULL, NULL),
(2255, 25, 84, 5, NULL, NULL),
(2256, 25, 85, 2, NULL, NULL),
(2257, 25, 86, 3, NULL, NULL),
(2258, 25, 87, 2, NULL, NULL),
(2259, 25, 88, 4, NULL, NULL),
(2260, 25, 89, 4, NULL, NULL),
(2261, 25, 90, 4, NULL, NULL),
(2262, 25, 91, 5, NULL, NULL),
(2263, 25, 94, 5, NULL, NULL),
(2264, 25, 96, 5, NULL, NULL),
(2265, 25, 97, 5, NULL, NULL),
(2266, 25, 98, 1, NULL, NULL),
(2267, 25, 99, 5, NULL, NULL),
(2268, 25, 100, 5, NULL, NULL),
(2269, 25, 101, 5, NULL, NULL),
(2270, 25, 102, 6, NULL, NULL),
(2271, 25, 103, 4, NULL, NULL),
(2272, 25, 104, 5, NULL, NULL),
(2273, 25, 105, 5, NULL, NULL),
(2274, 25, 106, 5, NULL, NULL),
(2275, 25, 107, 2, NULL, NULL),
(2276, 25, 108, 4, NULL, NULL),
(2277, 25, 109, 4, NULL, NULL),
(2278, 25, 110, 1, NULL, NULL),
(2279, 25, 111, 6, NULL, NULL),
(2280, 25, 112, 5, NULL, NULL),
(2281, 26, 2, 2, NULL, NULL),
(2282, 26, 3, 4, NULL, NULL),
(2283, 26, 4, 4, NULL, NULL),
(2284, 26, 5, 5, NULL, NULL),
(2285, 26, 6, 4, NULL, NULL),
(2286, 26, 7, 4, NULL, NULL),
(2287, 26, 8, 2, NULL, NULL),
(2288, 26, 9, 5, NULL, NULL),
(2289, 26, 10, 4, NULL, NULL),
(2290, 26, 11, 3, NULL, NULL),
(2291, 26, 12, 3, NULL, NULL),
(2292, 26, 13, 5, NULL, NULL),
(2293, 26, 14, 2, NULL, NULL),
(2294, 26, 15, 4, NULL, NULL),
(2295, 26, 16, 3, NULL, NULL),
(2296, 26, 17, 3, NULL, NULL),
(2297, 26, 18, 3, NULL, NULL),
(2298, 26, 19, 4, NULL, NULL),
(2299, 26, 20, 4, NULL, NULL),
(2300, 26, 21, 4, NULL, NULL),
(2301, 26, 22, 4, NULL, NULL),
(2302, 26, 23, 4, NULL, NULL),
(2303, 26, 24, 2, NULL, NULL),
(2304, 26, 25, 4, NULL, NULL),
(2305, 26, 26, 2, NULL, NULL),
(2306, 26, 27, 4, NULL, NULL),
(2307, 26, 28, 3, NULL, NULL),
(2308, 26, 29, 3, NULL, NULL),
(2309, 26, 30, 4, NULL, NULL),
(2310, 26, 31, 3, NULL, NULL),
(2311, 26, 32, 3, NULL, NULL),
(2312, 26, 33, 3, NULL, NULL),
(2313, 26, 34, 5, NULL, NULL),
(2314, 26, 35, 5, NULL, NULL),
(2315, 26, 36, 4, NULL, NULL),
(2316, 26, 37, 4, NULL, NULL),
(2317, 26, 38, 4, NULL, NULL),
(2318, 26, 39, 2, NULL, NULL),
(2319, 26, 40, 3, NULL, NULL),
(2320, 26, 41, 4, NULL, NULL),
(2321, 26, 42, 3, NULL, NULL),
(2322, 26, 43, 3, NULL, NULL),
(2323, 26, 44, 3, NULL, NULL),
(2324, 26, 45, 3, NULL, NULL),
(2325, 26, 46, 2, NULL, NULL),
(2326, 26, 47, 3, NULL, NULL),
(2327, 26, 48, 2, NULL, NULL),
(2328, 26, 49, 4, NULL, NULL),
(2329, 26, 50, 3, NULL, NULL),
(2330, 26, 51, 4, NULL, NULL),
(2331, 26, 52, 3, NULL, NULL),
(2332, 26, 53, 4, NULL, NULL),
(2333, 26, 54, 3, NULL, NULL),
(2334, 26, 55, 4, NULL, NULL),
(2335, 26, 56, 4, NULL, NULL),
(2336, 26, 57, 5, NULL, NULL),
(2337, 26, 58, 5, NULL, NULL),
(2338, 26, 59, 3, NULL, NULL),
(2339, 26, 60, 3, NULL, NULL),
(2340, 26, 61, 5, NULL, NULL),
(2341, 26, 62, 3, NULL, NULL),
(2342, 26, 63, 4, NULL, NULL),
(2343, 26, 64, 5, NULL, NULL),
(2344, 26, 65, 4, NULL, NULL),
(2345, 26, 66, 2, NULL, NULL),
(2346, 26, 67, 4, NULL, NULL),
(2347, 26, 68, 3, NULL, NULL),
(2348, 26, 69, 4, NULL, NULL),
(2349, 26, 70, 4, NULL, NULL),
(2350, 26, 71, 4, NULL, NULL),
(2351, 26, 72, 3, NULL, NULL),
(2352, 26, 73, 4, NULL, NULL),
(2353, 26, 74, 3, NULL, NULL),
(2354, 26, 75, 3, NULL, NULL),
(2355, 26, 76, 4, NULL, NULL),
(2356, 26, 77, 3, NULL, NULL),
(2357, 26, 78, 3, NULL, NULL),
(2358, 26, 79, 4, NULL, NULL),
(2359, 26, 80, 3, NULL, NULL),
(2360, 26, 81, 4, NULL, NULL),
(2361, 26, 82, 4, NULL, NULL),
(2362, 26, 83, 5, NULL, NULL),
(2363, 26, 84, 4, NULL, NULL),
(2364, 26, 85, 3, NULL, NULL),
(2365, 26, 86, 4, NULL, NULL),
(2366, 26, 87, 4, NULL, NULL),
(2367, 26, 88, 4, NULL, NULL),
(2368, 26, 89, 3, NULL, NULL),
(2369, 26, 90, 4, NULL, NULL),
(2370, 26, 91, 3, NULL, NULL),
(2371, 26, 94, 5, NULL, NULL),
(2372, 26, 96, 5, NULL, NULL),
(2373, 26, 97, 4, NULL, NULL),
(2374, 26, 98, 3, NULL, NULL),
(2375, 26, 99, 4, NULL, NULL),
(2376, 26, 100, 4, NULL, NULL),
(2377, 26, 101, 3, NULL, NULL),
(2378, 26, 102, 3, NULL, NULL),
(2379, 26, 103, 3, NULL, NULL),
(2380, 26, 104, 4, NULL, NULL),
(2381, 26, 105, 3, NULL, NULL),
(2382, 26, 106, 3, NULL, NULL),
(2383, 26, 107, 3, NULL, NULL),
(2384, 26, 108, 3, NULL, NULL),
(2385, 26, 109, 3, NULL, NULL),
(2386, 26, 110, 4, NULL, NULL),
(2387, 26, 111, 3, NULL, NULL),
(2388, 26, 112, 3, NULL, NULL),
(2389, 27, 2, 2, NULL, NULL),
(2390, 27, 3, 5, NULL, NULL),
(2391, 27, 4, 6, NULL, NULL),
(2392, 27, 5, 6, NULL, NULL),
(2393, 27, 6, 5, NULL, NULL),
(2394, 27, 7, 4, NULL, NULL),
(2395, 27, 8, 1, NULL, NULL),
(2396, 27, 9, 5, NULL, NULL),
(2397, 27, 10, 6, NULL, NULL),
(2398, 27, 11, 4, NULL, NULL),
(2399, 27, 12, 4, NULL, NULL),
(2400, 27, 13, 5, NULL, NULL),
(2401, 27, 14, 2, NULL, NULL),
(2402, 27, 15, 6, NULL, NULL),
(2403, 27, 16, 5, NULL, NULL),
(2404, 27, 17, 6, NULL, NULL),
(2405, 27, 18, 5, NULL, NULL),
(2406, 27, 19, 5, NULL, NULL),
(2407, 27, 20, 5, NULL, NULL),
(2408, 27, 21, 6, NULL, NULL),
(2409, 27, 22, 6, NULL, NULL),
(2410, 27, 23, 5, NULL, NULL),
(2411, 27, 24, 3, NULL, NULL),
(2412, 27, 25, 6, NULL, NULL),
(2413, 27, 26, 1, NULL, NULL),
(2414, 27, 27, 6, NULL, NULL),
(2415, 27, 28, 6, NULL, NULL),
(2416, 27, 29, 6, NULL, NULL),
(2417, 27, 30, 6, NULL, NULL),
(2418, 27, 31, 4, NULL, NULL),
(2419, 27, 32, 4, NULL, NULL),
(2420, 27, 33, 4, NULL, NULL),
(2421, 27, 34, 5, NULL, NULL),
(2422, 27, 35, 5, NULL, NULL),
(2423, 27, 36, 5, NULL, NULL),
(2424, 27, 37, 6, NULL, NULL),
(2425, 27, 38, 5, NULL, NULL),
(2426, 27, 39, 1, NULL, NULL),
(2427, 27, 40, 4, NULL, NULL),
(2428, 27, 41, 6, NULL, NULL),
(2429, 27, 42, 5, NULL, NULL),
(2430, 27, 43, 3, NULL, NULL),
(2431, 27, 44, 6, NULL, NULL),
(2432, 27, 45, 5, NULL, NULL),
(2433, 27, 46, 4, NULL, NULL),
(2434, 27, 47, 3, NULL, NULL),
(2435, 27, 48, 3, NULL, NULL),
(2436, 27, 49, 5, NULL, NULL),
(2437, 27, 50, 4, NULL, NULL),
(2438, 27, 51, 6, NULL, NULL),
(2439, 27, 52, 1, NULL, NULL),
(2440, 27, 53, 6, NULL, NULL),
(2441, 27, 54, 5, NULL, NULL),
(2442, 27, 55, 5, NULL, NULL),
(2443, 27, 56, 5, NULL, NULL),
(2444, 27, 57, 5, NULL, NULL),
(2445, 27, 58, 5, NULL, NULL),
(2446, 27, 59, 1, NULL, NULL),
(2447, 27, 60, 5, NULL, NULL),
(2448, 27, 61, 6, NULL, NULL),
(2449, 27, 62, 5, NULL, NULL),
(2450, 27, 63, 5, NULL, NULL),
(2451, 27, 64, 5, NULL, NULL),
(2452, 27, 65, 5, NULL, NULL),
(2453, 27, 66, 1, NULL, NULL),
(2454, 27, 67, 4, NULL, NULL),
(2455, 27, 68, 4, NULL, NULL),
(2456, 27, 69, 5, NULL, NULL),
(2457, 27, 70, 5, NULL, NULL),
(2458, 27, 71, 5, NULL, NULL),
(2459, 27, 72, 5, NULL, NULL),
(2460, 27, 73, 6, NULL, NULL),
(2461, 27, 74, 4, NULL, NULL),
(2462, 27, 75, 3, NULL, NULL),
(2463, 27, 76, 4, NULL, NULL),
(2464, 27, 77, 5, NULL, NULL),
(2465, 27, 78, 5, NULL, NULL),
(2466, 27, 79, 5, NULL, NULL),
(2467, 27, 80, 4, NULL, NULL),
(2468, 27, 81, 4, NULL, NULL),
(2469, 27, 82, 5, NULL, NULL),
(2470, 27, 83, 5, NULL, NULL),
(2471, 27, 84, 4, NULL, NULL),
(2472, 27, 85, 2, NULL, NULL),
(2473, 27, 86, 5, NULL, NULL),
(2474, 27, 87, 4, NULL, NULL),
(2475, 27, 88, 2, NULL, NULL),
(2476, 27, 89, 3, NULL, NULL),
(2477, 27, 90, 3, NULL, NULL),
(2478, 27, 91, 4, NULL, NULL),
(2479, 27, 94, 5, NULL, NULL),
(2480, 27, 96, 4, NULL, NULL),
(2481, 27, 97, 5, NULL, NULL),
(2482, 27, 98, 1, NULL, NULL),
(2483, 27, 99, 3, NULL, NULL),
(2484, 27, 100, 6, NULL, NULL),
(2485, 27, 101, 5, NULL, NULL),
(2486, 27, 102, 6, NULL, NULL),
(2487, 27, 103, 4, NULL, NULL),
(2488, 27, 104, 4, NULL, NULL),
(2489, 27, 105, 4, NULL, NULL),
(2490, 27, 106, 4, NULL, NULL),
(2491, 27, 107, 3, NULL, NULL),
(2492, 27, 108, 6, NULL, NULL),
(2493, 27, 109, 6, NULL, NULL),
(2494, 27, 110, 3, NULL, NULL),
(2495, 27, 111, 5, NULL, NULL),
(2496, 27, 112, 6, NULL, NULL),
(2497, 28, 2, 2, NULL, NULL),
(2498, 28, 3, 5, NULL, NULL),
(2499, 28, 4, 3, NULL, NULL),
(2500, 28, 5, 6, NULL, NULL),
(2501, 28, 6, 5, NULL, NULL),
(2502, 28, 7, 6, NULL, NULL),
(2503, 28, 8, 2, NULL, NULL),
(2504, 28, 9, 3, NULL, NULL),
(2505, 28, 10, 5, NULL, NULL),
(2506, 28, 11, 6, NULL, NULL),
(2507, 28, 12, 4, NULL, NULL),
(2508, 28, 13, 4, NULL, NULL),
(2509, 28, 14, 3, NULL, NULL),
(2510, 28, 15, 4, NULL, NULL),
(2511, 28, 16, 6, NULL, NULL),
(2512, 28, 17, 5, NULL, NULL),
(2513, 28, 18, 6, NULL, NULL),
(2514, 28, 19, 4, NULL, NULL),
(2515, 28, 20, 6, NULL, NULL),
(2516, 28, 21, 6, NULL, NULL),
(2517, 28, 22, 6, NULL, NULL),
(2518, 28, 23, 5, NULL, NULL),
(2519, 28, 24, 1, NULL, NULL),
(2520, 28, 25, 5, NULL, NULL),
(2521, 28, 26, 2, NULL, NULL),
(2522, 28, 27, 6, NULL, NULL),
(2523, 28, 28, 6, NULL, NULL),
(2524, 28, 29, 6, NULL, NULL),
(2525, 28, 30, 6, NULL, NULL),
(2526, 28, 31, 4, NULL, NULL),
(2527, 28, 32, 4, NULL, NULL),
(2528, 28, 33, 6, NULL, NULL),
(2529, 28, 34, 6, NULL, NULL),
(2530, 28, 35, 5, NULL, NULL),
(2531, 28, 36, 5, NULL, NULL),
(2532, 28, 37, 4, NULL, NULL),
(2533, 28, 38, 4, NULL, NULL),
(2534, 28, 39, 3, NULL, NULL),
(2535, 28, 40, 5, NULL, NULL),
(2536, 28, 41, 3, NULL, NULL),
(2537, 28, 42, 5, NULL, NULL),
(2538, 28, 43, 4, NULL, NULL),
(2539, 28, 44, 6, NULL, NULL),
(2540, 28, 45, 3, NULL, NULL),
(2541, 28, 46, 6, NULL, NULL),
(2542, 28, 47, 6, NULL, NULL),
(2543, 28, 48, 6, NULL, NULL),
(2544, 28, 49, 6, NULL, NULL),
(2545, 28, 50, 6, NULL, NULL),
(2546, 28, 51, 5, NULL, NULL),
(2547, 28, 52, 2, NULL, NULL),
(2548, 28, 53, 4, NULL, NULL),
(2549, 28, 54, 6, NULL, NULL),
(2550, 28, 55, 6, NULL, NULL),
(2551, 28, 56, 6, NULL, NULL),
(2552, 28, 57, 5, NULL, NULL),
(2553, 28, 58, 6, NULL, NULL),
(2554, 28, 59, 2, NULL, NULL),
(2555, 28, 60, 4, NULL, NULL),
(2556, 28, 61, 6, NULL, NULL),
(2557, 28, 62, 6, NULL, NULL),
(2558, 28, 63, 6, NULL, NULL),
(2559, 28, 64, 6, NULL, NULL),
(2560, 28, 65, 6, NULL, NULL),
(2561, 28, 66, 3, NULL, NULL),
(2562, 28, 67, 5, NULL, NULL),
(2563, 28, 68, 6, NULL, NULL),
(2564, 28, 69, 2, NULL, NULL),
(2565, 28, 70, 6, NULL, NULL),
(2566, 28, 71, 5, NULL, NULL),
(2567, 28, 72, 6, NULL, NULL),
(2568, 28, 73, 4, NULL, NULL),
(2569, 28, 74, 4, NULL, NULL),
(2570, 28, 75, 1, NULL, NULL),
(2571, 28, 76, 3, NULL, NULL),
(2572, 28, 77, 3, NULL, NULL),
(2573, 28, 78, 3, NULL, NULL),
(2574, 28, 79, 5, NULL, NULL),
(2575, 28, 80, 6, NULL, NULL),
(2576, 28, 81, 6, NULL, NULL),
(2577, 28, 82, 6, NULL, NULL),
(2578, 28, 83, 5, NULL, NULL),
(2579, 28, 84, 6, NULL, NULL),
(2580, 28, 85, 1, NULL, NULL),
(2581, 28, 86, 3, NULL, NULL),
(2582, 28, 87, 5, NULL, NULL),
(2583, 28, 88, 2, NULL, NULL),
(2584, 28, 89, 6, NULL, NULL),
(2585, 28, 90, 5, NULL, NULL),
(2586, 28, 91, 6, NULL, NULL),
(2587, 28, 94, 5, NULL, NULL),
(2588, 28, 96, 6, NULL, NULL),
(2589, 28, 97, 6, NULL, NULL),
(2590, 28, 98, 3, NULL, NULL),
(2591, 28, 99, 6, NULL, NULL),
(2592, 28, 100, 5, NULL, NULL),
(2593, 28, 101, 4, NULL, NULL),
(2594, 28, 102, 6, NULL, NULL),
(2595, 28, 103, 6, NULL, NULL),
(2596, 28, 104, 6, NULL, NULL),
(2597, 28, 105, 6, NULL, NULL),
(2598, 28, 106, 6, NULL, NULL),
(2599, 28, 107, 2, NULL, NULL),
(2600, 28, 108, 5, NULL, NULL),
(2601, 28, 109, 5, NULL, NULL),
(2602, 28, 110, 1, NULL, NULL),
(2603, 28, 111, 6, NULL, NULL),
(2604, 28, 112, 6, NULL, NULL),
(2605, 29, 2, 6, NULL, NULL),
(2606, 29, 3, 5, NULL, NULL),
(2607, 29, 4, 6, NULL, NULL),
(2608, 29, 5, 4, NULL, NULL),
(2609, 29, 6, 6, NULL, NULL),
(2610, 29, 7, 5, NULL, NULL),
(2611, 29, 8, 2, NULL, NULL),
(2612, 29, 9, 5, NULL, NULL),
(2613, 29, 10, 5, NULL, NULL),
(2614, 29, 11, 4, NULL, NULL),
(2615, 29, 12, 5, NULL, NULL),
(2616, 29, 13, 5, NULL, NULL),
(2617, 29, 14, 2, NULL, NULL),
(2618, 29, 15, 5, NULL, NULL),
(2619, 29, 16, 5, NULL, NULL),
(2620, 29, 17, 5, NULL, NULL),
(2621, 29, 18, 4, NULL, NULL),
(2622, 29, 19, 5, NULL, NULL),
(2623, 29, 20, 5, NULL, NULL),
(2624, 29, 21, 5, NULL, NULL),
(2625, 29, 22, 5, NULL, NULL),
(2626, 29, 23, 5, NULL, NULL),
(2627, 29, 24, 2, NULL, NULL),
(2628, 29, 25, 5, NULL, NULL),
(2629, 29, 26, 2, NULL, NULL),
(2630, 29, 27, 5, NULL, NULL),
(2631, 29, 28, 5, NULL, NULL),
(2632, 29, 29, 5, NULL, NULL),
(2633, 29, 30, 5, NULL, NULL),
(2634, 29, 31, 4, NULL, NULL),
(2635, 29, 32, 5, NULL, NULL),
(2636, 29, 33, 5, NULL, NULL),
(2637, 29, 34, 6, NULL, NULL),
(2638, 29, 35, 5, NULL, NULL),
(2639, 29, 36, 5, NULL, NULL),
(2640, 29, 37, 4, NULL, NULL),
(2641, 29, 38, 4, NULL, NULL),
(2642, 29, 39, 2, NULL, NULL),
(2643, 29, 40, 5, NULL, NULL),
(2644, 29, 41, 5, NULL, NULL),
(2645, 29, 42, 5, NULL, NULL),
(2646, 29, 43, 4, NULL, NULL),
(2647, 29, 44, 4, NULL, NULL),
(2648, 29, 45, 5, NULL, NULL),
(2649, 29, 46, 3, NULL, NULL),
(2650, 29, 47, 4, NULL, NULL),
(2651, 29, 48, 4, NULL, NULL),
(2652, 29, 49, 5, NULL, NULL),
(2653, 29, 50, 5, NULL, NULL),
(2654, 29, 51, 5, NULL, NULL),
(2655, 29, 52, 2, NULL, NULL),
(2656, 29, 53, 5, NULL, NULL),
(2657, 29, 54, 4, NULL, NULL),
(2658, 29, 55, 5, NULL, NULL),
(2659, 29, 56, 5, NULL, NULL),
(2660, 29, 57, 4, NULL, NULL),
(2661, 29, 58, 5, NULL, NULL),
(2662, 29, 59, 2, NULL, NULL),
(2663, 29, 60, 4, NULL, NULL),
(2664, 29, 61, 4, NULL, NULL),
(2665, 29, 62, 4, NULL, NULL),
(2666, 29, 63, 5, NULL, NULL),
(2667, 29, 64, 5, NULL, NULL),
(2668, 29, 65, 5, NULL, NULL),
(2669, 29, 66, 2, NULL, NULL),
(2670, 29, 67, 4, NULL, NULL),
(2671, 29, 68, 4, NULL, NULL),
(2672, 29, 69, 3, NULL, NULL),
(2673, 29, 70, 5, NULL, NULL),
(2674, 29, 71, 5, NULL, NULL),
(2675, 29, 72, 5, NULL, NULL),
(2676, 29, 73, 5, NULL, NULL),
(2677, 29, 74, 4, NULL, NULL),
(2678, 29, 75, 1, NULL, NULL),
(2679, 29, 76, 4, NULL, NULL),
(2680, 29, 77, 3, NULL, NULL),
(2681, 29, 78, 4, NULL, NULL),
(2682, 29, 79, 3, NULL, NULL),
(2683, 29, 80, 4, NULL, NULL),
(2684, 29, 81, 5, NULL, NULL),
(2685, 29, 82, 3, NULL, NULL),
(2686, 29, 83, 3, NULL, NULL),
(2687, 29, 84, 5, NULL, NULL),
(2688, 29, 85, 3, NULL, NULL),
(2689, 29, 86, 3, NULL, NULL),
(2690, 29, 87, 3, NULL, NULL),
(2691, 29, 88, 2, NULL, NULL),
(2692, 29, 89, 2, NULL, NULL),
(2693, 29, 90, 2, NULL, NULL),
(2694, 29, 91, 5, NULL, NULL),
(2695, 29, 94, 5, NULL, NULL),
(2696, 29, 96, 5, NULL, NULL),
(2697, 29, 97, 5, NULL, NULL),
(2698, 29, 98, 2, NULL, NULL),
(2699, 29, 99, 5, NULL, NULL),
(2700, 29, 100, 5, NULL, NULL),
(2701, 29, 101, 4, NULL, NULL),
(2702, 29, 102, 5, NULL, NULL),
(2703, 29, 103, 4, NULL, NULL),
(2704, 29, 104, 4, NULL, NULL),
(2705, 29, 105, 5, NULL, NULL),
(2706, 29, 106, 4, NULL, NULL),
(2707, 29, 107, 3, NULL, NULL),
(2708, 29, 108, 5, NULL, NULL),
(2709, 29, 109, 5, NULL, NULL),
(2710, 29, 110, 2, NULL, NULL),
(2711, 29, 111, 6, NULL, NULL),
(2712, 29, 112, 5, NULL, NULL),
(2713, 30, 2, 2, NULL, NULL),
(2714, 30, 3, 5, NULL, NULL),
(2715, 30, 4, 5, NULL, NULL),
(2716, 30, 5, 5, NULL, NULL),
(2717, 30, 6, 6, NULL, NULL),
(2718, 30, 7, 6, NULL, NULL),
(2719, 30, 8, 2, NULL, NULL),
(2720, 30, 9, 5, NULL, NULL),
(2721, 30, 10, 6, NULL, NULL),
(2722, 30, 11, 6, NULL, NULL),
(2723, 30, 12, 6, NULL, NULL),
(2724, 30, 13, 6, NULL, NULL),
(2725, 30, 14, 1, NULL, NULL),
(2726, 30, 15, 5, NULL, NULL),
(2727, 30, 16, 6, NULL, NULL),
(2728, 30, 17, 6, NULL, NULL),
(2729, 30, 18, 6, NULL, NULL),
(2730, 30, 19, 3, NULL, NULL),
(2731, 30, 20, 3, NULL, NULL),
(2732, 30, 21, 6, NULL, NULL),
(2733, 30, 22, 6, NULL, NULL),
(2734, 30, 23, 6, NULL, NULL),
(2735, 30, 24, 1, NULL, NULL),
(2736, 30, 25, 6, NULL, NULL),
(2737, 30, 26, 1, NULL, NULL),
(2738, 30, 27, 5, NULL, NULL),
(2739, 30, 28, 6, NULL, NULL),
(2740, 30, 29, 3, NULL, NULL),
(2741, 30, 30, 6, NULL, NULL),
(2742, 30, 31, 3, NULL, NULL),
(2743, 30, 32, 1, NULL, NULL),
(2744, 30, 33, 6, NULL, NULL),
(2745, 30, 34, 6, NULL, NULL),
(2746, 30, 35, 6, NULL, NULL),
(2747, 30, 36, 6, NULL, NULL),
(2748, 30, 37, 6, NULL, NULL),
(2749, 30, 38, 6, NULL, NULL),
(2750, 30, 39, 1, NULL, NULL),
(2751, 30, 40, 6, NULL, NULL),
(2752, 30, 41, 6, NULL, NULL),
(2753, 30, 42, 6, NULL, NULL),
(2754, 30, 43, 4, NULL, NULL),
(2755, 30, 44, 4, NULL, NULL),
(2756, 30, 45, 6, NULL, NULL),
(2757, 30, 46, 1, NULL, NULL),
(2758, 30, 47, 6, NULL, NULL),
(2759, 30, 48, 6, NULL, NULL),
(2760, 30, 49, 6, NULL, NULL),
(2761, 30, 50, 6, NULL, NULL),
(2762, 30, 51, 6, NULL, NULL),
(2763, 30, 52, 1, NULL, NULL),
(2764, 30, 53, 6, NULL, NULL),
(2765, 30, 54, 6, NULL, NULL),
(2766, 30, 55, 5, NULL, NULL),
(2767, 30, 56, 5, NULL, NULL),
(2768, 30, 57, 6, NULL, NULL),
(2769, 30, 58, 6, NULL, NULL),
(2770, 30, 59, 1, NULL, NULL),
(2771, 30, 60, 5, NULL, NULL),
(2772, 30, 61, 6, NULL, NULL),
(2773, 30, 62, 3, NULL, NULL),
(2774, 30, 63, 6, NULL, NULL),
(2775, 30, 64, 6, NULL, NULL),
(2776, 30, 65, 4, NULL, NULL),
(2777, 30, 66, 1, NULL, NULL),
(2778, 30, 67, 3, NULL, NULL),
(2779, 30, 68, 6, NULL, NULL),
(2780, 30, 69, 5, NULL, NULL),
(2781, 30, 70, 5, NULL, NULL),
(2782, 30, 71, 6, NULL, NULL),
(2783, 30, 72, 6, NULL, NULL),
(2784, 30, 73, 6, NULL, NULL),
(2785, 30, 74, 5, NULL, NULL),
(2786, 30, 75, 1, NULL, NULL),
(2787, 30, 76, 6, NULL, NULL),
(2788, 30, 77, 6, NULL, NULL),
(2789, 30, 78, 6, NULL, NULL),
(2790, 30, 79, 6, NULL, NULL),
(2791, 30, 80, 2, NULL, NULL),
(2792, 30, 81, 6, NULL, NULL),
(2793, 30, 82, 4, NULL, NULL),
(2794, 30, 83, 5, NULL, NULL),
(2795, 30, 84, 6, NULL, NULL),
(2796, 30, 85, 1, NULL, NULL),
(2797, 30, 86, 5, NULL, NULL),
(2798, 30, 87, 6, NULL, NULL),
(2799, 30, 88, 1, NULL, NULL),
(2800, 30, 89, 6, NULL, NULL),
(2801, 30, 90, 4, NULL, NULL),
(2802, 30, 91, 6, NULL, NULL),
(2803, 30, 94, 6, NULL, NULL),
(2804, 30, 96, 6, NULL, NULL),
(2805, 30, 97, 6, NULL, NULL),
(2806, 30, 98, 3, NULL, NULL),
(2807, 30, 99, 6, NULL, NULL),
(2808, 30, 100, 4, NULL, NULL),
(2809, 30, 101, 6, NULL, NULL),
(2810, 30, 102, 6, NULL, NULL),
(2811, 30, 103, 6, NULL, NULL),
(2812, 30, 104, 6, NULL, NULL),
(2813, 30, 105, 6, NULL, NULL),
(2814, 30, 106, 6, NULL, NULL),
(2815, 30, 107, 1, NULL, NULL),
(2816, 30, 108, 6, NULL, NULL),
(2817, 30, 109, 6, NULL, NULL),
(2818, 30, 110, 1, NULL, NULL),
(2819, 30, 111, 6, NULL, NULL),
(2820, 30, 112, 6, NULL, NULL),
(2821, 31, 2, 2, NULL, NULL),
(2822, 31, 3, 3, NULL, NULL),
(2823, 31, 4, 5, NULL, NULL),
(2824, 31, 5, 5, NULL, NULL),
(2825, 31, 6, 3, NULL, NULL),
(2826, 31, 7, 4, NULL, NULL),
(2827, 31, 8, 3, NULL, NULL),
(2828, 31, 9, 5, NULL, NULL),
(2829, 31, 10, 2, NULL, NULL),
(2830, 31, 11, 4, NULL, NULL),
(2831, 31, 12, 5, NULL, NULL),
(2832, 31, 13, 6, NULL, NULL),
(2833, 31, 14, 3, NULL, NULL),
(2834, 31, 15, 3, NULL, NULL),
(2835, 31, 16, 4, NULL, NULL),
(2836, 31, 17, 6, NULL, NULL),
(2837, 31, 18, 3, NULL, NULL),
(2838, 31, 19, 4, NULL, NULL),
(2839, 31, 20, 5, NULL, NULL),
(2840, 31, 21, 6, NULL, NULL),
(2841, 31, 22, 5, NULL, NULL),
(2842, 31, 23, 4, NULL, NULL),
(2843, 31, 24, 3, NULL, NULL),
(2844, 31, 25, 3, NULL, NULL),
(2845, 31, 26, 3, NULL, NULL),
(2846, 31, 27, 4, NULL, NULL),
(2847, 31, 28, 4, NULL, NULL),
(2848, 31, 29, 3, NULL, NULL),
(2849, 31, 30, 3, NULL, NULL),
(2850, 31, 31, 2, NULL, NULL),
(2851, 31, 32, 2, NULL, NULL),
(2852, 31, 33, 4, NULL, NULL),
(2853, 31, 34, 4, NULL, NULL),
(2854, 31, 35, 3, NULL, NULL),
(2855, 31, 36, 4, NULL, NULL),
(2856, 31, 37, 4, NULL, NULL),
(2857, 31, 38, 3, NULL, NULL),
(2858, 31, 39, 2, NULL, NULL),
(2859, 31, 40, 4, NULL, NULL),
(2860, 31, 41, 5, NULL, NULL),
(2861, 31, 42, 4, NULL, NULL),
(2862, 31, 43, 4, NULL, NULL),
(2863, 31, 44, 3, NULL, NULL),
(2864, 31, 45, 3, NULL, NULL),
(2865, 31, 46, 2, NULL, NULL),
(2866, 31, 47, 3, NULL, NULL),
(2867, 31, 48, 3, NULL, NULL),
(2868, 31, 49, 3, NULL, NULL),
(2869, 31, 50, 2, NULL, NULL),
(2870, 31, 51, 3, NULL, NULL),
(2871, 31, 52, 3, NULL, NULL),
(2872, 31, 53, 3, NULL, NULL),
(2873, 31, 54, 3, NULL, NULL),
(2874, 31, 55, 2, NULL, NULL),
(2875, 31, 56, 6, NULL, NULL),
(2876, 31, 57, 4, NULL, NULL),
(2877, 31, 58, 4, NULL, NULL),
(2878, 31, 59, 3, NULL, NULL),
(2879, 31, 60, 3, NULL, NULL),
(2880, 31, 61, 5, NULL, NULL),
(2881, 31, 62, 4, NULL, NULL),
(2882, 31, 63, 4, NULL, NULL),
(2883, 31, 64, 6, NULL, NULL),
(2884, 31, 65, 5, NULL, NULL),
(2885, 31, 66, 2, NULL, NULL),
(2886, 31, 67, 4, NULL, NULL),
(2887, 31, 68, 5, NULL, NULL),
(2888, 31, 69, 3, NULL, NULL),
(2889, 31, 70, 4, NULL, NULL),
(2890, 31, 71, 3, NULL, NULL),
(2891, 31, 72, 4, NULL, NULL),
(2892, 31, 73, 4, NULL, NULL),
(2893, 31, 74, 4, NULL, NULL),
(2894, 31, 75, 3, NULL, NULL),
(2895, 31, 76, 3, NULL, NULL),
(2896, 31, 77, 3, NULL, NULL),
(2897, 31, 78, 6, NULL, NULL),
(2898, 31, 79, 4, NULL, NULL),
(2899, 31, 80, 4, NULL, NULL),
(2900, 31, 81, 3, NULL, NULL),
(2901, 31, 82, 4, NULL, NULL),
(2902, 31, 83, 5, NULL, NULL),
(2903, 31, 84, 4, NULL, NULL),
(2904, 31, 85, 3, NULL, NULL),
(2905, 31, 86, 4, NULL, NULL),
(2906, 31, 87, 3, NULL, NULL),
(2907, 31, 88, 2, NULL, NULL),
(2908, 31, 89, 4, NULL, NULL),
(2909, 31, 90, 4, NULL, NULL),
(2910, 31, 91, 3, NULL, NULL),
(2911, 31, 94, 4, NULL, NULL),
(2912, 31, 96, 4, NULL, NULL),
(2913, 31, 97, 4, NULL, NULL),
(2914, 31, 98, 2, NULL, NULL),
(2915, 31, 99, 4, NULL, NULL),
(2916, 31, 100, 3, NULL, NULL),
(2917, 31, 101, 3, NULL, NULL),
(2918, 31, 102, 4, NULL, NULL),
(2919, 31, 103, 3, NULL, NULL),
(2920, 31, 104, 3, NULL, NULL),
(2921, 31, 105, 3, NULL, NULL),
(2922, 31, 106, 3, NULL, NULL),
(2923, 31, 107, 3, NULL, NULL),
(2924, 31, 108, 4, NULL, NULL),
(2925, 31, 109, 4, NULL, NULL),
(2926, 31, 110, 3, NULL, NULL),
(2927, 31, 111, 4, NULL, NULL),
(2928, 31, 112, 4, NULL, NULL),
(2929, 32, 2, 2, NULL, NULL),
(2930, 32, 3, 5, NULL, NULL),
(2931, 32, 4, 6, NULL, NULL),
(2932, 32, 5, 6, NULL, NULL),
(2933, 32, 6, 5, NULL, NULL),
(2934, 32, 7, 4, NULL, NULL),
(2935, 32, 8, 3, NULL, NULL),
(2936, 32, 9, 3, NULL, NULL),
(2937, 32, 10, 4, NULL, NULL),
(2938, 32, 11, 3, NULL, NULL),
(2939, 32, 12, 4, NULL, NULL),
(2940, 32, 13, 5, NULL, NULL),
(2941, 32, 14, 3, NULL, NULL),
(2942, 32, 15, 3, NULL, NULL),
(2943, 32, 16, 5, NULL, NULL),
(2944, 32, 17, 4, NULL, NULL),
(2945, 32, 18, 4, NULL, NULL),
(2946, 32, 19, 5, NULL, NULL),
(2947, 32, 20, 3, NULL, NULL),
(2948, 32, 21, 4, NULL, NULL),
(2949, 32, 22, 4, NULL, NULL),
(2950, 32, 23, 4, NULL, NULL),
(2951, 32, 24, 3, NULL, NULL),
(2952, 32, 25, 4, NULL, NULL),
(2953, 32, 26, 3, NULL, NULL),
(2954, 32, 27, 4, NULL, NULL),
(2955, 32, 28, 5, NULL, NULL),
(2956, 32, 29, 5, NULL, NULL),
(2957, 32, 30, 4, NULL, NULL),
(2958, 32, 31, 4, NULL, NULL),
(2959, 32, 32, 4, NULL, NULL),
(2960, 32, 33, 5, NULL, NULL),
(2961, 32, 34, 5, NULL, NULL),
(2962, 32, 35, 4, NULL, NULL),
(2963, 32, 36, 4, NULL, NULL),
(2964, 32, 37, 3, NULL, NULL),
(2965, 32, 38, 4, NULL, NULL),
(2966, 32, 39, 3, NULL, NULL),
(2967, 32, 40, 3, NULL, NULL),
(2968, 32, 41, 3, NULL, NULL),
(2969, 32, 42, 3, NULL, NULL),
(2970, 32, 43, 4, NULL, NULL),
(2971, 32, 44, 4, NULL, NULL),
(2972, 32, 45, 3, NULL, NULL),
(2973, 32, 46, 3, NULL, NULL),
(2974, 32, 47, 3, NULL, NULL),
(2975, 32, 48, 3, NULL, NULL),
(2976, 32, 49, 5, NULL, NULL),
(2977, 32, 50, 4, NULL, NULL),
(2978, 32, 51, 3, NULL, NULL),
(2979, 32, 52, 2, NULL, NULL),
(2980, 32, 53, 4, NULL, NULL),
(2981, 32, 54, 4, NULL, NULL),
(2982, 32, 55, 4, NULL, NULL),
(2983, 32, 56, 4, NULL, NULL),
(2984, 32, 57, 4, NULL, NULL),
(2985, 32, 58, 4, NULL, NULL),
(2986, 32, 59, 3, NULL, NULL),
(2987, 32, 60, 4, NULL, NULL),
(2988, 32, 61, 5, NULL, NULL),
(2989, 32, 62, 5, NULL, NULL),
(2990, 32, 63, 4, NULL, NULL),
(2991, 32, 64, 5, NULL, NULL),
(2992, 32, 65, 5, NULL, NULL),
(2993, 32, 66, 3, NULL, NULL),
(2994, 32, 67, 4, NULL, NULL),
(2995, 32, 68, 3, NULL, NULL),
(2996, 32, 69, 5, NULL, NULL),
(2997, 32, 70, 5, NULL, NULL),
(2998, 32, 71, 5, NULL, NULL),
(2999, 32, 72, 5, NULL, NULL),
(3000, 32, 73, 5, NULL, NULL),
(3001, 32, 74, 4, NULL, NULL),
(3002, 32, 75, 3, NULL, NULL),
(3003, 32, 76, 5, NULL, NULL),
(3004, 32, 77, 4, NULL, NULL),
(3005, 32, 78, 4, NULL, NULL),
(3006, 32, 79, 5, NULL, NULL),
(3007, 32, 80, 5, NULL, NULL),
(3008, 32, 81, 5, NULL, NULL),
(3009, 32, 82, 4, NULL, NULL),
(3010, 32, 83, 5, NULL, NULL),
(3011, 32, 84, 4, NULL, NULL),
(3012, 32, 85, 2, NULL, NULL),
(3013, 32, 86, 5, NULL, NULL),
(3014, 32, 87, 5, NULL, NULL),
(3015, 32, 88, 5, NULL, NULL),
(3016, 32, 89, 5, NULL, NULL),
(3017, 32, 90, 5, NULL, NULL),
(3018, 32, 91, 4, NULL, NULL),
(3019, 32, 94, 5, NULL, NULL),
(3020, 32, 96, 5, NULL, NULL),
(3021, 32, 97, 5, NULL, NULL),
(3022, 32, 98, 2, NULL, NULL),
(3023, 32, 99, 5, NULL, NULL),
(3024, 32, 100, 5, NULL, NULL),
(3025, 32, 101, 5, NULL, NULL),
(3026, 32, 102, 5, NULL, NULL),
(3027, 32, 103, 5, NULL, NULL),
(3028, 32, 104, 4, NULL, NULL),
(3029, 32, 105, 4, NULL, NULL),
(3030, 32, 106, 4, NULL, NULL),
(3031, 32, 107, 2, NULL, NULL),
(3032, 32, 108, 4, NULL, NULL),
(3033, 32, 109, 4, NULL, NULL),
(3034, 32, 110, 4, NULL, NULL),
(3035, 32, 111, 4, NULL, NULL),
(3036, 32, 112, 5, NULL, NULL),
(3037, 33, 2, 4, NULL, NULL),
(3038, 33, 3, 4, NULL, NULL),
(3039, 33, 4, 4, NULL, NULL),
(3040, 33, 5, 4, NULL, NULL),
(3041, 33, 6, 4, NULL, NULL),
(3042, 33, 7, 4, NULL, NULL),
(3043, 33, 8, 2, NULL, NULL),
(3044, 33, 9, 4, NULL, NULL),
(3045, 33, 10, 3, NULL, NULL),
(3046, 33, 11, 4, NULL, NULL),
(3047, 33, 12, 5, NULL, NULL),
(3048, 33, 13, 4, NULL, NULL),
(3049, 33, 14, 2, NULL, NULL),
(3050, 33, 15, 4, NULL, NULL),
(3051, 33, 16, 4, NULL, NULL),
(3052, 33, 17, 4, NULL, NULL),
(3053, 33, 18, 5, NULL, NULL),
(3054, 33, 19, 4, NULL, NULL),
(3055, 33, 20, 3, NULL, NULL),
(3056, 33, 21, 4, NULL, NULL),
(3057, 33, 22, 5, NULL, NULL),
(3058, 33, 23, 4, NULL, NULL),
(3059, 33, 24, 3, NULL, NULL),
(3060, 33, 25, 3, NULL, NULL),
(3061, 33, 26, 2, NULL, NULL),
(3062, 33, 27, 4, NULL, NULL),
(3063, 33, 28, 4, NULL, NULL),
(3064, 33, 29, 5, NULL, NULL),
(3065, 33, 30, 5, NULL, NULL),
(3066, 33, 31, 3, NULL, NULL),
(3067, 33, 32, 3, NULL, NULL),
(3068, 33, 33, 4, NULL, NULL),
(3069, 33, 34, 5, NULL, NULL),
(3070, 33, 35, 4, NULL, NULL),
(3071, 33, 36, 4, NULL, NULL),
(3072, 33, 37, 3, NULL, NULL),
(3073, 33, 38, 4, NULL, NULL),
(3074, 33, 39, 3, NULL, NULL),
(3075, 33, 40, 4, NULL, NULL),
(3076, 33, 41, 4, NULL, NULL),
(3077, 33, 42, 2, NULL, NULL),
(3078, 33, 43, 2, NULL, NULL),
(3079, 33, 44, 4, NULL, NULL),
(3080, 33, 45, 3, NULL, NULL),
(3081, 33, 46, 3, NULL, NULL),
(3082, 33, 47, 2, NULL, NULL),
(3083, 33, 48, 3, NULL, NULL),
(3084, 33, 49, 4, NULL, NULL),
(3085, 33, 50, 6, NULL, NULL),
(3086, 33, 51, 3, NULL, NULL),
(3087, 33, 52, 3, NULL, NULL),
(3088, 33, 53, 4, NULL, NULL),
(3089, 33, 54, 6, NULL, NULL),
(3090, 33, 55, 5, NULL, NULL),
(3091, 33, 56, 5, NULL, NULL),
(3092, 33, 57, 3, NULL, NULL),
(3093, 33, 58, 4, NULL, NULL),
(3094, 33, 59, 1, NULL, NULL),
(3095, 33, 60, 4, NULL, NULL),
(3096, 33, 61, 4, NULL, NULL),
(3097, 33, 62, 3, NULL, NULL),
(3098, 33, 63, 4, NULL, NULL),
(3099, 33, 64, 4, NULL, NULL),
(3100, 33, 65, 4, NULL, NULL),
(3101, 33, 66, 1, NULL, NULL),
(3102, 33, 67, 2, NULL, NULL),
(3103, 33, 68, 4, NULL, NULL),
(3104, 33, 69, 4, NULL, NULL),
(3105, 33, 70, 4, NULL, NULL),
(3106, 33, 71, 4, NULL, NULL),
(3107, 33, 72, 4, NULL, NULL),
(3108, 33, 73, 4, NULL, NULL),
(3109, 33, 74, 5, NULL, NULL),
(3110, 33, 75, 2, NULL, NULL),
(3111, 33, 76, 5, NULL, NULL),
(3112, 33, 77, 6, NULL, NULL),
(3113, 33, 78, 6, NULL, NULL),
(3114, 33, 79, 6, NULL, NULL),
(3115, 33, 80, 5, NULL, NULL),
(3116, 33, 81, 5, NULL, NULL),
(3117, 33, 82, 6, NULL, NULL),
(3118, 33, 83, 6, NULL, NULL),
(3119, 33, 84, 6, NULL, NULL),
(3120, 33, 85, 1, NULL, NULL),
(3121, 33, 86, 4, NULL, NULL),
(3122, 33, 87, 4, NULL, NULL),
(3123, 33, 88, 4, NULL, NULL),
(3124, 33, 89, 4, NULL, NULL),
(3125, 33, 90, 4, NULL, NULL),
(3126, 33, 91, 4, NULL, NULL),
(3127, 33, 94, 4, NULL, NULL),
(3128, 33, 96, 4, NULL, NULL),
(3129, 33, 97, 3, NULL, NULL),
(3130, 33, 98, 1, NULL, NULL),
(3131, 33, 99, 5, NULL, NULL),
(3132, 33, 100, 5, NULL, NULL),
(3133, 33, 101, 4, NULL, NULL),
(3134, 33, 102, 5, NULL, NULL),
(3135, 33, 103, 6, NULL, NULL),
(3136, 33, 104, 5, NULL, NULL),
(3137, 33, 105, 5, NULL, NULL),
(3138, 33, 106, 4, NULL, NULL),
(3139, 33, 107, 3, NULL, NULL),
(3140, 33, 108, 3, NULL, NULL),
(3141, 33, 109, 2, NULL, NULL),
(3142, 33, 110, 2, NULL, NULL),
(3143, 33, 111, 3, NULL, NULL),
(3144, 33, 112, 5, NULL, NULL),
(3145, 34, 2, 5, NULL, NULL),
(3146, 34, 3, 4, NULL, NULL),
(3147, 34, 4, 5, NULL, NULL),
(3148, 34, 5, 5, NULL, NULL),
(3149, 34, 6, 5, NULL, NULL),
(3150, 34, 7, 4, NULL, NULL),
(3151, 34, 8, 3, NULL, NULL),
(3152, 34, 9, 5, NULL, NULL),
(3153, 34, 10, 5, NULL, NULL),
(3154, 34, 11, 4, NULL, NULL),
(3155, 34, 12, 4, NULL, NULL),
(3156, 34, 13, 5, NULL, NULL),
(3157, 34, 14, 3, NULL, NULL),
(3158, 34, 15, 4, NULL, NULL),
(3159, 34, 16, 4, NULL, NULL),
(3160, 34, 17, 4, NULL, NULL),
(3161, 34, 18, 4, NULL, NULL),
(3162, 34, 19, 5, NULL, NULL),
(3163, 34, 20, 5, NULL, NULL),
(3164, 34, 21, 6, NULL, NULL),
(3165, 34, 22, 6, NULL, NULL),
(3166, 34, 23, 5, NULL, NULL),
(3167, 34, 24, 3, NULL, NULL),
(3168, 34, 25, 4, NULL, NULL),
(3169, 34, 26, 2, NULL, NULL),
(3170, 34, 27, 5, NULL, NULL),
(3171, 34, 28, 5, NULL, NULL),
(3172, 34, 29, 4, NULL, NULL),
(3173, 34, 30, 5, NULL, NULL),
(3174, 34, 31, 3, NULL, NULL),
(3175, 34, 32, 4, NULL, NULL),
(3176, 34, 33, 5, NULL, NULL),
(3177, 34, 34, 5, NULL, NULL),
(3178, 34, 35, 5, NULL, NULL),
(3179, 34, 36, 4, NULL, NULL),
(3180, 34, 37, 5, NULL, NULL),
(3181, 34, 38, 5, NULL, NULL),
(3182, 34, 39, 2, NULL, NULL),
(3183, 34, 40, 5, NULL, NULL),
(3184, 34, 41, 5, NULL, NULL),
(3185, 34, 42, 5, NULL, NULL),
(3186, 34, 43, 5, NULL, NULL),
(3187, 34, 44, 5, NULL, NULL),
(3188, 34, 45, 6, NULL, NULL),
(3189, 34, 46, 6, NULL, NULL),
(3190, 34, 47, 5, NULL, NULL),
(3191, 34, 48, 5, NULL, NULL),
(3192, 34, 49, 5, NULL, NULL),
(3193, 34, 50, 5, NULL, NULL),
(3194, 34, 51, 5, NULL, NULL),
(3195, 34, 52, 3, NULL, NULL),
(3196, 34, 53, 4, NULL, NULL),
(3197, 34, 54, 4, NULL, NULL),
(3198, 34, 55, 6, NULL, NULL),
(3199, 34, 56, 6, NULL, NULL),
(3200, 34, 57, 3, NULL, NULL),
(3201, 34, 58, 6, NULL, NULL),
(3202, 34, 59, 2, NULL, NULL),
(3203, 34, 60, 4, NULL, NULL),
(3204, 34, 61, 5, NULL, NULL),
(3205, 34, 62, 5, NULL, NULL),
(3206, 34, 63, 5, NULL, NULL),
(3207, 34, 64, 5, NULL, NULL),
(3208, 34, 65, 5, NULL, NULL),
(3209, 34, 66, 2, NULL, NULL),
(3210, 34, 67, 5, NULL, NULL),
(3211, 34, 68, 4, NULL, NULL),
(3212, 34, 69, 5, NULL, NULL),
(3213, 34, 70, 4, NULL, NULL),
(3214, 34, 71, 5, NULL, NULL),
(3215, 34, 72, 5, NULL, NULL),
(3216, 34, 73, 5, NULL, NULL),
(3217, 34, 74, 5, NULL, NULL),
(3218, 34, 75, 2, NULL, NULL),
(3219, 34, 76, 5, NULL, NULL),
(3220, 34, 77, 5, NULL, NULL),
(3221, 34, 78, 5, NULL, NULL),
(3222, 34, 79, 5, NULL, NULL),
(3223, 34, 80, 5, NULL, NULL),
(3224, 34, 81, 5, NULL, NULL),
(3225, 34, 82, 4, NULL, NULL),
(3226, 34, 83, 4, NULL, NULL),
(3227, 34, 84, 4, NULL, NULL),
(3228, 34, 85, 3, NULL, NULL),
(3229, 34, 86, 5, NULL, NULL),
(3230, 34, 87, 5, NULL, NULL),
(3231, 34, 88, 3, NULL, NULL),
(3232, 34, 89, 4, NULL, NULL),
(3233, 34, 90, 4, NULL, NULL),
(3234, 34, 91, 3, NULL, NULL),
(3235, 34, 94, 3, NULL, NULL),
(3236, 34, 96, 4, NULL, NULL),
(3237, 34, 97, 5, NULL, NULL),
(3238, 34, 98, 2, NULL, NULL),
(3239, 34, 99, 5, NULL, NULL),
(3240, 34, 100, 4, NULL, NULL),
(3241, 34, 101, 4, NULL, NULL),
(3242, 34, 102, 4, NULL, NULL),
(3243, 34, 103, 5, NULL, NULL),
(3244, 34, 104, 5, NULL, NULL),
(3245, 34, 105, 5, NULL, NULL),
(3246, 34, 106, 5, NULL, NULL),
(3247, 34, 107, 2, NULL, NULL),
(3248, 34, 108, 5, NULL, NULL),
(3249, 34, 109, 4, NULL, NULL),
(3250, 34, 110, 4, NULL, NULL),
(3251, 34, 111, 5, NULL, NULL),
(3252, 34, 112, 4, NULL, NULL),
(3253, 35, 2, 5, NULL, NULL),
(3254, 35, 3, 4, NULL, NULL),
(3255, 35, 4, 5, NULL, NULL),
(3256, 35, 5, 5, NULL, NULL),
(3257, 35, 6, 5, NULL, NULL),
(3258, 35, 7, 4, NULL, NULL),
(3259, 35, 8, 2, NULL, NULL),
(3260, 35, 9, 4, NULL, NULL),
(3261, 35, 10, 4, NULL, NULL),
(3262, 35, 11, 5, NULL, NULL),
(3263, 35, 12, 5, NULL, NULL),
(3264, 35, 13, 5, NULL, NULL),
(3265, 35, 14, 2, NULL, NULL),
(3266, 35, 15, 4, NULL, NULL),
(3267, 35, 16, 5, NULL, NULL),
(3268, 35, 17, 5, NULL, NULL),
(3269, 35, 18, 4, NULL, NULL),
(3270, 35, 19, 5, NULL, NULL),
(3271, 35, 20, 5, NULL, NULL),
(3272, 35, 21, 5, NULL, NULL),
(3273, 35, 22, 4, NULL, NULL),
(3274, 35, 23, 4, NULL, NULL),
(3275, 35, 24, 2, NULL, NULL),
(3276, 35, 25, 4, NULL, NULL),
(3277, 35, 26, 2, NULL, NULL),
(3278, 35, 27, 5, NULL, NULL),
(3279, 35, 28, 4, NULL, NULL),
(3280, 35, 29, 5, NULL, NULL),
(3281, 35, 30, 5, NULL, NULL),
(3282, 35, 31, 3, NULL, NULL),
(3283, 35, 32, 2, NULL, NULL),
(3284, 35, 33, 3, NULL, NULL),
(3285, 35, 34, 4, NULL, NULL),
(3286, 35, 35, 4, NULL, NULL),
(3287, 35, 36, 5, NULL, NULL),
(3288, 35, 37, 4, NULL, NULL),
(3289, 35, 38, 4, NULL, NULL),
(3290, 35, 39, 2, NULL, NULL),
(3291, 35, 40, 4, NULL, NULL),
(3292, 35, 41, 4, NULL, NULL),
(3293, 35, 42, 2, NULL, NULL),
(3294, 35, 43, 2, NULL, NULL),
(3295, 35, 44, 4, NULL, NULL),
(3296, 35, 45, 3, NULL, NULL),
(3297, 35, 46, 1, NULL, NULL),
(3298, 35, 47, 5, NULL, NULL),
(3299, 35, 48, 4, NULL, NULL),
(3300, 35, 49, 5, NULL, NULL),
(3301, 35, 50, 5, NULL, NULL),
(3302, 35, 51, 5, NULL, NULL),
(3303, 35, 52, 3, NULL, NULL),
(3304, 35, 53, 5, NULL, NULL),
(3305, 35, 54, 5, NULL, NULL),
(3306, 35, 55, 5, NULL, NULL),
(3307, 35, 56, 4, NULL, NULL),
(3308, 35, 57, 5, NULL, NULL),
(3309, 35, 58, 5, NULL, NULL),
(3310, 35, 59, 3, NULL, NULL),
(3311, 35, 60, 4, NULL, NULL),
(3312, 35, 62, 1, NULL, NULL),
(3313, 35, 63, 5, NULL, NULL),
(3314, 35, 64, 5, NULL, NULL),
(3315, 35, 65, 4, NULL, NULL),
(3316, 35, 66, 2, NULL, NULL),
(3317, 35, 67, 4, NULL, NULL),
(3318, 35, 68, 4, NULL, NULL),
(3319, 35, 69, 5, NULL, NULL),
(3320, 35, 70, 5, NULL, NULL),
(3321, 35, 71, 5, NULL, NULL),
(3322, 35, 72, 5, NULL, NULL),
(3323, 35, 73, 5, NULL, NULL),
(3324, 35, 74, 4, NULL, NULL),
(3325, 35, 75, 3, NULL, NULL),
(3326, 35, 76, 4, NULL, NULL),
(3327, 35, 77, 3, NULL, NULL),
(3328, 35, 78, 4, NULL, NULL),
(3329, 35, 79, 3, NULL, NULL),
(3330, 35, 80, 5, NULL, NULL),
(3331, 35, 81, 5, NULL, NULL),
(3332, 35, 82, 5, NULL, NULL),
(3333, 35, 83, 5, NULL, NULL),
(3334, 35, 84, 4, NULL, NULL),
(3335, 35, 85, 2, NULL, NULL),
(3336, 35, 86, 5, NULL, NULL),
(3337, 35, 87, 4, NULL, NULL),
(3338, 35, 88, 3, NULL, NULL),
(3339, 35, 89, 4, NULL, NULL),
(3340, 35, 90, 4, NULL, NULL),
(3341, 35, 91, 4, NULL, NULL),
(3342, 35, 94, 4, NULL, NULL),
(3343, 35, 96, 4, NULL, NULL),
(3344, 35, 97, 4, NULL, NULL),
(3345, 35, 98, 2, NULL, NULL),
(3346, 35, 99, 4, NULL, NULL),
(3347, 35, 100, 5, NULL, NULL),
(3348, 35, 101, 5, NULL, NULL),
(3349, 35, 102, 4, NULL, NULL),
(3350, 35, 103, 4, NULL, NULL),
(3351, 35, 104, 4, NULL, NULL),
(3352, 35, 105, 4, NULL, NULL),
(3353, 35, 106, 4, NULL, NULL),
(3354, 35, 107, 3, NULL, NULL),
(3355, 35, 108, 4, NULL, NULL),
(3356, 35, 109, 4, NULL, NULL),
(3357, 35, 110, 3, NULL, NULL),
(3358, 35, 111, 4, NULL, NULL),
(3359, 35, 112, 4, NULL, NULL),
(3360, 36, 2, 2, NULL, NULL),
(3361, 36, 3, 4, NULL, NULL),
(3362, 36, 4, 4, NULL, NULL),
(3363, 36, 5, 4, NULL, NULL),
(3364, 36, 6, 5, NULL, NULL),
(3365, 36, 7, 5, NULL, NULL),
(3366, 36, 8, 1, NULL, NULL),
(3367, 36, 9, 4, NULL, NULL),
(3368, 36, 10, 5, NULL, NULL),
(3369, 36, 11, 5, NULL, NULL),
(3370, 36, 12, 5, NULL, NULL),
(3371, 36, 13, 4, NULL, NULL),
(3372, 36, 14, 1, NULL, NULL),
(3373, 36, 15, 4, NULL, NULL),
(3374, 36, 16, 4, NULL, NULL),
(3375, 36, 17, 4, NULL, NULL),
(3376, 36, 18, 4, NULL, NULL),
(3377, 36, 19, 4, NULL, NULL),
(3378, 36, 20, 4, NULL, NULL),
(3379, 36, 21, 4, NULL, NULL),
(3380, 36, 22, 5, NULL, NULL),
(3381, 36, 23, 4, NULL, NULL),
(3382, 36, 24, 3, NULL, NULL),
(3383, 36, 25, 4, NULL, NULL),
(3384, 36, 26, 1, NULL, NULL),
(3385, 36, 27, 4, NULL, NULL),
(3386, 36, 28, 4, NULL, NULL),
(3387, 36, 29, 6, NULL, NULL),
(3388, 36, 30, 5, NULL, NULL),
(3389, 36, 31, 4, NULL, NULL),
(3390, 36, 32, 4, NULL, NULL),
(3391, 36, 33, 4, NULL, NULL),
(3392, 36, 34, 4, NULL, NULL),
(3393, 36, 35, 4, NULL, NULL),
(3394, 36, 36, 4, NULL, NULL),
(3395, 36, 37, 4, NULL, NULL),
(3396, 36, 38, 4, NULL, NULL),
(3397, 36, 39, 1, NULL, NULL),
(3398, 36, 40, 4, NULL, NULL),
(3399, 36, 41, 2, NULL, NULL),
(3400, 36, 42, 3, NULL, NULL),
(3401, 36, 43, 4, NULL, NULL),
(3402, 36, 44, 5, NULL, NULL),
(3403, 36, 45, 5, NULL, NULL),
(3404, 36, 46, 2, NULL, NULL),
(3405, 36, 47, 5, NULL, NULL),
(3406, 36, 48, 5, NULL, NULL),
(3407, 36, 49, 6, NULL, NULL),
(3408, 36, 50, 4, NULL, NULL),
(3409, 36, 51, 3, NULL, NULL),
(3410, 36, 52, 2, NULL, NULL),
(3411, 36, 53, 3, NULL, NULL),
(3412, 36, 54, 4, NULL, NULL),
(3413, 36, 55, 5, NULL, NULL),
(3414, 36, 56, 5, NULL, NULL),
(3415, 36, 57, 6, NULL, NULL),
(3416, 36, 58, 5, NULL, NULL),
(3417, 36, 59, 2, NULL, NULL),
(3418, 36, 60, 4, NULL, NULL),
(3419, 36, 61, 4, NULL, NULL),
(3420, 36, 62, 4, NULL, NULL),
(3421, 36, 63, 5, NULL, NULL),
(3422, 36, 64, 6, NULL, NULL),
(3423, 36, 65, 5, NULL, NULL),
(3424, 36, 66, 2, NULL, NULL),
(3425, 36, 67, 3, NULL, NULL),
(3426, 36, 68, 5, NULL, NULL),
(3427, 36, 69, 5, NULL, NULL),
(3428, 36, 70, 5, NULL, NULL),
(3429, 36, 71, 5, NULL, NULL),
(3430, 36, 72, 5, NULL, NULL),
(3431, 36, 73, 4, NULL, NULL),
(3432, 36, 74, 5, NULL, NULL),
(3433, 36, 75, 1, NULL, NULL),
(3434, 36, 76, 5, NULL, NULL),
(3435, 36, 77, 5, NULL, NULL),
(3436, 36, 78, 4, NULL, NULL),
(3437, 36, 79, 3, NULL, NULL),
(3438, 36, 80, 3, NULL, NULL),
(3439, 36, 81, 5, NULL, NULL),
(3440, 36, 82, 5, NULL, NULL),
(3441, 36, 83, 5, NULL, NULL),
(3442, 36, 84, 4, NULL, NULL),
(3443, 36, 85, 1, NULL, NULL),
(3444, 36, 86, 5, NULL, NULL),
(3445, 36, 87, 3, NULL, NULL),
(3446, 36, 88, 3, NULL, NULL),
(3447, 36, 89, 4, NULL, NULL),
(3448, 36, 90, 6, NULL, NULL),
(3449, 36, 91, 6, NULL, NULL),
(3450, 36, 94, 5, NULL, NULL),
(3451, 36, 96, 5, NULL, NULL),
(3452, 36, 97, 4, NULL, NULL),
(3453, 36, 98, 3, NULL, NULL),
(3454, 36, 99, 5, NULL, NULL),
(3455, 36, 100, 5, NULL, NULL),
(3456, 36, 101, 5, NULL, NULL),
(3457, 36, 102, 5, NULL, NULL),
(3458, 36, 103, 6, NULL, NULL),
(3459, 36, 104, 5, NULL, NULL),
(3460, 36, 105, 5, NULL, NULL),
(3461, 36, 106, 5, NULL, NULL),
(3462, 36, 107, 3, NULL, NULL),
(3463, 36, 108, 6, NULL, NULL),
(3464, 36, 109, 5, NULL, NULL),
(3465, 36, 110, 5, NULL, NULL),
(3466, 36, 111, 5, NULL, NULL),
(3467, 36, 112, 6, NULL, NULL),
(3468, 37, 2, 2, NULL, NULL),
(3469, 37, 3, 3, NULL, NULL),
(3470, 37, 4, 5, NULL, NULL),
(3471, 37, 5, 4, NULL, NULL),
(3472, 37, 6, 5, NULL, NULL),
(3473, 37, 7, 5, NULL, NULL),
(3474, 37, 8, 3, NULL, NULL),
(3475, 37, 9, 4, NULL, NULL),
(3476, 37, 10, 5, NULL, NULL),
(3477, 37, 11, 4, NULL, NULL),
(3478, 37, 12, 5, NULL, NULL),
(3479, 37, 13, 5, NULL, NULL),
(3480, 37, 14, 3, NULL, NULL),
(3481, 37, 15, 4, NULL, NULL),
(3482, 37, 16, 5, NULL, NULL),
(3483, 37, 17, 4, NULL, NULL),
(3484, 37, 18, 5, NULL, NULL),
(3485, 37, 19, 5, NULL, NULL),
(3486, 37, 20, 5, NULL, NULL),
(3487, 37, 21, 5, NULL, NULL),
(3488, 37, 22, 5, NULL, NULL),
(3489, 37, 23, 5, NULL, NULL),
(3490, 37, 24, 3, NULL, NULL),
(3491, 37, 25, 4, NULL, NULL),
(3492, 37, 26, 3, NULL, NULL),
(3493, 37, 27, 4, NULL, NULL),
(3494, 37, 28, 4, NULL, NULL),
(3495, 37, 29, 4, NULL, NULL),
(3496, 37, 30, 5, NULL, NULL),
(3497, 37, 31, 4, NULL, NULL),
(3498, 37, 32, 3, NULL, NULL),
(3499, 37, 33, 4, NULL, NULL),
(3500, 37, 34, 4, NULL, NULL),
(3501, 37, 35, 5, NULL, NULL),
(3502, 37, 36, 5, NULL, NULL),
(3503, 37, 37, 4, NULL, NULL),
(3504, 37, 38, 4, NULL, NULL),
(3505, 37, 39, 2, NULL, NULL),
(3506, 37, 40, 4, NULL, NULL),
(3507, 37, 41, 3, NULL, NULL),
(3508, 37, 42, 4, NULL, NULL),
(3509, 37, 43, 4, NULL, NULL),
(3510, 37, 44, 4, NULL, NULL),
(3511, 37, 45, 4, NULL, NULL),
(3512, 37, 46, 4, NULL, NULL),
(3513, 37, 47, 4, NULL, NULL),
(3514, 37, 48, 5, NULL, NULL),
(3515, 37, 49, 4, NULL, NULL),
(3516, 37, 50, 4, NULL, NULL),
(3517, 37, 51, 4, NULL, NULL),
(3518, 37, 52, 3, NULL, NULL),
(3519, 37, 53, 4, NULL, NULL),
(3520, 37, 54, 5, NULL, NULL),
(3521, 37, 55, 5, NULL, NULL),
(3522, 37, 56, 4, NULL, NULL),
(3523, 37, 57, 4, NULL, NULL),
(3524, 37, 58, 5, NULL, NULL),
(3525, 37, 59, 3, NULL, NULL),
(3526, 37, 60, 4, NULL, NULL),
(3527, 37, 61, 4, NULL, NULL),
(3528, 37, 62, 4, NULL, NULL),
(3529, 37, 63, 5, NULL, NULL),
(3530, 37, 64, 5, NULL, NULL),
(3531, 37, 65, 4, NULL, NULL),
(3532, 37, 66, 3, NULL, NULL),
(3533, 37, 67, 3, NULL, NULL),
(3534, 37, 68, 4, NULL, NULL),
(3535, 37, 69, 5, NULL, NULL),
(3536, 37, 70, 5, NULL, NULL),
(3537, 37, 71, 5, NULL, NULL),
(3538, 37, 72, 5, NULL, NULL),
(3539, 37, 73, 5, NULL, NULL),
(3540, 37, 74, 5, NULL, NULL),
(3541, 37, 75, 3, NULL, NULL),
(3542, 37, 76, 4, NULL, NULL),
(3543, 37, 77, 4, NULL, NULL),
(3544, 37, 78, 4, NULL, NULL),
(3545, 37, 79, 4, NULL, NULL),
(3546, 37, 80, 4, NULL, NULL),
(3547, 37, 81, 5, NULL, NULL),
(3548, 37, 82, 4, NULL, NULL),
(3549, 37, 83, 4, NULL, NULL),
(3550, 37, 84, 4, NULL, NULL),
(3551, 37, 85, 3, NULL, NULL),
(3552, 37, 86, 5, NULL, NULL),
(3553, 37, 87, 5, NULL, NULL),
(3554, 37, 88, 4, NULL, NULL),
(3555, 37, 89, 5, NULL, NULL),
(3556, 37, 90, 5, NULL, NULL),
(3557, 37, 91, 4, NULL, NULL),
(3558, 37, 94, 5, NULL, NULL),
(3559, 37, 96, 5, NULL, NULL),
(3560, 37, 97, 4, NULL, NULL),
(3561, 37, 98, 3, NULL, NULL),
(3562, 37, 99, 5, NULL, NULL),
(3563, 37, 100, 5, NULL, NULL),
(3564, 37, 101, 5, NULL, NULL),
(3565, 37, 102, 5, NULL, NULL),
(3566, 37, 103, 5, NULL, NULL),
(3567, 37, 104, 4, NULL, NULL),
(3568, 37, 105, 4, NULL, NULL),
(3569, 37, 106, 4, NULL, NULL),
(3570, 37, 107, 3, NULL, NULL),
(3571, 37, 108, 4, NULL, NULL),
(3572, 37, 109, 4, NULL, NULL),
(3573, 37, 110, 2, NULL, NULL),
(3574, 37, 111, 3, NULL, NULL),
(3575, 37, 112, 5, NULL, NULL),
(3576, 38, 2, 2, NULL, NULL),
(3577, 38, 3, 3, NULL, NULL),
(3578, 38, 4, 4, NULL, NULL),
(3579, 38, 5, 4, NULL, NULL),
(3580, 38, 6, 4, NULL, NULL),
(3581, 38, 7, 4, NULL, NULL),
(3582, 38, 8, 2, NULL, NULL),
(3583, 38, 9, 4, NULL, NULL),
(3584, 38, 10, 4, NULL, NULL),
(3585, 38, 11, 4, NULL, NULL),
(3586, 38, 12, 4, NULL, NULL),
(3587, 38, 13, 4, NULL, NULL),
(3588, 38, 14, 2, NULL, NULL),
(3589, 38, 15, 4, NULL, NULL),
(3590, 38, 16, 4, NULL, NULL),
(3591, 38, 17, 4, NULL, NULL),
(3592, 38, 18, 4, NULL, NULL),
(3593, 38, 19, 4, NULL, NULL),
(3594, 38, 20, 4, NULL, NULL),
(3595, 38, 21, 4, NULL, NULL),
(3596, 38, 22, 4, NULL, NULL),
(3597, 38, 23, 4, NULL, NULL),
(3598, 38, 24, 3, NULL, NULL),
(3599, 38, 25, 4, NULL, NULL),
(3600, 38, 26, 2, NULL, NULL),
(3601, 38, 27, 4, NULL, NULL),
(3602, 38, 28, 4, NULL, NULL),
(3603, 38, 29, 4, NULL, NULL),
(3604, 38, 30, 4, NULL, NULL),
(3605, 38, 31, 4, NULL, NULL),
(3606, 38, 32, 4, NULL, NULL),
(3607, 38, 33, 4, NULL, NULL),
(3608, 38, 34, 4, NULL, NULL),
(3609, 38, 35, 4, NULL, NULL),
(3610, 38, 36, 4, NULL, NULL),
(3611, 38, 37, 5, NULL, NULL),
(3612, 38, 38, 4, NULL, NULL),
(3613, 38, 39, 2, NULL, NULL),
(3614, 38, 40, 4, NULL, NULL),
(3615, 38, 41, 4, NULL, NULL),
(3616, 38, 42, 4, NULL, NULL),
(3617, 38, 43, 4, NULL, NULL),
(3618, 38, 44, 4, NULL, NULL),
(3619, 38, 45, 4, NULL, NULL),
(3620, 38, 46, 2, NULL, NULL),
(3621, 38, 47, 4, NULL, NULL),
(3622, 38, 48, 4, NULL, NULL),
(3623, 38, 49, 4, NULL, NULL),
(3624, 38, 50, 4, NULL, NULL),
(3625, 38, 51, 4, NULL, NULL),
(3626, 38, 52, 2, NULL, NULL),
(3627, 38, 53, 3, NULL, NULL),
(3628, 38, 54, 4, NULL, NULL),
(3629, 38, 55, 4, NULL, NULL),
(3630, 38, 56, 4, NULL, NULL),
(3631, 38, 57, 4, NULL, NULL),
(3632, 38, 58, 4, NULL, NULL),
(3633, 38, 59, 3, NULL, NULL),
(3634, 38, 60, 4, NULL, NULL),
(3635, 38, 61, 4, NULL, NULL),
(3636, 38, 62, 4, NULL, NULL),
(3637, 38, 63, 4, NULL, NULL),
(3638, 38, 64, 4, NULL, NULL),
(3639, 38, 65, 5, NULL, NULL),
(3640, 38, 66, 2, NULL, NULL),
(3641, 38, 67, 4, NULL, NULL),
(3642, 38, 68, 4, NULL, NULL),
(3643, 38, 69, 4, NULL, NULL),
(3644, 38, 70, 4, NULL, NULL),
(3645, 38, 71, 4, NULL, NULL),
(3646, 38, 72, 4, NULL, NULL),
(3647, 38, 73, 4, NULL, NULL),
(3648, 38, 74, 4, NULL, NULL),
(3649, 38, 75, 2, NULL, NULL),
(3650, 38, 76, 4, NULL, NULL),
(3651, 38, 77, 4, NULL, NULL),
(3652, 38, 78, 4, NULL, NULL),
(3653, 38, 79, 4, NULL, NULL),
(3654, 38, 80, 4, NULL, NULL),
(3655, 38, 81, 4, NULL, NULL),
(3656, 38, 82, 4, NULL, NULL),
(3657, 38, 83, 4, NULL, NULL),
(3658, 38, 84, 4, NULL, NULL),
(3659, 38, 85, 3, NULL, NULL),
(3660, 38, 86, 4, NULL, NULL),
(3661, 38, 87, 4, NULL, NULL),
(3662, 38, 88, 2, NULL, NULL),
(3663, 38, 89, 4, NULL, NULL),
(3664, 38, 90, 4, NULL, NULL),
(3665, 38, 91, 4, NULL, NULL),
(3666, 38, 94, 4, NULL, NULL),
(3667, 38, 96, 4, NULL, NULL),
(3668, 38, 97, 4, NULL, NULL),
(3669, 38, 98, 2, NULL, NULL),
(3670, 38, 99, 4, NULL, NULL),
(3671, 38, 100, 4, NULL, NULL),
(3672, 38, 101, 4, NULL, NULL),
(3673, 38, 102, 4, NULL, NULL),
(3674, 38, 103, 4, NULL, NULL),
(3675, 38, 104, 4, NULL, NULL),
(3676, 38, 105, 4, NULL, NULL),
(3677, 38, 106, 4, NULL, NULL),
(3678, 38, 107, 3, NULL, NULL),
(3679, 38, 108, 4, NULL, NULL),
(3680, 38, 109, 4, NULL, NULL),
(3681, 38, 110, 3, NULL, NULL),
(3682, 38, 111, 3, NULL, NULL),
(3683, 38, 112, 4, NULL, NULL),
(3684, 39, 2, 2, NULL, NULL),
(3685, 39, 3, 2, NULL, NULL),
(3686, 39, 4, 4, NULL, NULL),
(3687, 39, 5, 5, NULL, NULL),
(3688, 39, 6, 5, NULL, NULL),
(3689, 39, 7, 6, NULL, NULL),
(3690, 39, 8, 2, NULL, NULL),
(3691, 39, 9, 5, NULL, NULL),
(3692, 39, 10, 5, NULL, NULL),
(3693, 39, 11, 5, NULL, NULL),
(3694, 39, 12, 5, NULL, NULL),
(3695, 39, 13, 5, NULL, NULL),
(3696, 39, 14, 3, NULL, NULL),
(3697, 39, 15, 5, NULL, NULL),
(3698, 39, 16, 5, NULL, NULL),
(3699, 39, 17, 4, NULL, NULL),
(3700, 39, 18, 5, NULL, NULL),
(3701, 39, 19, 5, NULL, NULL),
(3702, 39, 20, 5, NULL, NULL),
(3703, 39, 21, 5, NULL, NULL),
(3704, 39, 22, 5, NULL, NULL),
(3705, 39, 23, 5, NULL, NULL),
(3706, 39, 24, 3, NULL, NULL),
(3707, 39, 25, 5, NULL, NULL),
(3708, 39, 26, 2, NULL, NULL),
(3709, 39, 27, 5, NULL, NULL),
(3710, 39, 28, 5, NULL, NULL),
(3711, 39, 29, 5, NULL, NULL),
(3712, 39, 30, 5, NULL, NULL),
(3713, 39, 31, 5, NULL, NULL),
(3714, 39, 32, 2, NULL, NULL),
(3715, 39, 33, 5, NULL, NULL),
(3716, 39, 34, 5, NULL, NULL),
(3717, 39, 35, 5, NULL, NULL),
(3718, 39, 36, 4, NULL, NULL),
(3719, 39, 37, 4, NULL, NULL),
(3720, 39, 38, 5, NULL, NULL),
(3721, 39, 39, 3, NULL, NULL),
(3722, 39, 40, 5, NULL, NULL),
(3723, 39, 41, 5, NULL, NULL),
(3724, 39, 42, 3, NULL, NULL),
(3725, 39, 43, 4, NULL, NULL),
(3726, 39, 44, 6, NULL, NULL),
(3727, 39, 45, 5, NULL, NULL),
(3728, 39, 46, 5, NULL, NULL),
(3729, 39, 47, 5, NULL, NULL),
(3730, 39, 48, 2, NULL, NULL),
(3731, 39, 49, 6, NULL, NULL),
(3732, 39, 50, 6, NULL, NULL),
(3733, 39, 51, 6, NULL, NULL),
(3734, 39, 52, 2, NULL, NULL),
(3735, 39, 53, 5, NULL, NULL),
(3736, 39, 54, 6, NULL, NULL),
(3737, 39, 55, 5, NULL, NULL),
(3738, 39, 56, 6, NULL, NULL),
(3739, 39, 57, 6, NULL, NULL),
(3740, 39, 58, 6, NULL, NULL),
(3741, 39, 59, 1, NULL, NULL),
(3742, 39, 60, 5, NULL, NULL),
(3743, 39, 61, 6, NULL, NULL),
(3744, 39, 62, 6, NULL, NULL),
(3745, 39, 63, 6, NULL, NULL),
(3746, 39, 64, 6, NULL, NULL),
(3747, 39, 65, 6, NULL, NULL),
(3748, 39, 66, 3, NULL, NULL),
(3749, 39, 67, 5, NULL, NULL),
(3750, 39, 68, 6, NULL, NULL),
(3751, 39, 69, 4, NULL, NULL),
(3752, 39, 70, 5, NULL, NULL),
(3753, 39, 71, 5, NULL, NULL),
(3754, 39, 72, 5, NULL, NULL),
(3755, 39, 73, 4, NULL, NULL),
(3756, 39, 74, 6, NULL, NULL),
(3757, 39, 75, 1, NULL, NULL),
(3758, 39, 76, 2, NULL, NULL),
(3759, 39, 77, 5, NULL, NULL),
(3760, 39, 78, 5, NULL, NULL),
(3761, 39, 79, 5, NULL, NULL),
(3762, 39, 80, 5, NULL, NULL),
(3763, 39, 81, 5, NULL, NULL),
(3764, 39, 82, 5, NULL, NULL),
(3765, 39, 83, 5, NULL, NULL),
(3766, 39, 84, 4, NULL, NULL),
(3767, 39, 85, 2, NULL, NULL),
(3768, 39, 86, 5, NULL, NULL),
(3769, 39, 87, 5, NULL, NULL),
(3770, 39, 88, 4, NULL, NULL),
(3771, 39, 89, 5, NULL, NULL),
(3772, 39, 90, 6, NULL, NULL),
(3773, 39, 91, 6, NULL, NULL),
(3774, 39, 94, 5, NULL, NULL),
(3775, 39, 96, 5, NULL, NULL),
(3776, 39, 97, 5, NULL, NULL),
(3777, 39, 98, 2, NULL, NULL),
(3778, 39, 99, 5, NULL, NULL),
(3779, 39, 100, 6, NULL, NULL),
(3780, 39, 101, 5, NULL, NULL),
(3781, 39, 102, 6, NULL, NULL),
(3782, 39, 103, 5, NULL, NULL),
(3783, 39, 104, 6, NULL, NULL),
(3784, 39, 105, 6, NULL, NULL),
(3785, 39, 106, 6, NULL, NULL),
(3786, 39, 107, 3, NULL, NULL),
(3787, 39, 108, 4, NULL, NULL),
(3788, 39, 109, 6, NULL, NULL),
(3789, 39, 110, 3, NULL, NULL),
(3790, 39, 111, 5, NULL, NULL),
(3791, 39, 112, 6, NULL, NULL),
(3792, 40, 2, 2, NULL, NULL),
(3793, 40, 3, 4, NULL, NULL),
(3794, 40, 4, 5, NULL, NULL),
(3795, 40, 5, 6, NULL, NULL),
(3796, 40, 6, 4, NULL, NULL),
(3797, 40, 7, 6, NULL, NULL),
(3798, 40, 8, 2, NULL, NULL),
(3799, 40, 9, 5, NULL, NULL),
(3800, 40, 10, 5, NULL, NULL),
(3801, 40, 11, 4, NULL, NULL),
(3802, 40, 12, 5, NULL, NULL),
(3803, 40, 13, 3, NULL, NULL),
(3804, 40, 14, 2, NULL, NULL),
(3805, 40, 15, 5, NULL, NULL),
(3806, 40, 16, 4, NULL, NULL),
(3807, 40, 17, 5, NULL, NULL),
(3808, 40, 18, 6, NULL, NULL);
INSERT INTO `q_answer` (`id`, `respondent_id`, `question_id`, `rating`, `created_at`, `updated_at`) VALUES
(3809, 40, 19, 6, NULL, NULL),
(3810, 40, 20, 4, NULL, NULL),
(3811, 40, 21, 6, NULL, NULL),
(3812, 40, 22, 4, NULL, NULL),
(3813, 40, 23, 3, NULL, NULL),
(3814, 40, 24, 2, NULL, NULL),
(3815, 40, 25, 6, NULL, NULL),
(3816, 40, 26, 3, NULL, NULL),
(3817, 40, 27, 6, NULL, NULL),
(3818, 40, 28, 5, NULL, NULL),
(3819, 40, 29, 5, NULL, NULL),
(3820, 40, 30, 5, NULL, NULL),
(3821, 40, 31, 3, NULL, NULL),
(3822, 40, 32, 4, NULL, NULL),
(3823, 40, 33, 4, NULL, NULL),
(3824, 40, 34, 4, NULL, NULL),
(3825, 40, 35, 5, NULL, NULL),
(3826, 40, 36, 6, NULL, NULL),
(3827, 40, 37, 4, NULL, NULL),
(3828, 40, 38, 4, NULL, NULL),
(3829, 40, 39, 2, NULL, NULL),
(3830, 40, 40, 2, NULL, NULL),
(3831, 40, 41, 3, NULL, NULL),
(3832, 40, 42, 3, NULL, NULL),
(3833, 40, 43, 2, NULL, NULL),
(3834, 40, 44, 4, NULL, NULL),
(3835, 40, 45, 4, NULL, NULL),
(3836, 40, 46, 2, NULL, NULL),
(3837, 40, 47, 4, NULL, NULL),
(3838, 40, 48, 4, NULL, NULL),
(3839, 40, 49, 5, NULL, NULL),
(3840, 40, 50, 4, NULL, NULL),
(3841, 40, 51, 4, NULL, NULL),
(3842, 40, 52, 3, NULL, NULL),
(3843, 40, 53, 6, NULL, NULL),
(3844, 40, 54, 6, NULL, NULL),
(3845, 40, 55, 6, NULL, NULL),
(3846, 40, 56, 5, NULL, NULL),
(3847, 40, 57, 4, NULL, NULL),
(3848, 40, 58, 6, NULL, NULL),
(3849, 40, 59, 2, NULL, NULL),
(3850, 40, 60, 4, NULL, NULL),
(3851, 40, 61, 5, NULL, NULL),
(3852, 40, 62, 5, NULL, NULL),
(3853, 40, 63, 6, NULL, NULL),
(3854, 40, 64, 6, NULL, NULL),
(3855, 40, 65, 6, NULL, NULL),
(3856, 40, 66, 3, NULL, NULL),
(3857, 40, 67, 5, NULL, NULL),
(3858, 40, 68, 3, NULL, NULL),
(3859, 40, 69, 6, NULL, NULL),
(3860, 40, 70, 5, NULL, NULL),
(3861, 40, 71, 5, NULL, NULL),
(3862, 40, 72, 5, NULL, NULL),
(3863, 40, 73, 5, NULL, NULL),
(3864, 40, 74, 5, NULL, NULL),
(3865, 40, 75, 2, NULL, NULL),
(3866, 40, 76, 5, NULL, NULL),
(3867, 40, 77, 4, NULL, NULL),
(3868, 40, 78, 3, NULL, NULL),
(3869, 40, 79, 5, NULL, NULL),
(3870, 40, 80, 5, NULL, NULL),
(3871, 40, 81, 5, NULL, NULL),
(3872, 40, 82, 4, NULL, NULL),
(3873, 40, 83, 5, NULL, NULL),
(3874, 40, 84, 4, NULL, NULL),
(3875, 40, 85, 3, NULL, NULL),
(3876, 40, 86, 5, NULL, NULL),
(3877, 40, 87, 4, NULL, NULL),
(3878, 40, 88, 5, NULL, NULL),
(3879, 40, 89, 5, NULL, NULL),
(3880, 40, 90, 5, NULL, NULL),
(3881, 40, 91, 5, NULL, NULL),
(3882, 40, 94, 5, NULL, NULL),
(3883, 40, 96, 5, NULL, NULL),
(3884, 40, 97, 5, NULL, NULL),
(3885, 40, 98, 2, NULL, NULL),
(3886, 40, 99, 5, NULL, NULL),
(3887, 40, 100, 5, NULL, NULL),
(3888, 40, 101, 4, NULL, NULL),
(3889, 40, 102, 5, NULL, NULL),
(3890, 40, 103, 5, NULL, NULL),
(3891, 40, 104, 3, NULL, NULL),
(3892, 40, 105, 3, NULL, NULL),
(3893, 40, 106, 4, NULL, NULL),
(3894, 40, 107, 3, NULL, NULL),
(3895, 40, 108, 3, NULL, NULL),
(3896, 40, 109, 4, NULL, NULL),
(3897, 40, 110, 1, NULL, NULL),
(3898, 40, 111, 4, NULL, NULL),
(3899, 40, 112, 5, NULL, NULL),
(3900, 41, 2, 2, NULL, NULL),
(3901, 41, 3, 4, NULL, NULL),
(3902, 41, 4, 6, NULL, NULL),
(3903, 41, 5, 5, NULL, NULL),
(3904, 41, 6, 5, NULL, NULL),
(3905, 41, 7, 5, NULL, NULL),
(3906, 41, 8, 2, NULL, NULL),
(3907, 41, 9, 5, NULL, NULL),
(3908, 41, 10, 3, NULL, NULL),
(3909, 41, 11, 4, NULL, NULL),
(3910, 41, 12, 5, NULL, NULL),
(3911, 41, 13, 5, NULL, NULL),
(3912, 41, 14, 3, NULL, NULL),
(3913, 41, 15, 4, NULL, NULL),
(3914, 41, 16, 4, NULL, NULL),
(3915, 41, 17, 4, NULL, NULL),
(3916, 41, 18, 5, NULL, NULL),
(3917, 41, 19, 5, NULL, NULL),
(3918, 41, 20, 5, NULL, NULL),
(3919, 41, 21, 5, NULL, NULL),
(3920, 41, 22, 5, NULL, NULL),
(3921, 41, 23, 5, NULL, NULL),
(3922, 41, 24, 2, NULL, NULL),
(3923, 41, 25, 5, NULL, NULL),
(3924, 41, 26, 1, NULL, NULL),
(3925, 41, 27, 6, NULL, NULL),
(3926, 41, 28, 4, NULL, NULL),
(3927, 41, 29, 5, NULL, NULL),
(3928, 41, 30, 5, NULL, NULL),
(3929, 41, 31, 4, NULL, NULL),
(3930, 41, 32, 2, NULL, NULL),
(3931, 41, 33, 4, NULL, NULL),
(3932, 41, 34, 5, NULL, NULL),
(3933, 41, 35, 4, NULL, NULL),
(3934, 41, 36, 5, NULL, NULL),
(3935, 41, 37, 5, NULL, NULL),
(3936, 41, 38, 5, NULL, NULL),
(3937, 41, 39, 2, NULL, NULL),
(3938, 41, 40, 4, NULL, NULL),
(3939, 41, 41, 4, NULL, NULL),
(3940, 41, 42, 4, NULL, NULL),
(3941, 41, 43, 3, NULL, NULL),
(3942, 41, 44, 5, NULL, NULL),
(3943, 41, 45, 5, NULL, NULL),
(3944, 41, 46, 5, NULL, NULL),
(3945, 41, 47, 5, NULL, NULL),
(3946, 41, 48, 5, NULL, NULL),
(3947, 41, 49, 5, NULL, NULL),
(3948, 41, 50, 5, NULL, NULL),
(3949, 41, 51, 5, NULL, NULL),
(3950, 41, 52, 3, NULL, NULL),
(3951, 41, 53, 4, NULL, NULL),
(3952, 41, 54, 5, NULL, NULL),
(3953, 41, 55, 5, NULL, NULL),
(3954, 41, 56, 5, NULL, NULL),
(3955, 41, 57, 4, NULL, NULL),
(3956, 41, 58, 5, NULL, NULL),
(3957, 41, 59, 2, NULL, NULL),
(3958, 41, 60, 5, NULL, NULL),
(3959, 41, 61, 6, NULL, NULL),
(3960, 41, 62, 5, NULL, NULL),
(3961, 41, 63, 4, NULL, NULL),
(3962, 41, 64, 5, NULL, NULL),
(3963, 41, 65, 5, NULL, NULL),
(3964, 41, 66, 3, NULL, NULL),
(3965, 41, 67, 5, NULL, NULL),
(3966, 41, 68, 5, NULL, NULL),
(3967, 41, 69, 5, NULL, NULL),
(3968, 41, 70, 5, NULL, NULL),
(3969, 41, 71, 4, NULL, NULL),
(3970, 41, 72, 5, NULL, NULL),
(3971, 41, 73, 5, NULL, NULL),
(3972, 41, 74, 5, NULL, NULL),
(3973, 41, 75, 2, NULL, NULL),
(3974, 41, 76, 5, NULL, NULL),
(3975, 41, 77, 5, NULL, NULL),
(3976, 41, 78, 5, NULL, NULL),
(3977, 41, 79, 5, NULL, NULL),
(3978, 41, 80, 4, NULL, NULL),
(3979, 41, 81, 6, NULL, NULL),
(3980, 41, 82, 5, NULL, NULL),
(3981, 41, 83, 5, NULL, NULL),
(3982, 41, 84, 5, NULL, NULL),
(3983, 41, 85, 3, NULL, NULL),
(3984, 41, 86, 5, NULL, NULL),
(3985, 41, 87, 5, NULL, NULL),
(3986, 41, 88, 4, NULL, NULL),
(3987, 41, 89, 5, NULL, NULL),
(3988, 41, 90, 5, NULL, NULL),
(3989, 41, 91, 5, NULL, NULL),
(3990, 41, 94, 5, NULL, NULL),
(3991, 41, 96, 5, NULL, NULL),
(3992, 41, 97, 5, NULL, NULL),
(3993, 41, 98, 3, NULL, NULL),
(3994, 41, 99, 5, NULL, NULL),
(3995, 41, 100, 5, NULL, NULL),
(3996, 41, 101, 4, NULL, NULL),
(3997, 41, 102, 4, NULL, NULL),
(3998, 41, 103, 4, NULL, NULL),
(3999, 41, 104, 5, NULL, NULL),
(4000, 41, 105, 4, NULL, NULL),
(4001, 41, 106, 5, NULL, NULL),
(4002, 41, 107, 3, NULL, NULL),
(4003, 41, 108, 3, NULL, NULL),
(4004, 41, 109, 4, NULL, NULL),
(4005, 41, 110, 2, NULL, NULL),
(4006, 41, 111, 4, NULL, NULL),
(4007, 41, 112, 4, NULL, NULL),
(4008, 42, 2, 2, NULL, NULL),
(4009, 42, 3, 4, NULL, NULL),
(4010, 42, 4, 5, NULL, NULL),
(4011, 42, 5, 5, NULL, NULL),
(4012, 42, 6, 4, NULL, NULL),
(4013, 42, 7, 5, NULL, NULL),
(4014, 42, 8, 2, NULL, NULL),
(4015, 42, 9, 5, NULL, NULL),
(4016, 42, 10, 5, NULL, NULL),
(4017, 42, 11, 3, NULL, NULL),
(4018, 42, 12, 4, NULL, NULL),
(4019, 42, 13, 5, NULL, NULL),
(4020, 42, 14, 3, NULL, NULL),
(4021, 42, 15, 4, NULL, NULL),
(4022, 42, 16, 5, NULL, NULL),
(4023, 42, 17, 5, NULL, NULL),
(4024, 42, 18, 4, NULL, NULL),
(4025, 42, 19, 5, NULL, NULL),
(4026, 42, 20, 4, NULL, NULL),
(4027, 42, 21, 6, NULL, NULL),
(4028, 42, 22, 6, NULL, NULL),
(4029, 42, 23, 6, NULL, NULL),
(4030, 42, 24, 3, NULL, NULL),
(4031, 42, 25, 6, NULL, NULL),
(4032, 42, 26, 1, NULL, NULL),
(4033, 42, 27, 4, NULL, NULL),
(4034, 42, 28, 6, NULL, NULL),
(4035, 42, 29, 4, NULL, NULL),
(4036, 42, 30, 5, NULL, NULL),
(4037, 42, 31, 6, NULL, NULL),
(4038, 42, 32, 2, NULL, NULL),
(4039, 42, 33, 6, NULL, NULL),
(4040, 42, 34, 5, NULL, NULL),
(4041, 42, 35, 5, NULL, NULL),
(4042, 42, 36, 4, NULL, NULL),
(4043, 42, 37, 6, NULL, NULL),
(4044, 42, 38, 6, NULL, NULL),
(4045, 42, 39, 2, NULL, NULL),
(4046, 42, 40, 3, NULL, NULL),
(4047, 42, 41, 4, NULL, NULL),
(4048, 42, 42, 4, NULL, NULL),
(4049, 42, 43, 5, NULL, NULL),
(4050, 42, 44, 6, NULL, NULL),
(4051, 42, 45, 6, NULL, NULL),
(4052, 42, 46, 1, NULL, NULL),
(4053, 42, 47, 4, NULL, NULL),
(4054, 42, 48, 1, NULL, NULL),
(4055, 42, 49, 5, NULL, NULL),
(4056, 42, 50, 4, NULL, NULL),
(4057, 42, 51, 4, NULL, NULL),
(4058, 42, 52, 1, NULL, NULL),
(4059, 42, 53, 5, NULL, NULL),
(4060, 42, 54, 5, NULL, NULL),
(4061, 42, 55, 5, NULL, NULL),
(4062, 42, 56, 5, NULL, NULL),
(4063, 42, 57, 6, NULL, NULL),
(4064, 42, 58, 5, NULL, NULL),
(4065, 42, 59, 2, NULL, NULL),
(4066, 42, 60, 4, NULL, NULL),
(4067, 42, 61, 5, NULL, NULL),
(4068, 42, 62, 4, NULL, NULL),
(4069, 42, 63, 4, NULL, NULL),
(4070, 42, 64, 5, NULL, NULL),
(4071, 42, 65, 5, NULL, NULL),
(4072, 42, 66, 1, NULL, NULL),
(4073, 42, 67, 4, NULL, NULL),
(4074, 42, 68, 4, NULL, NULL),
(4075, 42, 69, 6, NULL, NULL),
(4076, 42, 70, 5, NULL, NULL),
(4077, 42, 71, 5, NULL, NULL),
(4078, 42, 72, 4, NULL, NULL),
(4079, 42, 73, 6, NULL, NULL),
(4080, 42, 74, 4, NULL, NULL),
(4081, 42, 75, 2, NULL, NULL),
(4082, 42, 76, 4, NULL, NULL),
(4083, 42, 77, 4, NULL, NULL),
(4084, 42, 78, 5, NULL, NULL),
(4085, 42, 79, 4, NULL, NULL),
(4086, 42, 80, 5, NULL, NULL),
(4087, 42, 81, 5, NULL, NULL),
(4088, 42, 82, 4, NULL, NULL),
(4089, 42, 83, 5, NULL, NULL),
(4090, 42, 84, 4, NULL, NULL),
(4091, 42, 85, 2, NULL, NULL),
(4092, 42, 86, 3, NULL, NULL),
(4093, 42, 87, 4, NULL, NULL),
(4094, 42, 88, 5, NULL, NULL),
(4095, 42, 89, 3, NULL, NULL),
(4096, 42, 90, 2, NULL, NULL),
(4097, 42, 91, 4, NULL, NULL),
(4098, 42, 94, 5, NULL, NULL),
(4099, 42, 96, 5, NULL, NULL),
(4100, 42, 97, 4, NULL, NULL),
(4101, 42, 98, 2, NULL, NULL),
(4102, 42, 99, 6, NULL, NULL),
(4103, 42, 100, 5, NULL, NULL),
(4104, 42, 101, 4, NULL, NULL),
(4105, 42, 102, 6, NULL, NULL),
(4106, 42, 103, 4, NULL, NULL),
(4107, 42, 104, 4, NULL, NULL),
(4108, 42, 105, 5, NULL, NULL),
(4109, 42, 106, 4, NULL, NULL),
(4110, 42, 107, 3, NULL, NULL),
(4111, 42, 108, 3, NULL, NULL),
(4112, 42, 109, 3, NULL, NULL),
(4113, 42, 110, 3, NULL, NULL),
(4114, 42, 111, 5, NULL, NULL),
(4115, 42, 112, 6, NULL, NULL),
(4116, 43, 2, 2, NULL, NULL),
(4117, 43, 3, 4, NULL, NULL),
(4118, 43, 4, 6, NULL, NULL),
(4119, 43, 5, 6, NULL, NULL),
(4120, 43, 6, 5, NULL, NULL),
(4121, 43, 7, 6, NULL, NULL),
(4122, 43, 8, 3, NULL, NULL),
(4123, 43, 9, 5, NULL, NULL),
(4124, 43, 10, 4, NULL, NULL),
(4125, 43, 11, 4, NULL, NULL),
(4126, 43, 12, 3, NULL, NULL),
(4127, 43, 13, 4, NULL, NULL),
(4128, 43, 14, 2, NULL, NULL),
(4129, 43, 15, 4, NULL, NULL),
(4130, 43, 16, 4, NULL, NULL),
(4131, 43, 17, 5, NULL, NULL),
(4132, 43, 18, 3, NULL, NULL),
(4133, 43, 19, 2, NULL, NULL),
(4134, 43, 20, 3, NULL, NULL),
(4135, 43, 21, 5, NULL, NULL),
(4136, 43, 22, 5, NULL, NULL),
(4137, 43, 23, 5, NULL, NULL),
(4138, 43, 24, 3, NULL, NULL),
(4139, 43, 25, 5, NULL, NULL),
(4140, 43, 26, 2, NULL, NULL),
(4141, 43, 27, 5, NULL, NULL),
(4142, 43, 28, 5, NULL, NULL),
(4143, 43, 29, 4, NULL, NULL),
(4144, 43, 30, 5, NULL, NULL),
(4145, 43, 31, 2, NULL, NULL),
(4146, 43, 32, 3, NULL, NULL),
(4147, 43, 33, 5, NULL, NULL),
(4148, 43, 34, 3, NULL, NULL),
(4149, 43, 35, 5, NULL, NULL),
(4150, 43, 36, 5, NULL, NULL),
(4151, 43, 37, 5, NULL, NULL),
(4152, 43, 38, 6, NULL, NULL),
(4153, 43, 39, 3, NULL, NULL),
(4154, 43, 40, 4, NULL, NULL),
(4155, 43, 41, 6, NULL, NULL),
(4156, 43, 42, 3, NULL, NULL),
(4157, 43, 43, 4, NULL, NULL),
(4158, 43, 44, 4, NULL, NULL),
(4159, 43, 45, 5, NULL, NULL),
(4160, 43, 46, 5, NULL, NULL),
(4161, 43, 47, 5, NULL, NULL),
(4162, 43, 48, 4, NULL, NULL),
(4163, 43, 49, 4, NULL, NULL),
(4164, 43, 50, 3, NULL, NULL),
(4165, 43, 51, 5, NULL, NULL),
(4166, 43, 52, 3, NULL, NULL),
(4167, 43, 53, 4, NULL, NULL),
(4168, 43, 54, 5, NULL, NULL),
(4169, 43, 55, 5, NULL, NULL),
(4170, 43, 56, 5, NULL, NULL),
(4171, 43, 57, 4, NULL, NULL),
(4172, 43, 58, 5, NULL, NULL),
(4173, 43, 59, 2, NULL, NULL),
(4174, 43, 60, 5, NULL, NULL),
(4175, 43, 61, 5, NULL, NULL),
(4176, 43, 62, 4, NULL, NULL),
(4177, 43, 63, 5, NULL, NULL),
(4178, 43, 64, 6, NULL, NULL),
(4179, 43, 65, 5, NULL, NULL),
(4180, 43, 66, 3, NULL, NULL),
(4181, 43, 67, 4, NULL, NULL),
(4182, 43, 68, 4, NULL, NULL),
(4183, 43, 69, 5, NULL, NULL),
(4184, 43, 70, 4, NULL, NULL),
(4185, 43, 71, 5, NULL, NULL),
(4186, 43, 72, 5, NULL, NULL),
(4187, 43, 73, 5, NULL, NULL),
(4188, 43, 74, 4, NULL, NULL),
(4189, 43, 75, 2, NULL, NULL),
(4190, 43, 76, 4, NULL, NULL),
(4191, 43, 77, 4, NULL, NULL),
(4192, 43, 78, 5, NULL, NULL),
(4193, 43, 79, 4, NULL, NULL),
(4194, 43, 80, 5, NULL, NULL),
(4195, 43, 81, 6, NULL, NULL),
(4196, 43, 82, 5, NULL, NULL),
(4197, 43, 83, 6, NULL, NULL),
(4198, 43, 84, 5, NULL, NULL),
(4199, 43, 85, 3, NULL, NULL),
(4200, 43, 86, 4, NULL, NULL),
(4201, 43, 87, 4, NULL, NULL),
(4202, 43, 88, 2, NULL, NULL),
(4203, 43, 89, 5, NULL, NULL),
(4204, 43, 90, 4, NULL, NULL),
(4205, 43, 91, 5, NULL, NULL),
(4206, 43, 94, 5, NULL, NULL),
(4207, 43, 96, 5, NULL, NULL),
(4208, 43, 97, 3, NULL, NULL),
(4209, 43, 98, 3, NULL, NULL),
(4210, 43, 99, 5, NULL, NULL),
(4211, 43, 100, 3, NULL, NULL),
(4212, 43, 101, 3, NULL, NULL),
(4213, 43, 102, 5, NULL, NULL),
(4214, 43, 103, 3, NULL, NULL),
(4215, 43, 104, 5, NULL, NULL),
(4216, 43, 105, 5, NULL, NULL),
(4217, 43, 106, 4, NULL, NULL),
(4218, 43, 107, 3, NULL, NULL),
(4219, 43, 108, 5, NULL, NULL),
(4220, 43, 109, 4, NULL, NULL),
(4221, 43, 110, 2, NULL, NULL),
(4222, 43, 111, 3, NULL, NULL),
(4223, 43, 112, 5, NULL, NULL),
(4224, 44, 2, 2, NULL, NULL),
(4225, 44, 3, 4, NULL, NULL),
(4226, 44, 4, 5, NULL, NULL),
(4227, 44, 5, 5, NULL, NULL),
(4228, 44, 6, 4, NULL, NULL),
(4229, 44, 7, 4, NULL, NULL),
(4230, 44, 8, 2, NULL, NULL),
(4231, 44, 9, 5, NULL, NULL),
(4232, 44, 10, 5, NULL, NULL),
(4233, 44, 11, 4, NULL, NULL),
(4234, 44, 12, 4, NULL, NULL),
(4235, 44, 13, 4, NULL, NULL),
(4236, 44, 14, 2, NULL, NULL),
(4237, 44, 15, 4, NULL, NULL),
(4238, 44, 16, 5, NULL, NULL),
(4239, 44, 17, 5, NULL, NULL),
(4240, 44, 18, 4, NULL, NULL),
(4241, 44, 19, 4, NULL, NULL),
(4242, 44, 20, 4, NULL, NULL),
(4243, 44, 21, 4, NULL, NULL),
(4244, 44, 22, 4, NULL, NULL),
(4245, 44, 23, 4, NULL, NULL),
(4246, 44, 24, 3, NULL, NULL),
(4247, 44, 25, 4, NULL, NULL),
(4248, 44, 26, 2, NULL, NULL),
(4249, 44, 27, 4, NULL, NULL),
(4250, 44, 28, 4, NULL, NULL),
(4251, 44, 29, 4, NULL, NULL),
(4252, 44, 30, 4, NULL, NULL),
(4253, 44, 31, 4, NULL, NULL),
(4254, 44, 32, 4, NULL, NULL),
(4255, 44, 33, 4, NULL, NULL),
(4256, 44, 34, 4, NULL, NULL),
(4257, 44, 35, 4, NULL, NULL),
(4258, 44, 36, 4, NULL, NULL),
(4259, 44, 37, 4, NULL, NULL),
(4260, 44, 38, 4, NULL, NULL),
(4261, 44, 39, 2, NULL, NULL),
(4262, 44, 40, 4, NULL, NULL),
(4263, 44, 41, 4, NULL, NULL),
(4264, 44, 42, 4, NULL, NULL),
(4265, 44, 43, 4, NULL, NULL),
(4266, 44, 44, 4, NULL, NULL),
(4267, 44, 45, 4, NULL, NULL),
(4268, 44, 46, 4, NULL, NULL),
(4269, 44, 47, 4, NULL, NULL),
(4270, 44, 48, 4, NULL, NULL),
(4271, 44, 49, 4, NULL, NULL),
(4272, 44, 50, 4, NULL, NULL),
(4273, 44, 51, 4, NULL, NULL),
(4274, 44, 52, 3, NULL, NULL),
(4275, 44, 53, 4, NULL, NULL),
(4276, 44, 54, 4, NULL, NULL),
(4277, 44, 55, 4, NULL, NULL),
(4278, 44, 56, 4, NULL, NULL),
(4279, 44, 57, 4, NULL, NULL),
(4280, 44, 58, 4, NULL, NULL),
(4281, 44, 59, 3, NULL, NULL),
(4282, 44, 60, 4, NULL, NULL),
(4283, 44, 61, 4, NULL, NULL),
(4284, 44, 62, 2, NULL, NULL),
(4285, 44, 63, 4, NULL, NULL),
(4286, 44, 64, 4, NULL, NULL),
(4287, 44, 65, 4, NULL, NULL),
(4288, 44, 66, 3, NULL, NULL),
(4289, 44, 67, 4, NULL, NULL),
(4290, 44, 68, 4, NULL, NULL),
(4291, 44, 69, 4, NULL, NULL),
(4292, 44, 70, 4, NULL, NULL),
(4293, 44, 71, 4, NULL, NULL),
(4294, 44, 72, 4, NULL, NULL),
(4295, 44, 73, 4, NULL, NULL),
(4296, 44, 74, 4, NULL, NULL),
(4297, 44, 75, 2, NULL, NULL),
(4298, 44, 76, 4, NULL, NULL),
(4299, 44, 77, 4, NULL, NULL),
(4300, 44, 78, 4, NULL, NULL),
(4301, 44, 79, 4, NULL, NULL),
(4302, 44, 80, 4, NULL, NULL),
(4303, 44, 81, 4, NULL, NULL),
(4304, 44, 82, 4, NULL, NULL),
(4305, 44, 83, 4, NULL, NULL),
(4306, 44, 84, 4, NULL, NULL),
(4307, 44, 85, 2, NULL, NULL),
(4308, 44, 86, 4, NULL, NULL),
(4309, 44, 87, 4, NULL, NULL),
(4310, 44, 88, 4, NULL, NULL),
(4311, 44, 89, 4, NULL, NULL),
(4312, 44, 90, 4, NULL, NULL),
(4313, 44, 91, 4, NULL, NULL),
(4314, 44, 94, 4, NULL, NULL),
(4315, 44, 96, 4, NULL, NULL),
(4316, 44, 97, 4, NULL, NULL),
(4317, 44, 98, 2, NULL, NULL),
(4318, 44, 99, 4, NULL, NULL),
(4319, 44, 100, 4, NULL, NULL),
(4320, 44, 101, 4, NULL, NULL),
(4321, 44, 102, 4, NULL, NULL),
(4322, 44, 103, 4, NULL, NULL),
(4323, 44, 104, 4, NULL, NULL),
(4324, 44, 105, 4, NULL, NULL),
(4325, 44, 106, 5, NULL, NULL),
(4326, 44, 107, 3, NULL, NULL),
(4327, 44, 108, 4, NULL, NULL),
(4328, 44, 109, 4, NULL, NULL),
(4329, 44, 110, 4, NULL, NULL),
(4330, 44, 111, 4, NULL, NULL),
(4331, 44, 112, 4, NULL, NULL),
(4332, 45, 2, 2, NULL, NULL),
(4333, 45, 3, 4, NULL, NULL),
(4334, 45, 4, 5, NULL, NULL),
(4335, 45, 5, 6, NULL, NULL),
(4336, 45, 6, 5, NULL, NULL),
(4337, 45, 7, 5, NULL, NULL),
(4338, 45, 8, 3, NULL, NULL),
(4339, 45, 9, 5, NULL, NULL),
(4340, 45, 10, 4, NULL, NULL),
(4341, 45, 11, 3, NULL, NULL),
(4342, 45, 12, 5, NULL, NULL),
(4343, 45, 13, 5, NULL, NULL),
(4344, 45, 14, 3, NULL, NULL),
(4345, 45, 15, 4, NULL, NULL),
(4346, 45, 16, 5, NULL, NULL),
(4347, 45, 17, 5, NULL, NULL),
(4348, 45, 18, 6, NULL, NULL),
(4349, 45, 19, 6, NULL, NULL),
(4350, 45, 20, 5, NULL, NULL),
(4351, 45, 21, 5, NULL, NULL),
(4352, 45, 22, 6, NULL, NULL),
(4353, 45, 23, 4, NULL, NULL),
(4354, 45, 24, 3, NULL, NULL),
(4355, 45, 25, 4, NULL, NULL),
(4356, 45, 26, 3, NULL, NULL),
(4357, 45, 27, 5, NULL, NULL),
(4358, 45, 28, 6, NULL, NULL),
(4359, 45, 29, 6, NULL, NULL),
(4360, 45, 30, 6, NULL, NULL),
(4361, 45, 31, 2, NULL, NULL),
(4362, 45, 32, 3, NULL, NULL),
(4363, 45, 33, 5, NULL, NULL),
(4364, 45, 34, 5, NULL, NULL),
(4365, 45, 35, 4, NULL, NULL),
(4366, 45, 36, 4, NULL, NULL),
(4367, 45, 37, 4, NULL, NULL),
(4368, 45, 38, 4, NULL, NULL),
(4369, 45, 39, 3, NULL, NULL),
(4370, 45, 40, 4, NULL, NULL),
(4371, 45, 41, 3, NULL, NULL),
(4372, 45, 42, 3, NULL, NULL),
(4373, 45, 43, 5, NULL, NULL),
(4374, 45, 44, 5, NULL, NULL),
(4375, 45, 45, 2, NULL, NULL),
(4376, 45, 46, 2, NULL, NULL),
(4377, 45, 47, 4, NULL, NULL),
(4378, 45, 48, 3, NULL, NULL),
(4379, 45, 49, 5, NULL, NULL),
(4380, 45, 50, 5, NULL, NULL),
(4381, 45, 51, 4, NULL, NULL),
(4382, 45, 52, 3, NULL, NULL),
(4383, 45, 53, 3, NULL, NULL),
(4384, 45, 54, 5, NULL, NULL),
(4385, 45, 55, 6, NULL, NULL),
(4386, 45, 56, 4, NULL, NULL),
(4387, 45, 57, 5, NULL, NULL),
(4388, 45, 58, 5, NULL, NULL),
(4389, 45, 59, 2, NULL, NULL),
(4390, 45, 60, 4, NULL, NULL),
(4391, 45, 61, 6, NULL, NULL),
(4392, 45, 62, 5, NULL, NULL),
(4393, 45, 63, 5, NULL, NULL),
(4394, 45, 64, 5, NULL, NULL),
(4395, 45, 65, 5, NULL, NULL),
(4396, 45, 66, 3, NULL, NULL),
(4397, 45, 67, 4, NULL, NULL),
(4398, 45, 68, 4, NULL, NULL),
(4399, 45, 69, 6, NULL, NULL),
(4400, 45, 70, 6, NULL, NULL),
(4401, 45, 71, 5, NULL, NULL),
(4402, 45, 72, 5, NULL, NULL),
(4403, 45, 73, 5, NULL, NULL),
(4404, 45, 74, 5, NULL, NULL),
(4405, 45, 75, 2, NULL, NULL),
(4406, 45, 76, 5, NULL, NULL),
(4407, 45, 77, 5, NULL, NULL),
(4408, 45, 78, 5, NULL, NULL),
(4409, 45, 79, 5, NULL, NULL),
(4410, 45, 80, 5, NULL, NULL),
(4411, 45, 81, 5, NULL, NULL),
(4412, 45, 82, 4, NULL, NULL),
(4413, 45, 83, 5, NULL, NULL),
(4414, 45, 84, 5, NULL, NULL),
(4415, 45, 85, 2, NULL, NULL),
(4416, 45, 86, 5, NULL, NULL),
(4417, 45, 87, 5, NULL, NULL),
(4418, 45, 88, 4, NULL, NULL),
(4419, 45, 89, 5, NULL, NULL),
(4420, 45, 90, 5, NULL, NULL),
(4421, 45, 91, 5, NULL, NULL),
(4422, 45, 94, 5, NULL, NULL),
(4423, 45, 96, 5, NULL, NULL),
(4424, 45, 97, 2, NULL, NULL),
(4425, 45, 98, 1, NULL, NULL),
(4426, 45, 99, 6, NULL, NULL),
(4427, 45, 100, 6, NULL, NULL),
(4428, 45, 101, 4, NULL, NULL),
(4429, 45, 102, 5, NULL, NULL),
(4430, 45, 103, 6, NULL, NULL),
(4431, 45, 104, 4, NULL, NULL),
(4432, 45, 105, 6, NULL, NULL),
(4433, 45, 106, 5, NULL, NULL),
(4434, 45, 107, 3, NULL, NULL),
(4435, 45, 108, 3, NULL, NULL),
(4436, 45, 109, 4, NULL, NULL),
(4437, 45, 110, 3, NULL, NULL),
(4438, 45, 111, 3, NULL, NULL),
(4439, 45, 112, 4, NULL, NULL),
(4440, 46, 2, 2, NULL, NULL),
(4441, 46, 3, 4, NULL, NULL),
(4442, 46, 4, 4, NULL, NULL),
(4443, 46, 5, 4, NULL, NULL),
(4444, 46, 6, 3, NULL, NULL),
(4445, 46, 7, 4, NULL, NULL),
(4446, 46, 8, 2, NULL, NULL),
(4447, 46, 9, 4, NULL, NULL),
(4448, 46, 10, 4, NULL, NULL),
(4449, 46, 11, 4, NULL, NULL),
(4450, 46, 12, 4, NULL, NULL),
(4451, 46, 13, 4, NULL, NULL),
(4452, 46, 14, 2, NULL, NULL),
(4453, 46, 15, 2, NULL, NULL),
(4454, 46, 16, 4, NULL, NULL),
(4455, 46, 17, 4, NULL, NULL),
(4456, 46, 18, 3, NULL, NULL),
(4457, 46, 19, 2, NULL, NULL),
(4458, 46, 20, 4, NULL, NULL),
(4459, 46, 21, 4, NULL, NULL),
(4460, 46, 22, 4, NULL, NULL),
(4461, 46, 23, 4, NULL, NULL),
(4462, 46, 24, 3, NULL, NULL),
(4463, 46, 25, 4, NULL, NULL),
(4464, 46, 26, 2, NULL, NULL),
(4465, 46, 27, 4, NULL, NULL),
(4466, 46, 28, 4, NULL, NULL),
(4467, 46, 29, 4, NULL, NULL),
(4468, 46, 30, 4, NULL, NULL),
(4469, 46, 31, 4, NULL, NULL),
(4470, 46, 32, 2, NULL, NULL),
(4471, 46, 33, 4, NULL, NULL),
(4472, 46, 34, 4, NULL, NULL),
(4473, 46, 35, 4, NULL, NULL),
(4474, 46, 36, 4, NULL, NULL),
(4475, 46, 37, 4, NULL, NULL),
(4476, 46, 38, 4, NULL, NULL),
(4477, 46, 39, 1, NULL, NULL),
(4478, 46, 40, 4, NULL, NULL),
(4479, 46, 41, 4, NULL, NULL),
(4480, 46, 43, 2, NULL, NULL),
(4481, 46, 44, 4, NULL, NULL),
(4482, 46, 45, 4, NULL, NULL),
(4483, 46, 46, 2, NULL, NULL),
(4484, 46, 47, 4, NULL, NULL),
(4485, 46, 48, 4, NULL, NULL),
(4486, 46, 49, 3, NULL, NULL),
(4487, 46, 50, 2, NULL, NULL),
(4488, 46, 51, 3, NULL, NULL),
(4489, 46, 52, 2, NULL, NULL),
(4490, 46, 53, 4, NULL, NULL),
(4491, 46, 54, 2, NULL, NULL),
(4492, 46, 55, 4, NULL, NULL),
(4493, 46, 56, 4, NULL, NULL),
(4494, 46, 57, 4, NULL, NULL),
(4495, 46, 58, 4, NULL, NULL),
(4496, 46, 59, 2, NULL, NULL),
(4497, 46, 60, 4, NULL, NULL),
(4498, 46, 61, 4, NULL, NULL),
(4499, 46, 62, 4, NULL, NULL),
(4500, 46, 63, 4, NULL, NULL),
(4501, 46, 64, 4, NULL, NULL),
(4502, 46, 65, 4, NULL, NULL),
(4503, 46, 66, 3, NULL, NULL),
(4504, 46, 67, 4, NULL, NULL),
(4505, 46, 68, 4, NULL, NULL),
(4506, 46, 69, 3, NULL, NULL),
(4507, 46, 70, 4, NULL, NULL),
(4508, 46, 71, 4, NULL, NULL),
(4509, 46, 72, 4, NULL, NULL),
(4510, 46, 73, 4, NULL, NULL),
(4511, 46, 74, 4, NULL, NULL),
(4512, 46, 75, 2, NULL, NULL),
(4513, 46, 76, 4, NULL, NULL),
(4514, 46, 77, 4, NULL, NULL),
(4515, 46, 78, 4, NULL, NULL),
(4516, 46, 79, 4, NULL, NULL),
(4517, 46, 80, 4, NULL, NULL),
(4518, 47, 2, 2, NULL, NULL),
(4519, 47, 3, 3, NULL, NULL),
(4520, 47, 4, 4, NULL, NULL),
(4521, 47, 5, 5, NULL, NULL),
(4522, 47, 6, 5, NULL, NULL),
(4523, 47, 7, 5, NULL, NULL),
(4524, 47, 8, 3, NULL, NULL),
(4525, 47, 9, 3, NULL, NULL),
(4526, 47, 10, 5, NULL, NULL),
(4527, 47, 11, 4, NULL, NULL),
(4528, 47, 12, 5, NULL, NULL),
(4529, 47, 13, 4, NULL, NULL),
(4530, 47, 14, 3, NULL, NULL),
(4531, 47, 15, 4, NULL, NULL),
(4532, 47, 16, 5, NULL, NULL),
(4533, 47, 17, 5, NULL, NULL),
(4534, 47, 18, 5, NULL, NULL),
(4535, 47, 19, 5, NULL, NULL),
(4536, 47, 20, 5, NULL, NULL),
(4537, 47, 21, 5, NULL, NULL),
(4538, 47, 22, 4, NULL, NULL),
(4539, 47, 23, 4, NULL, NULL),
(4540, 47, 24, 3, NULL, NULL),
(4541, 47, 25, 5, NULL, NULL),
(4542, 47, 26, 3, NULL, NULL),
(4543, 47, 27, 5, NULL, NULL),
(4544, 47, 28, 5, NULL, NULL),
(4545, 47, 29, 5, NULL, NULL),
(4546, 47, 30, 4, NULL, NULL),
(4547, 47, 31, 5, NULL, NULL),
(4548, 47, 32, 4, NULL, NULL),
(4549, 47, 33, 4, NULL, NULL),
(4550, 47, 34, 4, NULL, NULL),
(4551, 47, 35, 4, NULL, NULL),
(4552, 47, 36, 4, NULL, NULL),
(4553, 47, 37, 4, NULL, NULL),
(4554, 47, 38, 5, NULL, NULL),
(4555, 47, 39, 2, NULL, NULL),
(4556, 47, 40, 4, NULL, NULL),
(4557, 47, 41, 5, NULL, NULL),
(4558, 47, 42, 4, NULL, NULL),
(4559, 47, 43, 2, NULL, NULL),
(4560, 47, 44, 3, NULL, NULL),
(4561, 47, 45, 4, NULL, NULL),
(4562, 47, 46, 4, NULL, NULL),
(4563, 47, 47, 4, NULL, NULL),
(4564, 47, 48, 4, NULL, NULL),
(4565, 47, 49, 5, NULL, NULL),
(4566, 47, 50, 5, NULL, NULL),
(4567, 47, 51, 4, NULL, NULL),
(4568, 47, 52, 3, NULL, NULL),
(4569, 47, 53, 4, NULL, NULL),
(4570, 47, 54, 5, NULL, NULL),
(4571, 47, 55, 4, NULL, NULL),
(4572, 47, 56, 5, NULL, NULL),
(4573, 47, 57, 4, NULL, NULL),
(4574, 47, 58, 5, NULL, NULL),
(4575, 47, 59, 2, NULL, NULL),
(4576, 47, 60, 4, NULL, NULL),
(4577, 47, 61, 4, NULL, NULL),
(4578, 47, 62, 4, NULL, NULL),
(4579, 47, 63, 4, NULL, NULL),
(4580, 47, 64, 5, NULL, NULL),
(4581, 47, 65, 5, NULL, NULL),
(4582, 47, 66, 3, NULL, NULL),
(4583, 47, 67, 4, NULL, NULL),
(4584, 47, 68, 4, NULL, NULL),
(4585, 47, 69, 5, NULL, NULL),
(4586, 47, 70, 4, NULL, NULL),
(4587, 47, 71, 4, NULL, NULL),
(4588, 47, 72, 5, NULL, NULL),
(4589, 47, 73, 4, NULL, NULL),
(4590, 47, 74, 4, NULL, NULL),
(4591, 47, 75, 3, NULL, NULL),
(4592, 47, 76, 5, NULL, NULL),
(4593, 47, 77, 4, NULL, NULL),
(4594, 47, 78, 4, NULL, NULL),
(4595, 47, 79, 4, NULL, NULL),
(4596, 47, 80, 5, NULL, NULL),
(4597, 47, 81, 5, NULL, NULL),
(4598, 47, 82, 4, NULL, NULL),
(4599, 47, 83, 4, NULL, NULL),
(4600, 47, 84, 4, NULL, NULL),
(4601, 47, 85, 2, NULL, NULL),
(4602, 47, 86, 4, NULL, NULL),
(4603, 47, 87, 4, NULL, NULL),
(4604, 47, 88, 4, NULL, NULL),
(4605, 47, 89, 5, NULL, NULL),
(4606, 47, 90, 4, NULL, NULL),
(4607, 47, 91, 4, NULL, NULL),
(4608, 47, 94, 4, NULL, NULL),
(4609, 47, 96, 4, NULL, NULL),
(4610, 47, 97, 3, NULL, NULL),
(4611, 47, 98, 3, NULL, NULL),
(4612, 47, 99, 5, NULL, NULL),
(4613, 47, 100, 5, NULL, NULL),
(4614, 47, 101, 5, NULL, NULL),
(4615, 47, 102, 5, NULL, NULL),
(4616, 47, 103, 4, NULL, NULL),
(4617, 47, 104, 5, NULL, NULL),
(4618, 47, 105, 4, NULL, NULL),
(4619, 47, 106, 4, NULL, NULL),
(4620, 47, 107, 3, NULL, NULL),
(4621, 47, 108, 4, NULL, NULL),
(4622, 47, 109, 3, NULL, NULL),
(4623, 47, 110, 2, NULL, NULL),
(4624, 47, 111, 5, NULL, NULL),
(4625, 47, 112, 5, NULL, NULL),
(4626, 48, 2, 2, NULL, NULL),
(4627, 48, 3, 3, NULL, NULL),
(4628, 48, 4, 4, NULL, NULL),
(4629, 48, 5, 4, NULL, NULL),
(4630, 48, 6, 4, NULL, NULL),
(4631, 48, 7, 4, NULL, NULL),
(4632, 48, 8, 3, NULL, NULL),
(4633, 48, 9, 4, NULL, NULL),
(4634, 48, 10, 3, NULL, NULL),
(4635, 48, 11, 4, NULL, NULL),
(4636, 48, 12, 4, NULL, NULL),
(4637, 48, 13, 4, NULL, NULL),
(4638, 48, 14, 3, NULL, NULL),
(4639, 48, 15, 3, NULL, NULL),
(4640, 48, 16, 5, NULL, NULL),
(4641, 48, 17, 5, NULL, NULL),
(4642, 48, 18, 5, NULL, NULL),
(4643, 48, 19, 5, NULL, NULL),
(4644, 48, 20, 4, NULL, NULL),
(4645, 48, 21, 5, NULL, NULL),
(4646, 48, 22, 5, NULL, NULL),
(4647, 48, 23, 4, NULL, NULL),
(4648, 48, 24, 2, NULL, NULL),
(4649, 48, 25, 5, NULL, NULL),
(4650, 48, 26, 2, NULL, NULL),
(4651, 48, 27, 5, NULL, NULL),
(4652, 48, 28, 5, NULL, NULL),
(4653, 48, 29, 6, NULL, NULL),
(4654, 48, 30, 5, NULL, NULL),
(4655, 48, 31, 4, NULL, NULL),
(4656, 48, 32, 5, NULL, NULL),
(4657, 48, 33, 5, NULL, NULL),
(4658, 48, 34, 4, NULL, NULL),
(4659, 48, 35, 5, NULL, NULL),
(4660, 48, 36, 4, NULL, NULL),
(4661, 48, 37, 3, NULL, NULL),
(4662, 48, 38, 3, NULL, NULL),
(4663, 48, 39, 2, NULL, NULL),
(4664, 48, 40, 4, NULL, NULL),
(4665, 48, 41, 3, NULL, NULL),
(4666, 48, 42, 3, NULL, NULL),
(4667, 48, 43, 4, NULL, NULL),
(4668, 48, 44, 6, NULL, NULL),
(4669, 48, 45, 6, NULL, NULL),
(4670, 48, 46, 2, NULL, NULL),
(4671, 48, 47, 3, NULL, NULL),
(4672, 48, 48, 5, NULL, NULL),
(4673, 48, 49, 5, NULL, NULL),
(4674, 48, 50, 4, NULL, NULL),
(4675, 48, 51, 3, NULL, NULL),
(4676, 48, 52, 2, NULL, NULL),
(4677, 48, 53, 5, NULL, NULL),
(4678, 48, 54, 5, NULL, NULL),
(4679, 48, 55, 5, NULL, NULL),
(4680, 48, 56, 5, NULL, NULL),
(4681, 48, 57, 5, NULL, NULL),
(4682, 48, 58, 5, NULL, NULL),
(4683, 48, 59, 2, NULL, NULL),
(4684, 48, 60, 3, NULL, NULL),
(4685, 48, 61, 5, NULL, NULL),
(4686, 48, 62, 5, NULL, NULL),
(4687, 48, 63, 5, NULL, NULL),
(4688, 48, 64, 4, NULL, NULL),
(4689, 48, 65, 5, NULL, NULL),
(4690, 48, 66, 3, NULL, NULL),
(4691, 48, 67, 5, NULL, NULL),
(4692, 48, 68, 5, NULL, NULL),
(4693, 48, 69, 4, NULL, NULL),
(4694, 48, 70, 5, NULL, NULL),
(4695, 48, 71, 5, NULL, NULL),
(4696, 48, 72, 5, NULL, NULL),
(4697, 48, 73, 4, NULL, NULL),
(4698, 48, 74, 4, NULL, NULL),
(4699, 48, 75, 2, NULL, NULL),
(4700, 48, 76, 5, NULL, NULL),
(4701, 48, 77, 4, NULL, NULL),
(4702, 48, 78, 5, NULL, NULL),
(4703, 48, 79, 5, NULL, NULL),
(4704, 48, 80, 5, NULL, NULL),
(4705, 48, 81, 5, NULL, NULL),
(4706, 48, 82, 5, NULL, NULL),
(4707, 48, 83, 4, NULL, NULL),
(4708, 48, 84, 4, NULL, NULL),
(4709, 48, 85, 2, NULL, NULL),
(4710, 48, 86, 4, NULL, NULL),
(4711, 48, 87, 3, NULL, NULL),
(4712, 48, 88, 2, NULL, NULL),
(4713, 48, 89, 3, NULL, NULL),
(4714, 48, 90, 3, NULL, NULL),
(4715, 48, 91, 3, NULL, NULL),
(4716, 48, 94, 5, NULL, NULL),
(4717, 48, 96, 5, NULL, NULL),
(4718, 48, 97, 3, NULL, NULL),
(4719, 48, 98, 1, NULL, NULL),
(4720, 48, 99, 6, NULL, NULL),
(4721, 48, 100, 5, NULL, NULL),
(4722, 48, 101, 5, NULL, NULL),
(4723, 48, 102, 5, NULL, NULL),
(4724, 48, 103, 5, NULL, NULL),
(4725, 48, 104, 4, NULL, NULL),
(4726, 48, 105, 4, NULL, NULL),
(4727, 48, 106, 5, NULL, NULL),
(4728, 48, 107, 3, NULL, NULL),
(4729, 48, 108, 4, NULL, NULL),
(4730, 48, 109, 3, NULL, NULL),
(4731, 48, 110, 3, NULL, NULL),
(4732, 48, 111, 3, NULL, NULL),
(4733, 48, 112, 6, NULL, NULL),
(4734, 49, 2, 6, NULL, NULL),
(4735, 49, 3, 5, NULL, NULL),
(4736, 49, 4, 5, NULL, NULL),
(4737, 49, 5, 5, NULL, NULL),
(4738, 49, 6, 5, NULL, NULL),
(4739, 49, 7, 5, NULL, NULL),
(4740, 49, 8, 3, NULL, NULL),
(4741, 49, 9, 4, NULL, NULL),
(4742, 49, 10, 5, NULL, NULL),
(4743, 49, 11, 5, NULL, NULL),
(4744, 49, 12, 4, NULL, NULL),
(4745, 49, 13, 4, NULL, NULL),
(4746, 49, 14, 3, NULL, NULL),
(4747, 49, 15, 4, NULL, NULL),
(4748, 49, 16, 4, NULL, NULL),
(4749, 49, 17, 4, NULL, NULL),
(4750, 49, 18, 4, NULL, NULL),
(4751, 49, 19, 4, NULL, NULL),
(4752, 49, 20, 4, NULL, NULL),
(4753, 49, 21, 4, NULL, NULL),
(4754, 49, 22, 4, NULL, NULL),
(4755, 49, 23, 3, NULL, NULL),
(4756, 49, 24, 3, NULL, NULL),
(4757, 49, 25, 4, NULL, NULL),
(4758, 49, 26, 1, NULL, NULL),
(4759, 49, 27, 4, NULL, NULL),
(4760, 49, 28, 4, NULL, NULL),
(4761, 49, 29, 3, NULL, NULL),
(4762, 49, 30, 4, NULL, NULL),
(4763, 49, 31, 4, NULL, NULL),
(4764, 49, 32, 4, NULL, NULL),
(4765, 49, 33, 4, NULL, NULL),
(4766, 49, 34, 4, NULL, NULL),
(4767, 49, 35, 4, NULL, NULL),
(4768, 49, 36, 5, NULL, NULL),
(4769, 49, 37, 5, NULL, NULL),
(4770, 49, 38, 5, NULL, NULL),
(4771, 49, 39, 1, NULL, NULL),
(4772, 49, 40, 4, NULL, NULL),
(4773, 49, 41, 4, NULL, NULL),
(4774, 49, 42, 4, NULL, NULL),
(4775, 49, 43, 3, NULL, NULL),
(4776, 49, 44, 4, NULL, NULL),
(4777, 49, 45, 4, NULL, NULL),
(4778, 49, 46, 5, NULL, NULL),
(4779, 49, 47, 4, NULL, NULL),
(4780, 49, 48, 4, NULL, NULL),
(4781, 49, 49, 4, NULL, NULL),
(4782, 49, 50, 5, NULL, NULL),
(4783, 49, 51, 4, NULL, NULL),
(4784, 49, 52, 3, NULL, NULL),
(4785, 49, 53, 4, NULL, NULL),
(4786, 49, 54, 4, NULL, NULL),
(4787, 49, 55, 4, NULL, NULL),
(4788, 49, 56, 4, NULL, NULL),
(4789, 49, 57, 2, NULL, NULL),
(4790, 49, 58, 5, NULL, NULL),
(4791, 49, 59, 3, NULL, NULL),
(4792, 49, 60, 4, NULL, NULL),
(4793, 49, 61, 4, NULL, NULL),
(4794, 49, 62, 3, NULL, NULL),
(4795, 49, 63, 4, NULL, NULL),
(4796, 49, 64, 5, NULL, NULL),
(4797, 49, 65, 4, NULL, NULL),
(4798, 49, 66, 3, NULL, NULL),
(4799, 49, 67, 3, NULL, NULL),
(4800, 49, 68, 5, NULL, NULL),
(4801, 49, 69, 5, NULL, NULL),
(4802, 49, 70, 5, NULL, NULL),
(4803, 49, 71, 5, NULL, NULL),
(4804, 49, 72, 4, NULL, NULL),
(4805, 49, 73, 5, NULL, NULL),
(4806, 49, 74, 5, NULL, NULL),
(4807, 49, 75, 1, NULL, NULL),
(4808, 49, 76, 4, NULL, NULL),
(4809, 49, 77, 4, NULL, NULL),
(4810, 49, 78, 4, NULL, NULL),
(4811, 49, 79, 4, NULL, NULL),
(4812, 49, 80, 4, NULL, NULL),
(4813, 49, 81, 4, NULL, NULL),
(4814, 49, 82, 3, NULL, NULL),
(4815, 49, 83, 5, NULL, NULL),
(4816, 49, 84, 5, NULL, NULL),
(4817, 49, 85, 3, NULL, NULL),
(4818, 49, 86, 4, NULL, NULL),
(4819, 49, 87, 4, NULL, NULL),
(4820, 49, 88, 1, NULL, NULL),
(4821, 49, 89, 5, NULL, NULL),
(4822, 49, 90, 4, NULL, NULL),
(4823, 49, 91, 4, NULL, NULL),
(4824, 49, 94, 4, NULL, NULL),
(4825, 49, 96, 5, NULL, NULL),
(4826, 49, 97, 5, NULL, NULL),
(4827, 49, 98, 3, NULL, NULL),
(4828, 49, 99, 5, NULL, NULL),
(4829, 49, 100, 5, NULL, NULL),
(4830, 49, 101, 4, NULL, NULL),
(4831, 49, 102, 5, NULL, NULL),
(4832, 49, 103, 5, NULL, NULL),
(4833, 49, 104, 4, NULL, NULL),
(4834, 49, 105, 4, NULL, NULL),
(4835, 49, 106, 4, NULL, NULL),
(4836, 49, 107, 3, NULL, NULL),
(4837, 49, 108, 4, NULL, NULL),
(4838, 49, 109, 4, NULL, NULL),
(4839, 49, 110, 3, NULL, NULL),
(4840, 49, 111, 3, NULL, NULL),
(4841, 49, 112, 4, NULL, NULL),
(4842, 50, 2, 2, NULL, NULL),
(4843, 50, 3, 3, NULL, NULL),
(4844, 50, 4, 4, NULL, NULL),
(4845, 50, 5, 4, NULL, NULL),
(4846, 50, 6, 4, NULL, NULL),
(4847, 50, 7, 3, NULL, NULL),
(4848, 50, 8, 3, NULL, NULL),
(4849, 50, 9, 5, NULL, NULL),
(4850, 50, 10, 5, NULL, NULL),
(4851, 50, 11, 4, NULL, NULL),
(4852, 50, 12, 4, NULL, NULL),
(4853, 50, 13, 4, NULL, NULL),
(4854, 50, 14, 3, NULL, NULL),
(4855, 50, 15, 4, NULL, NULL),
(4856, 50, 16, 4, NULL, NULL),
(4857, 50, 17, 4, NULL, NULL),
(4858, 50, 18, 3, NULL, NULL),
(4859, 50, 19, 3, NULL, NULL),
(4860, 50, 20, 3, NULL, NULL),
(4861, 50, 21, 5, NULL, NULL),
(4862, 50, 22, 5, NULL, NULL),
(4863, 50, 23, 5, NULL, NULL),
(4864, 50, 24, 3, NULL, NULL),
(4865, 50, 25, 4, NULL, NULL),
(4866, 50, 26, 2, NULL, NULL),
(4867, 50, 27, 4, NULL, NULL),
(4868, 50, 28, 3, NULL, NULL),
(4869, 50, 29, 4, NULL, NULL),
(4870, 50, 30, 4, NULL, NULL),
(4871, 50, 31, 3, NULL, NULL),
(4872, 50, 32, 3, NULL, NULL),
(4873, 50, 33, 4, NULL, NULL),
(4874, 50, 34, 3, NULL, NULL),
(4875, 50, 35, 3, NULL, NULL),
(4876, 50, 36, 3, NULL, NULL),
(4877, 50, 37, 4, NULL, NULL),
(4878, 50, 38, 4, NULL, NULL),
(4879, 50, 39, 1, NULL, NULL),
(4880, 50, 40, 4, NULL, NULL),
(4881, 50, 41, 4, NULL, NULL),
(4882, 50, 42, 3, NULL, NULL),
(4883, 50, 43, 2, NULL, NULL),
(4884, 50, 44, 5, NULL, NULL),
(4885, 50, 45, 4, NULL, NULL),
(4886, 50, 46, 4, NULL, NULL),
(4887, 50, 47, 2, NULL, NULL),
(4888, 50, 48, 4, NULL, NULL),
(4889, 50, 49, 4, NULL, NULL),
(4890, 50, 50, 4, NULL, NULL),
(4891, 50, 51, 3, NULL, NULL),
(4892, 50, 52, 3, NULL, NULL),
(4893, 50, 53, 4, NULL, NULL),
(4894, 50, 54, 5, NULL, NULL),
(4895, 50, 55, 4, NULL, NULL),
(4896, 50, 56, 4, NULL, NULL),
(4897, 50, 57, 4, NULL, NULL),
(4898, 50, 58, 5, NULL, NULL),
(4899, 50, 59, 2, NULL, NULL),
(4900, 50, 60, 4, NULL, NULL),
(4901, 50, 61, 4, NULL, NULL),
(4902, 50, 62, 4, NULL, NULL),
(4903, 50, 63, 3, NULL, NULL),
(4904, 50, 64, 5, NULL, NULL),
(4905, 50, 65, 4, NULL, NULL),
(4906, 50, 66, 3, NULL, NULL),
(4907, 50, 67, 3, NULL, NULL),
(4908, 50, 68, 3, NULL, NULL),
(4909, 50, 69, 4, NULL, NULL),
(4910, 50, 70, 4, NULL, NULL),
(4911, 50, 71, 4, NULL, NULL),
(4912, 50, 72, 3, NULL, NULL),
(4913, 50, 73, 3, NULL, NULL),
(4914, 50, 74, 4, NULL, NULL),
(4915, 50, 75, 3, NULL, NULL),
(4916, 50, 76, 3, NULL, NULL),
(4917, 50, 77, 4, NULL, NULL),
(4918, 50, 78, 4, NULL, NULL),
(4919, 50, 79, 4, NULL, NULL),
(4920, 50, 80, 3, NULL, NULL),
(4921, 50, 81, 4, NULL, NULL),
(4922, 50, 83, 4, NULL, NULL),
(4923, 50, 84, 4, NULL, NULL),
(4924, 50, 85, 3, NULL, NULL),
(4925, 50, 86, 3, NULL, NULL),
(4926, 50, 87, 3, NULL, NULL),
(4927, 50, 88, 4, NULL, NULL),
(4928, 50, 89, 5, NULL, NULL),
(4929, 50, 90, 4, NULL, NULL),
(4930, 50, 91, 4, NULL, NULL),
(4931, 50, 94, 4, NULL, NULL),
(4932, 50, 96, 4, NULL, NULL),
(4933, 50, 97, 3, NULL, NULL),
(4934, 50, 98, 3, NULL, NULL),
(4935, 50, 99, 3, NULL, NULL),
(4936, 50, 100, 2, NULL, NULL),
(4937, 50, 101, 2, NULL, NULL),
(4938, 50, 102, 3, NULL, NULL),
(4939, 50, 103, 3, NULL, NULL),
(4940, 50, 104, 2, NULL, NULL),
(4941, 50, 105, 2, NULL, NULL),
(4942, 50, 106, 2, NULL, NULL),
(4943, 50, 107, 3, NULL, NULL),
(4944, 50, 108, 2, NULL, NULL),
(4945, 50, 109, 4, NULL, NULL),
(4946, 50, 110, 3, NULL, NULL),
(4947, 50, 111, 3, NULL, NULL),
(4948, 50, 112, 3, NULL, NULL),
(4949, 51, 2, 2, NULL, NULL),
(4950, 51, 3, 2, NULL, NULL),
(4951, 51, 4, 5, NULL, NULL),
(4952, 51, 5, 4, NULL, NULL),
(4953, 51, 6, 5, NULL, NULL),
(4954, 51, 7, 4, NULL, NULL),
(4955, 51, 8, 1, NULL, NULL),
(4956, 51, 9, 3, NULL, NULL),
(4957, 51, 10, 4, NULL, NULL),
(4958, 51, 11, 3, NULL, NULL),
(4959, 51, 12, 1, NULL, NULL),
(4960, 51, 13, 4, NULL, NULL),
(4961, 51, 14, 3, NULL, NULL),
(4962, 51, 15, 4, NULL, NULL),
(4963, 51, 16, 4, NULL, NULL),
(4964, 51, 17, 6, NULL, NULL),
(4965, 51, 18, 6, NULL, NULL),
(4966, 51, 19, 6, NULL, NULL),
(4967, 51, 20, 6, NULL, NULL),
(4968, 51, 21, 4, NULL, NULL),
(4969, 51, 22, 5, NULL, NULL),
(4970, 51, 23, 2, NULL, NULL),
(4971, 51, 24, 2, NULL, NULL),
(4972, 51, 25, 4, NULL, NULL),
(4973, 51, 26, 1, NULL, NULL),
(4974, 51, 27, 5, NULL, NULL),
(4975, 51, 28, 4, NULL, NULL),
(4976, 51, 29, 4, NULL, NULL),
(4977, 51, 30, 4, NULL, NULL),
(4978, 51, 31, 4, NULL, NULL),
(4979, 51, 32, 3, NULL, NULL),
(4980, 51, 33, 4, NULL, NULL),
(4981, 51, 34, 1, NULL, NULL),
(4982, 51, 35, 3, NULL, NULL),
(4983, 51, 36, 4, NULL, NULL),
(4984, 51, 37, 4, NULL, NULL),
(4985, 51, 38, 2, NULL, NULL),
(4986, 51, 39, 1, NULL, NULL),
(4987, 51, 40, 5, NULL, NULL),
(4988, 51, 41, 6, NULL, NULL),
(4989, 51, 42, 4, NULL, NULL),
(4990, 51, 43, 6, NULL, NULL),
(4991, 51, 44, 6, NULL, NULL),
(4992, 51, 45, 6, NULL, NULL),
(4993, 51, 46, 6, NULL, NULL),
(4994, 51, 47, 5, NULL, NULL),
(4995, 51, 48, 5, NULL, NULL),
(4996, 51, 49, 6, NULL, NULL),
(4997, 51, 50, 1, NULL, NULL),
(4998, 51, 51, 5, NULL, NULL),
(4999, 51, 52, 1, NULL, NULL),
(5000, 51, 53, 6, NULL, NULL),
(5001, 51, 54, 6, NULL, NULL),
(5002, 51, 55, 6, NULL, NULL),
(5003, 51, 56, 6, NULL, NULL),
(5004, 51, 57, 1, NULL, NULL),
(5005, 51, 58, 1, NULL, NULL),
(5006, 51, 59, 1, NULL, NULL),
(5007, 51, 60, 6, NULL, NULL),
(5008, 51, 61, 6, NULL, NULL),
(5009, 51, 62, 6, NULL, NULL),
(5010, 51, 63, 6, NULL, NULL),
(5011, 51, 64, 6, NULL, NULL),
(5012, 51, 65, 6, NULL, NULL),
(5013, 51, 66, 1, NULL, NULL),
(5014, 51, 67, 6, NULL, NULL),
(5015, 51, 68, 6, NULL, NULL),
(5016, 51, 69, 6, NULL, NULL),
(5017, 51, 70, 6, NULL, NULL),
(5018, 51, 71, 6, NULL, NULL),
(5019, 51, 72, 6, NULL, NULL),
(5020, 51, 73, 6, NULL, NULL),
(5021, 51, 74, 4, NULL, NULL),
(5022, 51, 75, 1, NULL, NULL),
(5023, 51, 76, 6, NULL, NULL),
(5024, 51, 77, 6, NULL, NULL),
(5025, 51, 78, 6, NULL, NULL),
(5026, 51, 79, 6, NULL, NULL),
(5027, 51, 80, 6, NULL, NULL),
(5028, 51, 81, 6, NULL, NULL),
(5029, 51, 82, 6, NULL, NULL),
(5030, 51, 83, 6, NULL, NULL),
(5031, 51, 84, 6, NULL, NULL),
(5032, 51, 85, 1, NULL, NULL),
(5033, 51, 86, 6, NULL, NULL),
(5034, 51, 87, 6, NULL, NULL),
(5035, 51, 88, 6, NULL, NULL),
(5036, 51, 89, 6, NULL, NULL),
(5037, 51, 90, 6, NULL, NULL),
(5038, 51, 91, 6, NULL, NULL),
(5039, 51, 94, 6, NULL, NULL),
(5040, 51, 96, 6, NULL, NULL),
(5041, 51, 97, 6, NULL, NULL),
(5042, 51, 98, 1, NULL, NULL),
(5043, 51, 99, 6, NULL, NULL),
(5044, 51, 100, 6, NULL, NULL),
(5045, 51, 101, 6, NULL, NULL),
(5046, 51, 102, 6, NULL, NULL),
(5047, 51, 103, 6, NULL, NULL),
(5048, 51, 104, 6, NULL, NULL),
(5049, 51, 105, 4, NULL, NULL),
(5050, 51, 106, 6, NULL, NULL),
(5051, 51, 107, 3, NULL, NULL),
(5052, 51, 108, 6, NULL, NULL),
(5053, 51, 109, 6, NULL, NULL),
(5054, 51, 110, 1, NULL, NULL),
(5055, 51, 111, 6, NULL, NULL),
(5056, 51, 112, 6, NULL, NULL),
(5057, 52, 2, 2, NULL, NULL),
(5058, 52, 3, 2, NULL, NULL),
(5059, 52, 4, 5, NULL, NULL),
(5060, 52, 5, 5, NULL, NULL),
(5061, 52, 6, 3, NULL, NULL),
(5062, 52, 7, 4, NULL, NULL),
(5063, 52, 8, 2, NULL, NULL),
(5064, 52, 9, 2, NULL, NULL),
(5065, 52, 10, 5, NULL, NULL),
(5066, 52, 11, 2, NULL, NULL),
(5067, 52, 12, 3, NULL, NULL),
(5068, 52, 13, 4, NULL, NULL),
(5069, 52, 14, 3, NULL, NULL),
(5070, 52, 15, 3, NULL, NULL),
(5071, 52, 16, 3, NULL, NULL),
(5072, 52, 17, 3, NULL, NULL),
(5073, 52, 18, 6, NULL, NULL),
(5074, 52, 19, 5, NULL, NULL),
(5075, 52, 20, 5, NULL, NULL),
(5076, 52, 21, 5, NULL, NULL),
(5077, 52, 22, 5, NULL, NULL),
(5078, 52, 23, 4, NULL, NULL),
(5079, 52, 24, 2, NULL, NULL),
(5080, 52, 25, 5, NULL, NULL),
(5081, 52, 26, 3, NULL, NULL),
(5082, 52, 27, 5, NULL, NULL),
(5083, 52, 28, 3, NULL, NULL),
(5084, 52, 29, 4, NULL, NULL),
(5085, 52, 30, 4, NULL, NULL),
(5086, 52, 31, 5, NULL, NULL),
(5087, 52, 32, 3, NULL, NULL),
(5088, 52, 33, 3, NULL, NULL),
(5089, 52, 34, 3, NULL, NULL),
(5090, 52, 35, 3, NULL, NULL),
(5091, 52, 36, 3, NULL, NULL),
(5092, 52, 37, 2, NULL, NULL),
(5093, 52, 38, 2, NULL, NULL),
(5094, 52, 39, 3, NULL, NULL),
(5095, 52, 40, 2, NULL, NULL),
(5096, 52, 41, 2, NULL, NULL),
(5097, 52, 42, 2, NULL, NULL),
(5098, 52, 43, 5, NULL, NULL),
(5099, 52, 44, 5, NULL, NULL),
(5100, 52, 45, 2, NULL, NULL),
(5101, 52, 46, 3, NULL, NULL),
(5102, 52, 47, 4, NULL, NULL),
(5103, 52, 48, 2, NULL, NULL),
(5104, 52, 49, 4, NULL, NULL),
(5105, 52, 50, 3, NULL, NULL),
(5106, 52, 51, 2, NULL, NULL),
(5107, 52, 52, 3, NULL, NULL),
(5108, 52, 53, 5, NULL, NULL),
(5109, 52, 54, 4, NULL, NULL),
(5110, 52, 55, 4, NULL, NULL),
(5111, 52, 56, 4, NULL, NULL),
(5112, 52, 57, 3, NULL, NULL),
(5113, 52, 58, 4, NULL, NULL),
(5114, 52, 59, 3, NULL, NULL),
(5115, 52, 60, 2, NULL, NULL),
(5116, 52, 61, 6, NULL, NULL),
(5117, 52, 62, 4, NULL, NULL),
(5118, 52, 63, 5, NULL, NULL),
(5119, 52, 64, 4, NULL, NULL),
(5120, 52, 65, 5, NULL, NULL),
(5121, 52, 66, 3, NULL, NULL),
(5122, 52, 67, 3, NULL, NULL),
(5123, 52, 68, 3, NULL, NULL),
(5124, 52, 69, 5, NULL, NULL),
(5125, 52, 70, 3, NULL, NULL),
(5126, 52, 71, 4, NULL, NULL),
(5127, 52, 72, 4, NULL, NULL),
(5128, 52, 73, 6, NULL, NULL),
(5129, 52, 74, 4, NULL, NULL),
(5130, 52, 75, 3, NULL, NULL),
(5131, 52, 76, 3, NULL, NULL),
(5132, 52, 77, 5, NULL, NULL),
(5133, 52, 78, 6, NULL, NULL),
(5134, 52, 79, 4, NULL, NULL),
(5135, 52, 80, 5, NULL, NULL),
(5136, 52, 81, 5, NULL, NULL),
(5137, 52, 82, 3, NULL, NULL),
(5138, 52, 83, 4, NULL, NULL),
(5139, 52, 84, 3, NULL, NULL),
(5140, 52, 85, 3, NULL, NULL),
(5141, 52, 86, 6, NULL, NULL),
(5142, 52, 87, 6, NULL, NULL),
(5143, 52, 88, 5, NULL, NULL),
(5144, 52, 89, 6, NULL, NULL),
(5145, 52, 90, 6, NULL, NULL),
(5146, 52, 91, 5, NULL, NULL),
(5147, 52, 94, 5, NULL, NULL),
(5148, 52, 96, 6, NULL, NULL),
(5149, 52, 97, 3, NULL, NULL),
(5150, 52, 98, 2, NULL, NULL),
(5151, 52, 99, 5, NULL, NULL),
(5152, 52, 100, 4, NULL, NULL),
(5153, 52, 101, 5, NULL, NULL),
(5154, 52, 102, 3, NULL, NULL),
(5155, 52, 103, 5, NULL, NULL),
(5156, 52, 104, 5, NULL, NULL),
(5157, 52, 105, 3, NULL, NULL),
(5158, 52, 106, 4, NULL, NULL),
(5159, 52, 107, 2, NULL, NULL),
(5160, 52, 108, 2, NULL, NULL),
(5161, 52, 109, 2, NULL, NULL),
(5162, 52, 110, 2, NULL, NULL),
(5163, 52, 111, 2, NULL, NULL),
(5164, 52, 112, 3, NULL, NULL),
(5165, 53, 2, 2, NULL, NULL),
(5166, 53, 3, 3, NULL, NULL),
(5167, 53, 4, 4, NULL, NULL),
(5168, 53, 5, 5, NULL, NULL),
(5169, 53, 6, 4, NULL, NULL),
(5170, 53, 7, 3, NULL, NULL),
(5171, 53, 8, 3, NULL, NULL),
(5172, 53, 9, 4, NULL, NULL),
(5173, 53, 10, 4, NULL, NULL),
(5174, 53, 11, 3, NULL, NULL),
(5175, 53, 12, 4, NULL, NULL),
(5176, 53, 13, 5, NULL, NULL),
(5177, 53, 14, 3, NULL, NULL),
(5178, 53, 15, 5, NULL, NULL),
(5179, 53, 16, 4, NULL, NULL),
(5180, 53, 17, 4, NULL, NULL),
(5181, 53, 18, 4, NULL, NULL),
(5182, 53, 19, 4, NULL, NULL),
(5183, 53, 20, 4, NULL, NULL),
(5184, 53, 21, 4, NULL, NULL),
(5185, 53, 22, 4, NULL, NULL),
(5186, 53, 23, 3, NULL, NULL),
(5187, 53, 24, 3, NULL, NULL),
(5188, 53, 25, 4, NULL, NULL),
(5189, 53, 26, 2, NULL, NULL),
(5190, 53, 27, 3, NULL, NULL),
(5191, 53, 28, 4, NULL, NULL),
(5192, 53, 29, 3, NULL, NULL),
(5193, 53, 30, 4, NULL, NULL),
(5194, 53, 31, 3, NULL, NULL),
(5195, 53, 32, 2, NULL, NULL),
(5196, 53, 33, 3, NULL, NULL),
(5197, 53, 34, 4, NULL, NULL),
(5198, 53, 35, 4, NULL, NULL),
(5199, 53, 36, 3, NULL, NULL),
(5200, 53, 37, 4, NULL, NULL),
(5201, 53, 38, 4, NULL, NULL),
(5202, 53, 39, 1, NULL, NULL),
(5203, 53, 40, 3, NULL, NULL),
(5204, 53, 41, 3, NULL, NULL),
(5205, 53, 42, 3, NULL, NULL),
(5206, 53, 43, 4, NULL, NULL),
(5207, 53, 44, 4, NULL, NULL),
(5208, 53, 45, 3, NULL, NULL),
(5209, 53, 46, 2, NULL, NULL),
(5210, 53, 47, 3, NULL, NULL),
(5211, 53, 48, 3, NULL, NULL),
(5212, 53, 49, 4, NULL, NULL),
(5213, 53, 50, 3, NULL, NULL),
(5214, 53, 51, 3, NULL, NULL),
(5215, 53, 52, 3, NULL, NULL),
(5216, 53, 53, 3, NULL, NULL),
(5217, 53, 54, 4, NULL, NULL),
(5218, 53, 55, 4, NULL, NULL),
(5219, 53, 56, 4, NULL, NULL),
(5220, 53, 57, 3, NULL, NULL),
(5221, 53, 58, 4, NULL, NULL),
(5222, 53, 59, 3, NULL, NULL),
(5223, 53, 60, 3, NULL, NULL),
(5224, 53, 61, 4, NULL, NULL),
(5225, 53, 62, 4, NULL, NULL),
(5226, 53, 63, 4, NULL, NULL),
(5227, 53, 64, 5, NULL, NULL),
(5228, 53, 65, 4, NULL, NULL),
(5229, 53, 66, 3, NULL, NULL),
(5230, 53, 67, 3, NULL, NULL),
(5231, 53, 68, 4, NULL, NULL),
(5232, 53, 69, 4, NULL, NULL),
(5233, 53, 70, 4, NULL, NULL),
(5234, 53, 71, 4, NULL, NULL),
(5235, 53, 72, 4, NULL, NULL),
(5236, 53, 73, 4, NULL, NULL),
(5237, 53, 74, 4, NULL, NULL),
(5238, 53, 75, 1, NULL, NULL),
(5239, 53, 76, 3, NULL, NULL),
(5240, 53, 77, 5, NULL, NULL),
(5241, 53, 78, 5, NULL, NULL),
(5242, 53, 79, 4, NULL, NULL),
(5243, 53, 80, 4, NULL, NULL),
(5244, 53, 81, 4, NULL, NULL),
(5245, 53, 82, 4, NULL, NULL),
(5246, 53, 83, 4, NULL, NULL),
(5247, 53, 84, 3, NULL, NULL),
(5248, 53, 85, 3, NULL, NULL),
(5249, 53, 86, 4, NULL, NULL),
(5250, 53, 87, 4, NULL, NULL),
(5251, 53, 88, 3, NULL, NULL),
(5252, 53, 89, 3, NULL, NULL),
(5253, 53, 90, 3, NULL, NULL),
(5254, 53, 91, 3, NULL, NULL),
(5255, 53, 94, 4, NULL, NULL),
(5256, 53, 96, 4, NULL, NULL),
(5257, 53, 97, 3, NULL, NULL),
(5258, 53, 98, 2, NULL, NULL),
(5259, 53, 99, 4, NULL, NULL),
(5260, 53, 100, 4, NULL, NULL),
(5261, 53, 101, 3, NULL, NULL),
(5262, 53, 102, 4, NULL, NULL),
(5263, 53, 103, 4, NULL, NULL),
(5264, 53, 104, 4, NULL, NULL),
(5265, 53, 105, 4, NULL, NULL),
(5266, 53, 106, 3, NULL, NULL),
(5267, 53, 107, 3, NULL, NULL),
(5268, 53, 108, 3, NULL, NULL),
(5269, 53, 109, 3, NULL, NULL),
(5270, 53, 110, 1, NULL, NULL),
(5271, 53, 111, 2, NULL, NULL),
(5272, 53, 112, 5, NULL, NULL),
(5273, 54, 2, 2, NULL, NULL),
(5274, 54, 3, 6, NULL, NULL),
(5275, 54, 4, 6, NULL, NULL),
(5276, 54, 5, 4, NULL, NULL),
(5277, 54, 6, 6, NULL, NULL),
(5278, 54, 7, 4, NULL, NULL),
(5279, 54, 8, 1, NULL, NULL),
(5280, 54, 9, 6, NULL, NULL),
(5281, 54, 10, 4, NULL, NULL),
(5282, 54, 11, 6, NULL, NULL),
(5283, 54, 12, 4, NULL, NULL),
(5284, 54, 13, 5, NULL, NULL),
(5285, 54, 14, 1, NULL, NULL),
(5286, 54, 15, 5, NULL, NULL),
(5287, 54, 16, 6, NULL, NULL),
(5288, 54, 17, 4, NULL, NULL),
(5289, 54, 18, 5, NULL, NULL),
(5290, 54, 19, 3, NULL, NULL),
(5291, 54, 20, 5, NULL, NULL),
(5292, 54, 21, 5, NULL, NULL),
(5293, 54, 22, 4, NULL, NULL),
(5294, 54, 23, 5, NULL, NULL),
(5295, 54, 24, 3, NULL, NULL),
(5296, 54, 25, 3, NULL, NULL),
(5297, 54, 26, 1, NULL, NULL),
(5298, 54, 27, 4, NULL, NULL),
(5299, 54, 28, 5, NULL, NULL),
(5300, 54, 29, 3, NULL, NULL),
(5301, 54, 30, 5, NULL, NULL),
(5302, 54, 31, 4, NULL, NULL),
(5303, 54, 32, 4, NULL, NULL),
(5304, 54, 33, 5, NULL, NULL),
(5305, 54, 34, 4, NULL, NULL),
(5306, 54, 35, 4, NULL, NULL),
(5307, 54, 36, 5, NULL, NULL),
(5308, 54, 37, 3, NULL, NULL),
(5309, 54, 38, 4, NULL, NULL),
(5310, 54, 39, 1, NULL, NULL),
(5311, 54, 40, 3, NULL, NULL),
(5312, 54, 41, 4, NULL, NULL),
(5313, 54, 42, 1, NULL, NULL),
(5314, 54, 43, 1, NULL, NULL),
(5315, 54, 44, 3, NULL, NULL),
(5316, 54, 45, 3, NULL, NULL),
(5317, 54, 46, 1, NULL, NULL),
(5318, 54, 47, 6, NULL, NULL),
(5319, 54, 48, 1, NULL, NULL),
(5320, 54, 49, 4, NULL, NULL),
(5321, 54, 50, 4, NULL, NULL),
(5322, 54, 51, 4, NULL, NULL),
(5323, 54, 52, 1, NULL, NULL),
(5324, 54, 53, 5, NULL, NULL),
(5325, 54, 54, 3, NULL, NULL),
(5326, 54, 55, 4, NULL, NULL),
(5327, 54, 56, 5, NULL, NULL),
(5328, 54, 57, 1, NULL, NULL),
(5329, 54, 58, 4, NULL, NULL),
(5330, 54, 59, 1, NULL, NULL),
(5331, 54, 61, 5, NULL, NULL),
(5332, 54, 62, 1, NULL, NULL),
(5333, 54, 63, 3, NULL, NULL),
(5334, 54, 64, 6, NULL, NULL),
(5335, 54, 65, 5, NULL, NULL),
(5336, 54, 66, 1, NULL, NULL),
(5337, 54, 67, 1, NULL, NULL),
(5338, 54, 68, 5, NULL, NULL),
(5339, 54, 69, 5, NULL, NULL),
(5340, 54, 70, 3, NULL, NULL),
(5341, 54, 71, 4, NULL, NULL),
(5342, 54, 72, 1, NULL, NULL),
(5343, 54, 73, 5, NULL, NULL),
(5344, 54, 74, 6, NULL, NULL),
(5345, 54, 75, 1, NULL, NULL),
(5346, 54, 76, 5, NULL, NULL),
(5347, 54, 77, 5, NULL, NULL),
(5348, 54, 78, 5, NULL, NULL),
(5349, 54, 79, 3, NULL, NULL),
(5350, 54, 80, 5, NULL, NULL),
(5351, 54, 81, 5, NULL, NULL),
(5352, 54, 82, 4, NULL, NULL),
(5353, 54, 83, 5, NULL, NULL),
(5354, 54, 84, 4, NULL, NULL),
(5355, 54, 85, 1, NULL, NULL),
(5356, 54, 86, 4, NULL, NULL),
(5357, 54, 87, 3, NULL, NULL),
(5358, 54, 88, 2, NULL, NULL),
(5359, 54, 89, 5, NULL, NULL),
(5360, 54, 90, 5, NULL, NULL),
(5361, 54, 91, 4, NULL, NULL),
(5362, 54, 94, 4, NULL, NULL),
(5363, 54, 96, 4, NULL, NULL),
(5364, 54, 97, 5, NULL, NULL),
(5365, 54, 98, 3, NULL, NULL),
(5366, 54, 99, 4, NULL, NULL),
(5367, 54, 100, 3, NULL, NULL),
(5368, 54, 101, 5, NULL, NULL),
(5369, 54, 102, 5, NULL, NULL),
(5370, 54, 103, 4, NULL, NULL),
(5371, 54, 104, 6, NULL, NULL),
(5372, 54, 105, 5, NULL, NULL),
(5373, 54, 106, 4, NULL, NULL),
(5374, 54, 107, 2, NULL, NULL),
(5375, 54, 108, 1, NULL, NULL),
(5376, 54, 109, 3, NULL, NULL),
(5377, 54, 110, 5, NULL, NULL),
(5378, 54, 111, 2, NULL, NULL),
(5379, 54, 112, 3, NULL, NULL),
(5380, 55, 2, 6, NULL, NULL),
(5381, 55, 3, 5, NULL, NULL),
(5382, 55, 4, 4, NULL, NULL),
(5383, 55, 5, 5, NULL, NULL),
(5384, 55, 6, 6, NULL, NULL),
(5385, 55, 7, 5, NULL, NULL),
(5386, 55, 8, 2, NULL, NULL),
(5387, 55, 9, 6, NULL, NULL),
(5388, 55, 10, 6, NULL, NULL),
(5389, 55, 11, 5, NULL, NULL),
(5390, 55, 12, 5, NULL, NULL),
(5391, 55, 13, 5, NULL, NULL),
(5392, 55, 14, 3, NULL, NULL),
(5393, 55, 15, 4, NULL, NULL),
(5394, 55, 16, 5, NULL, NULL),
(5395, 55, 17, 5, NULL, NULL),
(5396, 55, 18, 6, NULL, NULL),
(5397, 55, 19, 4, NULL, NULL),
(5398, 55, 20, 4, NULL, NULL),
(5399, 55, 21, 5, NULL, NULL),
(5400, 55, 22, 5, NULL, NULL),
(5401, 55, 23, 5, NULL, NULL),
(5402, 55, 24, 3, NULL, NULL),
(5403, 55, 25, 5, NULL, NULL),
(5404, 55, 26, 1, NULL, NULL),
(5405, 55, 27, 5, NULL, NULL),
(5406, 55, 28, 2, NULL, NULL),
(5407, 55, 29, 5, NULL, NULL),
(5408, 55, 30, 5, NULL, NULL),
(5409, 55, 31, 3, NULL, NULL),
(5410, 55, 32, 3, NULL, NULL),
(5411, 55, 33, 6, NULL, NULL),
(5412, 55, 34, 5, NULL, NULL),
(5413, 55, 35, 4, NULL, NULL),
(5414, 55, 36, 5, NULL, NULL),
(5415, 55, 37, 5, NULL, NULL),
(5416, 55, 38, 6, NULL, NULL),
(5417, 55, 39, 2, NULL, NULL),
(5418, 55, 40, 5, NULL, NULL),
(5419, 55, 41, 4, NULL, NULL),
(5420, 55, 42, 5, NULL, NULL),
(5421, 55, 43, 6, NULL, NULL),
(5422, 55, 44, 5, NULL, NULL),
(5423, 55, 45, 5, NULL, NULL),
(5424, 55, 46, 4, NULL, NULL),
(5425, 55, 47, 6, NULL, NULL),
(5426, 55, 48, 5, NULL, NULL),
(5427, 55, 49, 5, NULL, NULL),
(5428, 55, 50, 5, NULL, NULL),
(5429, 55, 51, 5, NULL, NULL),
(5430, 55, 52, 2, NULL, NULL),
(5431, 55, 53, 5, NULL, NULL),
(5432, 55, 54, 5, NULL, NULL),
(5433, 55, 55, 5, NULL, NULL),
(5434, 55, 56, 5, NULL, NULL),
(5435, 55, 57, 6, NULL, NULL),
(5436, 55, 58, 6, NULL, NULL),
(5437, 55, 59, 2, NULL, NULL),
(5438, 55, 60, 4, NULL, NULL),
(5439, 55, 61, 5, NULL, NULL),
(5440, 55, 62, 5, NULL, NULL),
(5441, 55, 63, 6, NULL, NULL),
(5442, 55, 64, 6, NULL, NULL),
(5443, 55, 65, 4, NULL, NULL),
(5444, 55, 66, 2, NULL, NULL),
(5445, 55, 67, 3, NULL, NULL),
(5446, 55, 68, 5, NULL, NULL),
(5447, 55, 69, 4, NULL, NULL),
(5448, 55, 70, 5, NULL, NULL),
(5449, 55, 71, 5, NULL, NULL),
(5450, 55, 72, 5, NULL, NULL),
(5451, 55, 73, 5, NULL, NULL),
(5452, 55, 74, 5, NULL, NULL),
(5453, 55, 75, 1, NULL, NULL),
(5454, 55, 76, 5, NULL, NULL),
(5455, 55, 77, 6, NULL, NULL),
(5456, 55, 78, 6, NULL, NULL),
(5457, 55, 79, 5, NULL, NULL),
(5458, 55, 80, 5, NULL, NULL),
(5459, 55, 81, 5, NULL, NULL),
(5460, 55, 82, 5, NULL, NULL),
(5461, 55, 83, 5, NULL, NULL),
(5462, 55, 84, 3, NULL, NULL),
(5463, 55, 85, 2, NULL, NULL),
(5464, 55, 86, 4, NULL, NULL),
(5465, 55, 87, 5, NULL, NULL),
(5466, 55, 88, 2, NULL, NULL),
(5467, 55, 89, 5, NULL, NULL),
(5468, 55, 90, 4, NULL, NULL),
(5469, 55, 91, 5, NULL, NULL),
(5470, 55, 94, 5, NULL, NULL),
(5471, 55, 96, 5, NULL, NULL),
(5472, 55, 97, 6, NULL, NULL),
(5473, 55, 98, 1, NULL, NULL),
(5474, 55, 99, 6, NULL, NULL),
(5475, 55, 100, 5, NULL, NULL),
(5476, 55, 101, 5, NULL, NULL),
(5477, 55, 102, 5, NULL, NULL),
(5478, 55, 103, 5, NULL, NULL),
(5479, 55, 104, 6, NULL, NULL),
(5480, 55, 105, 5, NULL, NULL),
(5481, 55, 106, 4, NULL, NULL),
(5482, 55, 107, 3, NULL, NULL),
(5483, 55, 108, 5, NULL, NULL),
(5484, 55, 109, 4, NULL, NULL),
(5485, 55, 110, 2, NULL, NULL),
(5486, 55, 111, 5, NULL, NULL),
(5487, 55, 112, 3, NULL, NULL),
(5488, 56, 2, 2, NULL, NULL),
(5489, 56, 3, 4, NULL, NULL),
(5490, 56, 4, 5, NULL, NULL),
(5491, 56, 5, 5, NULL, NULL),
(5492, 56, 6, 5, NULL, NULL),
(5493, 56, 7, 5, NULL, NULL),
(5494, 56, 8, 2, NULL, NULL),
(5495, 56, 9, 4, NULL, NULL),
(5496, 56, 10, 5, NULL, NULL),
(5497, 56, 11, 4, NULL, NULL),
(5498, 56, 12, 5, NULL, NULL),
(5499, 56, 13, 5, NULL, NULL),
(5500, 56, 14, 2, NULL, NULL),
(5501, 56, 15, 4, NULL, NULL),
(5502, 56, 16, 5, NULL, NULL),
(5503, 56, 17, 5, NULL, NULL),
(5504, 56, 18, 4, NULL, NULL),
(5505, 56, 19, 5, NULL, NULL),
(5506, 56, 20, 5, NULL, NULL),
(5507, 56, 21, 5, NULL, NULL),
(5508, 56, 22, 5, NULL, NULL),
(5509, 56, 23, 5, NULL, NULL),
(5510, 56, 24, 3, NULL, NULL),
(5511, 56, 25, 5, NULL, NULL),
(5512, 56, 26, 2, NULL, NULL),
(5513, 56, 27, 5, NULL, NULL),
(5514, 56, 28, 5, NULL, NULL),
(5515, 56, 29, 5, NULL, NULL),
(5516, 56, 30, 5, NULL, NULL),
(5517, 56, 31, 4, NULL, NULL),
(5518, 56, 32, 3, NULL, NULL),
(5519, 56, 33, 5, NULL, NULL),
(5520, 56, 34, 4, NULL, NULL),
(5521, 56, 35, 5, NULL, NULL),
(5522, 56, 36, 5, NULL, NULL),
(5523, 56, 37, 5, NULL, NULL),
(5524, 56, 38, 5, NULL, NULL),
(5525, 56, 39, 2, NULL, NULL),
(5526, 56, 40, 3, NULL, NULL);
INSERT INTO `q_answer` (`id`, `respondent_id`, `question_id`, `rating`, `created_at`, `updated_at`) VALUES
(5527, 56, 41, 4, NULL, NULL),
(5528, 56, 42, 3, NULL, NULL),
(5529, 56, 43, 2, NULL, NULL),
(5530, 56, 44, 3, NULL, NULL),
(5531, 56, 45, 4, NULL, NULL),
(5532, 56, 46, 3, NULL, NULL),
(5533, 56, 47, 3, NULL, NULL),
(5534, 56, 48, 3, NULL, NULL),
(5535, 56, 49, 5, NULL, NULL),
(5536, 56, 50, 4, NULL, NULL),
(5537, 56, 51, 4, NULL, NULL),
(5538, 56, 52, 3, NULL, NULL),
(5539, 56, 53, 5, NULL, NULL),
(5540, 56, 54, 5, NULL, NULL),
(5541, 56, 55, 5, NULL, NULL),
(5542, 56, 56, 5, NULL, NULL),
(5543, 56, 57, 5, NULL, NULL),
(5544, 56, 58, 5, NULL, NULL),
(5545, 56, 59, 2, NULL, NULL),
(5546, 56, 60, 5, NULL, NULL),
(5547, 56, 61, 5, NULL, NULL),
(5548, 56, 62, 5, NULL, NULL),
(5549, 56, 63, 5, NULL, NULL),
(5550, 56, 64, 5, NULL, NULL),
(5551, 56, 65, 5, NULL, NULL),
(5552, 56, 66, 3, NULL, NULL),
(5553, 56, 67, 3, NULL, NULL),
(5554, 56, 68, 4, NULL, NULL),
(5555, 56, 69, 5, NULL, NULL),
(5556, 56, 70, 5, NULL, NULL),
(5557, 56, 71, 5, NULL, NULL),
(5558, 56, 72, 5, NULL, NULL),
(5559, 56, 73, 5, NULL, NULL),
(5560, 56, 74, 5, NULL, NULL),
(5561, 56, 75, 2, NULL, NULL),
(5562, 56, 76, 5, NULL, NULL),
(5563, 56, 77, 5, NULL, NULL),
(5564, 56, 78, 5, NULL, NULL),
(5565, 56, 79, 5, NULL, NULL),
(5566, 56, 80, 5, NULL, NULL),
(5567, 56, 81, 5, NULL, NULL),
(5568, 56, 82, 4, NULL, NULL),
(5569, 56, 83, 5, NULL, NULL),
(5570, 56, 84, 4, NULL, NULL),
(5571, 56, 85, 2, NULL, NULL),
(5572, 56, 86, 5, NULL, NULL),
(5573, 56, 87, 5, NULL, NULL),
(5574, 56, 88, 4, NULL, NULL),
(5575, 56, 89, 5, NULL, NULL),
(5576, 56, 90, 5, NULL, NULL),
(5577, 56, 91, 5, NULL, NULL),
(5578, 56, 94, 5, NULL, NULL),
(5579, 56, 96, 5, NULL, NULL),
(5580, 56, 97, 5, NULL, NULL),
(5581, 56, 98, 2, NULL, NULL),
(5582, 56, 99, 5, NULL, NULL),
(5583, 56, 100, 5, NULL, NULL),
(5584, 56, 101, 5, NULL, NULL),
(5585, 56, 102, 5, NULL, NULL),
(5586, 56, 103, 5, NULL, NULL),
(5587, 56, 104, 5, NULL, NULL),
(5588, 56, 105, 4, NULL, NULL),
(5589, 56, 106, 5, NULL, NULL),
(5590, 56, 107, 3, NULL, NULL),
(5591, 56, 108, 5, NULL, NULL),
(5592, 56, 109, 5, NULL, NULL),
(5593, 56, 110, 4, NULL, NULL),
(5594, 56, 111, 5, NULL, NULL),
(5595, 56, 112, 5, NULL, NULL),
(5596, 57, 2, 2, NULL, NULL),
(5597, 57, 3, 5, NULL, NULL),
(5598, 57, 4, 5, NULL, NULL),
(5599, 57, 5, 5, NULL, NULL),
(5600, 57, 6, 5, NULL, NULL),
(5601, 57, 7, 4, NULL, NULL),
(5602, 57, 8, 3, NULL, NULL),
(5603, 57, 9, 4, NULL, NULL),
(5604, 57, 10, 4, NULL, NULL),
(5605, 57, 11, 4, NULL, NULL),
(5606, 57, 12, 4, NULL, NULL),
(5607, 57, 13, 4, NULL, NULL),
(5608, 57, 14, 3, NULL, NULL),
(5609, 57, 15, 4, NULL, NULL),
(5610, 57, 16, 4, NULL, NULL),
(5611, 57, 17, 5, NULL, NULL),
(5612, 57, 18, 4, NULL, NULL),
(5613, 57, 19, 5, NULL, NULL),
(5614, 57, 20, 4, NULL, NULL),
(5615, 57, 21, 5, NULL, NULL),
(5616, 57, 22, 5, NULL, NULL),
(5617, 57, 23, 4, NULL, NULL),
(5618, 57, 24, 3, NULL, NULL),
(5619, 57, 25, 4, NULL, NULL),
(5620, 57, 26, 3, NULL, NULL),
(5621, 57, 27, 4, NULL, NULL),
(5622, 57, 28, 5, NULL, NULL),
(5623, 57, 29, 4, NULL, NULL),
(5624, 57, 30, 4, NULL, NULL),
(5625, 57, 31, 4, NULL, NULL),
(5626, 57, 32, 4, NULL, NULL),
(5627, 57, 33, 4, NULL, NULL),
(5628, 57, 34, 4, NULL, NULL),
(5629, 57, 35, 4, NULL, NULL),
(5630, 57, 36, 4, NULL, NULL),
(5631, 57, 37, 4, NULL, NULL),
(5632, 57, 38, 4, NULL, NULL),
(5633, 57, 39, 3, NULL, NULL),
(5634, 57, 40, 4, NULL, NULL),
(5635, 57, 41, 4, NULL, NULL),
(5636, 57, 42, 4, NULL, NULL),
(5637, 57, 43, 4, NULL, NULL),
(5638, 57, 44, 4, NULL, NULL),
(5639, 57, 45, 4, NULL, NULL),
(5640, 57, 46, 4, NULL, NULL),
(5641, 57, 47, 4, NULL, NULL),
(5642, 57, 48, 4, NULL, NULL),
(5643, 57, 49, 4, NULL, NULL),
(5644, 57, 50, 4, NULL, NULL),
(5645, 57, 51, 4, NULL, NULL),
(5646, 57, 52, 3, NULL, NULL),
(5647, 57, 53, 4, NULL, NULL),
(5648, 57, 54, 4, NULL, NULL),
(5649, 58, 2, 2, NULL, NULL),
(5650, 57, 55, 4, NULL, NULL),
(5651, 58, 3, 5, NULL, NULL),
(5652, 57, 56, 4, NULL, NULL),
(5653, 58, 4, 5, NULL, NULL),
(5654, 57, 57, 4, NULL, NULL),
(5655, 58, 5, 6, NULL, NULL),
(5656, 57, 58, 4, NULL, NULL),
(5657, 57, 59, 3, NULL, NULL),
(5658, 58, 6, 6, NULL, NULL),
(5659, 57, 60, 4, NULL, NULL),
(5660, 58, 7, 6, NULL, NULL),
(5661, 57, 61, 4, NULL, NULL),
(5662, 58, 8, 3, NULL, NULL),
(5663, 58, 9, 3, NULL, NULL),
(5664, 57, 62, 5, NULL, NULL),
(5665, 58, 10, 4, NULL, NULL),
(5666, 57, 63, 5, NULL, NULL),
(5667, 57, 64, 5, NULL, NULL),
(5668, 58, 11, 6, NULL, NULL),
(5669, 57, 65, 5, NULL, NULL),
(5670, 58, 12, 6, NULL, NULL),
(5671, 57, 66, 3, NULL, NULL),
(5672, 58, 13, 5, NULL, NULL),
(5673, 57, 67, 4, NULL, NULL),
(5674, 58, 14, 2, NULL, NULL),
(5675, 57, 68, 4, NULL, NULL),
(5676, 58, 15, 4, NULL, NULL),
(5677, 57, 69, 5, NULL, NULL),
(5678, 58, 16, 6, NULL, NULL),
(5679, 57, 70, 4, NULL, NULL),
(5680, 58, 17, 4, NULL, NULL),
(5681, 57, 71, 4, NULL, NULL),
(5682, 58, 18, 6, NULL, NULL),
(5683, 57, 72, 4, NULL, NULL),
(5684, 58, 19, 5, NULL, NULL),
(5685, 57, 73, 5, NULL, NULL),
(5686, 58, 20, 4, NULL, NULL),
(5687, 57, 74, 5, NULL, NULL),
(5688, 58, 21, 5, NULL, NULL),
(5689, 57, 75, 1, NULL, NULL),
(5690, 58, 22, 5, NULL, NULL),
(5691, 57, 76, 1, NULL, NULL),
(5692, 58, 23, 5, NULL, NULL),
(5693, 57, 77, 2, NULL, NULL),
(5694, 58, 24, 2, NULL, NULL),
(5695, 57, 78, 5, NULL, NULL),
(5696, 58, 25, 5, NULL, NULL),
(5697, 58, 26, 2, NULL, NULL),
(5698, 57, 79, 4, NULL, NULL),
(5699, 57, 80, 4, NULL, NULL),
(5700, 58, 27, 4, NULL, NULL),
(5701, 57, 81, 5, NULL, NULL),
(5702, 58, 28, 4, NULL, NULL),
(5703, 58, 29, 4, NULL, NULL),
(5704, 57, 82, 5, NULL, NULL),
(5705, 57, 83, 5, NULL, NULL),
(5706, 58, 30, 5, NULL, NULL),
(5707, 58, 31, 3, NULL, NULL),
(5708, 57, 84, 4, NULL, NULL),
(5709, 58, 32, 2, NULL, NULL),
(5710, 57, 85, 1, NULL, NULL),
(5711, 57, 86, 6, NULL, NULL),
(5712, 58, 33, 4, NULL, NULL),
(5713, 58, 34, 5, NULL, NULL),
(5714, 57, 87, 5, NULL, NULL),
(5715, 57, 88, 5, NULL, NULL),
(5716, 58, 35, 5, NULL, NULL),
(5717, 58, 36, 5, NULL, NULL),
(5718, 57, 89, 4, NULL, NULL),
(5719, 57, 90, 4, NULL, NULL),
(5720, 58, 37, 4, NULL, NULL),
(5721, 58, 38, 4, NULL, NULL),
(5722, 57, 91, 4, NULL, NULL),
(5723, 58, 39, 3, NULL, NULL),
(5724, 57, 94, 6, NULL, NULL),
(5725, 57, 96, 6, NULL, NULL),
(5726, 58, 40, 5, NULL, NULL),
(5727, 57, 97, 5, NULL, NULL),
(5728, 58, 41, 4, NULL, NULL),
(5729, 58, 42, 4, NULL, NULL),
(5730, 57, 98, 3, NULL, NULL),
(5731, 57, 99, 3, NULL, NULL),
(5732, 58, 43, 1, NULL, NULL),
(5733, 57, 100, 3, NULL, NULL),
(5734, 58, 44, 5, NULL, NULL),
(5735, 58, 45, 5, NULL, NULL),
(5736, 57, 101, 5, NULL, NULL),
(5737, 57, 102, 5, NULL, NULL),
(5738, 58, 46, 5, NULL, NULL),
(5739, 58, 47, 6, NULL, NULL),
(5740, 57, 103, 5, NULL, NULL),
(5741, 58, 48, 4, NULL, NULL),
(5742, 57, 104, 5, NULL, NULL),
(5743, 57, 105, 5, NULL, NULL),
(5744, 58, 49, 4, NULL, NULL),
(5745, 58, 50, 4, NULL, NULL),
(5746, 57, 106, 6, NULL, NULL),
(5747, 57, 107, 2, NULL, NULL),
(5748, 58, 51, 4, NULL, NULL),
(5749, 57, 108, 4, NULL, NULL),
(5750, 58, 52, 3, NULL, NULL),
(5751, 58, 53, 3, NULL, NULL),
(5752, 57, 109, 4, NULL, NULL),
(5753, 58, 54, 5, NULL, NULL),
(5754, 57, 110, 2, NULL, NULL),
(5755, 57, 111, 3, NULL, NULL),
(5756, 58, 55, 6, NULL, NULL),
(5757, 58, 56, 5, NULL, NULL),
(5758, 57, 112, 6, NULL, NULL),
(5759, 58, 57, 5, NULL, NULL),
(5760, 58, 58, 5, NULL, NULL),
(5761, 58, 59, 1, NULL, NULL),
(5762, 58, 60, 6, NULL, NULL),
(5763, 58, 61, 6, NULL, NULL),
(5764, 58, 62, 5, NULL, NULL),
(5765, 58, 63, 6, NULL, NULL),
(5766, 58, 64, 6, NULL, NULL),
(5767, 58, 65, 6, NULL, NULL),
(5768, 58, 66, 3, NULL, NULL),
(5769, 58, 67, 5, NULL, NULL),
(5770, 58, 68, 6, NULL, NULL),
(5771, 58, 69, 4, NULL, NULL),
(5772, 58, 70, 6, NULL, NULL),
(5773, 58, 71, 5, NULL, NULL),
(5774, 58, 72, 6, NULL, NULL),
(5775, 58, 73, 6, NULL, NULL),
(5776, 58, 74, 6, NULL, NULL),
(5777, 58, 75, 3, NULL, NULL),
(5778, 58, 76, 5, NULL, NULL),
(5779, 58, 77, 6, NULL, NULL),
(5780, 58, 78, 5, NULL, NULL),
(5781, 58, 79, 4, NULL, NULL),
(5782, 58, 80, 3, NULL, NULL),
(5783, 58, 81, 6, NULL, NULL),
(5784, 58, 82, 5, NULL, NULL),
(5785, 58, 83, 6, NULL, NULL),
(5786, 58, 84, 6, NULL, NULL),
(5787, 58, 85, 2, NULL, NULL),
(5788, 58, 86, 5, NULL, NULL),
(5789, 58, 87, 5, NULL, NULL),
(5790, 58, 88, 4, NULL, NULL),
(5791, 58, 89, 6, NULL, NULL),
(5792, 58, 90, 6, NULL, NULL),
(5793, 58, 91, 6, NULL, NULL),
(5794, 58, 94, 6, NULL, NULL),
(5795, 58, 96, 6, NULL, NULL),
(5796, 58, 97, 6, NULL, NULL),
(5797, 58, 98, 1, NULL, NULL),
(5798, 58, 99, 5, NULL, NULL),
(5799, 58, 100, 6, NULL, NULL),
(5800, 58, 101, 6, NULL, NULL),
(5801, 58, 102, 5, NULL, NULL),
(5802, 58, 103, 6, NULL, NULL),
(5803, 58, 104, 4, NULL, NULL),
(5804, 58, 105, 6, NULL, NULL),
(5805, 58, 106, 6, NULL, NULL),
(5806, 58, 107, 3, NULL, NULL),
(5807, 58, 108, 5, NULL, NULL),
(5808, 58, 109, 4, NULL, NULL),
(5809, 58, 110, 1, NULL, NULL),
(5810, 58, 111, 5, NULL, NULL),
(5811, 58, 112, 6, NULL, NULL),
(5812, 59, 2, 4, NULL, NULL),
(5813, 59, 3, 4, NULL, NULL),
(5814, 59, 4, 3, NULL, NULL),
(5815, 59, 5, 4, NULL, NULL),
(5816, 59, 6, 4, NULL, NULL),
(5817, 59, 7, 5, NULL, NULL),
(5818, 59, 8, 3, NULL, NULL),
(5819, 59, 9, 3, NULL, NULL),
(5820, 59, 10, 4, NULL, NULL),
(5821, 59, 11, 4, NULL, NULL),
(5822, 59, 12, 4, NULL, NULL),
(5823, 59, 13, 4, NULL, NULL),
(5824, 59, 14, 3, NULL, NULL),
(5825, 59, 15, 4, NULL, NULL),
(5826, 59, 16, 4, NULL, NULL),
(5827, 59, 17, 4, NULL, NULL),
(5828, 59, 18, 4, NULL, NULL),
(5829, 59, 19, 4, NULL, NULL),
(5830, 59, 20, 4, NULL, NULL),
(5831, 59, 21, 4, NULL, NULL),
(5832, 59, 22, 3, NULL, NULL),
(5833, 59, 23, 4, NULL, NULL),
(5834, 59, 24, 3, NULL, NULL),
(5835, 59, 25, 4, NULL, NULL),
(5836, 59, 26, 2, NULL, NULL),
(5837, 59, 27, 4, NULL, NULL),
(5838, 59, 28, 4, NULL, NULL),
(5839, 59, 29, 4, NULL, NULL),
(5840, 59, 30, 4, NULL, NULL),
(5841, 59, 31, 3, NULL, NULL),
(5842, 59, 32, 2, NULL, NULL),
(5843, 59, 33, 4, NULL, NULL),
(5844, 59, 34, 5, NULL, NULL),
(5845, 59, 35, 4, NULL, NULL),
(5846, 59, 36, 4, NULL, NULL),
(5847, 59, 37, 4, NULL, NULL),
(5848, 59, 38, 4, NULL, NULL),
(5849, 59, 39, 2, NULL, NULL),
(5850, 59, 40, 3, NULL, NULL),
(5851, 59, 41, 4, NULL, NULL),
(5852, 59, 42, 3, NULL, NULL),
(5853, 59, 43, 2, NULL, NULL),
(5854, 59, 44, 4, NULL, NULL),
(5855, 59, 45, 4, NULL, NULL),
(5856, 59, 46, 4, NULL, NULL),
(5857, 59, 47, 4, NULL, NULL),
(5858, 59, 48, 4, NULL, NULL),
(5859, 59, 49, 4, NULL, NULL),
(5860, 59, 50, 3, NULL, NULL),
(5861, 59, 51, 4, NULL, NULL),
(5862, 59, 52, 2, NULL, NULL),
(5863, 59, 53, 3, NULL, NULL),
(5864, 59, 54, 4, NULL, NULL),
(5865, 59, 55, 4, NULL, NULL),
(5866, 59, 56, 4, NULL, NULL),
(5867, 59, 57, 2, NULL, NULL),
(5868, 59, 58, 4, NULL, NULL),
(5869, 59, 59, 3, NULL, NULL),
(5870, 59, 60, 4, NULL, NULL),
(5871, 59, 61, 4, NULL, NULL),
(5872, 59, 62, 4, NULL, NULL),
(5873, 59, 63, 4, NULL, NULL),
(5874, 59, 64, 4, NULL, NULL),
(5875, 59, 65, 4, NULL, NULL),
(5876, 59, 66, 3, NULL, NULL),
(5877, 59, 67, 4, NULL, NULL),
(5878, 59, 68, 5, NULL, NULL),
(5879, 59, 69, 4, NULL, NULL),
(5880, 59, 70, 4, NULL, NULL),
(5881, 59, 71, 4, NULL, NULL),
(5882, 59, 72, 4, NULL, NULL),
(5883, 59, 73, 4, NULL, NULL),
(5884, 59, 74, 4, NULL, NULL),
(5885, 59, 75, 3, NULL, NULL),
(5886, 59, 76, 4, NULL, NULL),
(5887, 59, 77, 4, NULL, NULL),
(5888, 59, 78, 4, NULL, NULL),
(5889, 59, 79, 4, NULL, NULL),
(5890, 59, 80, 4, NULL, NULL),
(5891, 59, 81, 4, NULL, NULL),
(5892, 59, 82, 4, NULL, NULL),
(5893, 59, 83, 4, NULL, NULL),
(5894, 59, 84, 4, NULL, NULL),
(5895, 59, 85, 3, NULL, NULL),
(5896, 59, 86, 4, NULL, NULL),
(5897, 59, 87, 4, NULL, NULL),
(5898, 59, 88, 3, NULL, NULL),
(5899, 59, 89, 4, NULL, NULL),
(5900, 59, 90, 4, NULL, NULL),
(5901, 59, 91, 4, NULL, NULL),
(5902, 59, 94, 4, NULL, NULL),
(5903, 59, 96, 5, NULL, NULL),
(5904, 59, 97, 4, NULL, NULL),
(5905, 59, 98, 3, NULL, NULL),
(5906, 59, 99, 4, NULL, NULL),
(5907, 59, 100, 4, NULL, NULL),
(5908, 59, 101, 4, NULL, NULL),
(5909, 59, 102, 4, NULL, NULL),
(5910, 59, 103, 4, NULL, NULL),
(5911, 59, 104, 4, NULL, NULL),
(5912, 59, 105, 4, NULL, NULL),
(5913, 59, 106, 4, NULL, NULL),
(5914, 59, 107, 3, NULL, NULL),
(5915, 59, 108, 4, NULL, NULL),
(5916, 59, 109, 4, NULL, NULL),
(5917, 59, 110, 2, NULL, NULL),
(5918, 59, 111, 5, NULL, NULL),
(5919, 59, 112, 4, NULL, NULL),
(5920, 60, 2, 2, NULL, NULL),
(5921, 60, 3, 6, NULL, NULL),
(5922, 60, 4, 5, NULL, NULL),
(5923, 60, 5, 5, NULL, NULL),
(5924, 60, 6, 5, NULL, NULL),
(5925, 60, 7, 4, NULL, NULL),
(5926, 60, 8, 1, NULL, NULL),
(5927, 60, 9, 4, NULL, NULL),
(5928, 60, 10, 5, NULL, NULL),
(5929, 60, 11, 4, NULL, NULL),
(5930, 60, 12, 5, NULL, NULL),
(5931, 60, 13, 5, NULL, NULL),
(5932, 60, 14, 3, NULL, NULL),
(5933, 60, 15, 5, NULL, NULL),
(5934, 60, 16, 4, NULL, NULL),
(5935, 60, 17, 4, NULL, NULL),
(5936, 60, 18, 4, NULL, NULL),
(5937, 60, 19, 5, NULL, NULL),
(5938, 60, 20, 5, NULL, NULL),
(5939, 60, 21, 6, NULL, NULL),
(5940, 60, 22, 6, NULL, NULL),
(5941, 60, 23, 5, NULL, NULL),
(5942, 60, 24, 3, NULL, NULL),
(5943, 60, 25, 6, NULL, NULL),
(5944, 60, 26, 2, NULL, NULL),
(5945, 60, 27, 5, NULL, NULL),
(5946, 60, 28, 4, NULL, NULL),
(5947, 60, 29, 4, NULL, NULL),
(5948, 60, 30, 5, NULL, NULL),
(5949, 60, 31, 4, NULL, NULL),
(5950, 60, 32, 3, NULL, NULL),
(5951, 60, 33, 5, NULL, NULL),
(5952, 60, 34, 4, NULL, NULL),
(5953, 60, 35, 4, NULL, NULL),
(5954, 60, 36, 5, NULL, NULL),
(5955, 60, 37, 4, NULL, NULL),
(5956, 60, 38, 5, NULL, NULL),
(5957, 60, 39, 3, NULL, NULL),
(5958, 60, 40, 5, NULL, NULL),
(5959, 60, 41, 4, NULL, NULL),
(5960, 60, 42, 4, NULL, NULL),
(5961, 60, 43, 5, NULL, NULL),
(5962, 60, 44, 6, NULL, NULL),
(5963, 60, 45, 6, NULL, NULL),
(5964, 60, 46, 1, NULL, NULL),
(5965, 60, 47, 1, NULL, NULL),
(5966, 60, 48, 5, NULL, NULL),
(5967, 60, 49, 5, NULL, NULL),
(5968, 60, 50, 4, NULL, NULL),
(5969, 60, 51, 4, NULL, NULL),
(5970, 60, 52, 3, NULL, NULL),
(5971, 60, 53, 5, NULL, NULL),
(5972, 60, 54, 6, NULL, NULL),
(5973, 60, 55, 6, NULL, NULL),
(5974, 60, 56, 6, NULL, NULL),
(5975, 60, 57, 3, NULL, NULL),
(5976, 60, 58, 5, NULL, NULL),
(5977, 60, 59, 2, NULL, NULL),
(5978, 60, 60, 4, NULL, NULL),
(5979, 60, 61, 4, NULL, NULL),
(5980, 60, 62, 5, NULL, NULL),
(5981, 60, 63, 5, NULL, NULL),
(5982, 60, 64, 4, NULL, NULL),
(5983, 60, 65, 6, NULL, NULL),
(5984, 60, 66, 3, NULL, NULL),
(5985, 60, 67, 6, NULL, NULL),
(5986, 60, 68, 6, NULL, NULL),
(5987, 60, 69, 6, NULL, NULL),
(5988, 60, 70, 6, NULL, NULL),
(5989, 60, 71, 5, NULL, NULL),
(5990, 60, 72, 5, NULL, NULL),
(5991, 60, 73, 5, NULL, NULL),
(5992, 60, 74, 5, NULL, NULL),
(5993, 60, 75, 1, NULL, NULL),
(5994, 60, 76, 5, NULL, NULL),
(5995, 60, 77, 6, NULL, NULL),
(5996, 60, 78, 6, NULL, NULL),
(5997, 60, 79, 5, NULL, NULL),
(5998, 60, 80, 6, NULL, NULL),
(5999, 60, 81, 5, NULL, NULL),
(6000, 60, 82, 5, NULL, NULL),
(6001, 60, 83, 6, NULL, NULL),
(6002, 60, 84, 5, NULL, NULL),
(6003, 60, 85, 1, NULL, NULL),
(6004, 60, 86, 5, NULL, NULL),
(6005, 60, 87, 5, NULL, NULL),
(6006, 60, 88, 5, NULL, NULL),
(6007, 60, 89, 5, NULL, NULL),
(6008, 60, 90, 6, NULL, NULL),
(6009, 60, 91, 5, NULL, NULL),
(6010, 60, 94, 5, NULL, NULL),
(6011, 60, 96, 6, NULL, NULL),
(6012, 60, 97, 4, NULL, NULL),
(6013, 60, 98, 2, NULL, NULL),
(6014, 60, 99, 6, NULL, NULL),
(6015, 60, 100, 5, NULL, NULL),
(6016, 60, 101, 5, NULL, NULL),
(6017, 60, 102, 6, NULL, NULL),
(6018, 60, 103, 6, NULL, NULL),
(6019, 60, 104, 5, NULL, NULL),
(6020, 60, 105, 5, NULL, NULL),
(6021, 60, 106, 6, NULL, NULL),
(6022, 60, 107, 2, NULL, NULL),
(6023, 60, 108, 5, NULL, NULL),
(6024, 60, 109, 4, NULL, NULL),
(6025, 60, 110, 3, NULL, NULL),
(6026, 60, 111, 4, NULL, NULL),
(6027, 60, 112, 5, NULL, NULL),
(6028, 61, 2, 2, NULL, NULL),
(6029, 61, 3, 1, NULL, NULL),
(6030, 61, 4, 6, NULL, NULL),
(6031, 61, 5, 6, NULL, NULL),
(6032, 61, 6, 5, NULL, NULL),
(6033, 61, 7, 6, NULL, NULL),
(6034, 61, 8, 1, NULL, NULL),
(6035, 61, 9, 6, NULL, NULL),
(6036, 61, 10, 6, NULL, NULL),
(6037, 61, 11, 4, NULL, NULL),
(6038, 61, 12, 5, NULL, NULL),
(6039, 61, 13, 5, NULL, NULL),
(6040, 61, 14, 1, NULL, NULL),
(6041, 61, 15, 4, NULL, NULL),
(6042, 61, 16, 6, NULL, NULL),
(6043, 61, 17, 4, NULL, NULL),
(6044, 61, 18, 5, NULL, NULL),
(6045, 61, 19, 5, NULL, NULL),
(6046, 61, 20, 4, NULL, NULL),
(6047, 61, 21, 4, NULL, NULL),
(6048, 61, 22, 5, NULL, NULL),
(6049, 61, 23, 3, NULL, NULL),
(6050, 61, 24, 3, NULL, NULL),
(6051, 61, 25, 5, NULL, NULL),
(6052, 61, 26, 3, NULL, NULL),
(6053, 61, 27, 3, NULL, NULL),
(6054, 61, 28, 6, NULL, NULL),
(6055, 61, 29, 5, NULL, NULL),
(6056, 61, 30, 5, NULL, NULL),
(6057, 61, 31, 4, NULL, NULL),
(6058, 61, 32, 2, NULL, NULL),
(6059, 61, 33, 5, NULL, NULL),
(6060, 61, 34, 5, NULL, NULL),
(6061, 61, 35, 5, NULL, NULL),
(6062, 61, 36, 4, NULL, NULL),
(6063, 61, 37, 4, NULL, NULL),
(6064, 61, 38, 4, NULL, NULL),
(6065, 61, 39, 1, NULL, NULL),
(6066, 61, 40, 5, NULL, NULL),
(6067, 61, 41, 4, NULL, NULL),
(6068, 61, 42, 2, NULL, NULL),
(6069, 61, 43, 4, NULL, NULL),
(6070, 61, 44, 5, NULL, NULL),
(6071, 61, 45, 6, NULL, NULL),
(6072, 61, 46, 6, NULL, NULL),
(6073, 61, 47, 4, NULL, NULL),
(6074, 61, 48, 3, NULL, NULL),
(6075, 61, 49, 6, NULL, NULL),
(6076, 61, 50, 4, NULL, NULL),
(6077, 61, 51, 5, NULL, NULL),
(6078, 61, 52, 1, NULL, NULL),
(6079, 61, 53, 5, NULL, NULL),
(6080, 61, 54, 5, NULL, NULL),
(6081, 61, 55, 5, NULL, NULL),
(6082, 61, 56, 5, NULL, NULL),
(6083, 61, 57, 1, NULL, NULL),
(6084, 61, 58, 6, NULL, NULL),
(6085, 61, 59, 1, NULL, NULL),
(6086, 61, 60, 3, NULL, NULL),
(6087, 61, 61, 6, NULL, NULL),
(6088, 61, 62, 4, NULL, NULL),
(6089, 61, 63, 6, NULL, NULL),
(6090, 61, 64, 6, NULL, NULL),
(6091, 61, 65, 4, NULL, NULL),
(6092, 61, 66, 2, NULL, NULL),
(6093, 61, 67, 6, NULL, NULL),
(6094, 61, 68, 4, NULL, NULL),
(6095, 61, 69, 5, NULL, NULL),
(6096, 61, 70, 6, NULL, NULL),
(6097, 61, 71, 5, NULL, NULL),
(6098, 61, 72, 5, NULL, NULL),
(6099, 61, 73, 6, NULL, NULL),
(6100, 61, 74, 5, NULL, NULL),
(6101, 61, 75, 1, NULL, NULL),
(6102, 61, 76, 6, NULL, NULL),
(6103, 61, 77, 4, NULL, NULL),
(6104, 61, 78, 6, NULL, NULL),
(6105, 61, 79, 3, NULL, NULL),
(6106, 61, 80, 5, NULL, NULL),
(6107, 61, 81, 5, NULL, NULL),
(6108, 61, 82, 6, NULL, NULL),
(6109, 61, 83, 5, NULL, NULL),
(6110, 61, 84, 6, NULL, NULL),
(6111, 61, 85, 1, NULL, NULL),
(6112, 61, 86, 5, NULL, NULL),
(6113, 61, 87, 5, NULL, NULL),
(6114, 61, 88, 2, NULL, NULL),
(6115, 61, 89, 5, NULL, NULL),
(6116, 61, 90, 5, NULL, NULL),
(6117, 61, 91, 5, NULL, NULL),
(6118, 61, 94, 5, NULL, NULL),
(6119, 61, 96, 5, NULL, NULL),
(6120, 61, 97, 5, NULL, NULL),
(6121, 61, 98, 2, NULL, NULL),
(6122, 61, 99, 5, NULL, NULL),
(6123, 61, 100, 5, NULL, NULL),
(6124, 61, 101, 5, NULL, NULL),
(6125, 61, 102, 6, NULL, NULL),
(6126, 61, 103, 5, NULL, NULL),
(6127, 61, 104, 5, NULL, NULL),
(6128, 61, 105, 5, NULL, NULL),
(6129, 61, 106, 5, NULL, NULL),
(6130, 61, 107, 3, NULL, NULL),
(6131, 61, 108, 5, NULL, NULL),
(6132, 61, 109, 3, NULL, NULL),
(6133, 61, 110, 1, NULL, NULL),
(6134, 61, 111, 5, NULL, NULL),
(6135, 61, 112, 6, NULL, NULL),
(6136, 62, 2, 2, NULL, NULL),
(6137, 62, 3, 5, NULL, NULL),
(6138, 62, 4, 5, NULL, NULL),
(6139, 62, 5, 5, NULL, NULL),
(6140, 62, 6, 5, NULL, NULL),
(6141, 62, 7, 5, NULL, NULL),
(6142, 62, 8, 3, NULL, NULL),
(6143, 62, 9, 5, NULL, NULL),
(6144, 62, 10, 5, NULL, NULL),
(6145, 62, 11, 5, NULL, NULL),
(6146, 62, 12, 4, NULL, NULL),
(6147, 62, 13, 4, NULL, NULL),
(6148, 62, 14, 3, NULL, NULL),
(6149, 62, 15, 4, NULL, NULL),
(6150, 62, 16, 4, NULL, NULL),
(6151, 62, 17, 5, NULL, NULL),
(6152, 62, 18, 4, NULL, NULL),
(6153, 62, 19, 5, NULL, NULL),
(6154, 62, 20, 4, NULL, NULL),
(6155, 62, 21, 6, NULL, NULL),
(6156, 62, 22, 6, NULL, NULL),
(6157, 62, 23, 4, NULL, NULL),
(6158, 62, 24, 3, NULL, NULL),
(6159, 62, 25, 6, NULL, NULL),
(6160, 62, 26, 3, NULL, NULL),
(6161, 62, 27, 4, NULL, NULL),
(6162, 62, 28, 5, NULL, NULL),
(6163, 62, 30, 5, NULL, NULL),
(6164, 62, 31, 3, NULL, NULL),
(6165, 62, 32, 4, NULL, NULL),
(6166, 62, 33, 6, NULL, NULL),
(6167, 62, 34, 5, NULL, NULL),
(6168, 62, 35, 5, NULL, NULL),
(6169, 62, 36, 4, NULL, NULL),
(6170, 62, 37, 5, NULL, NULL),
(6171, 62, 38, 5, NULL, NULL),
(6172, 62, 39, 1, NULL, NULL),
(6173, 62, 40, 6, NULL, NULL),
(6174, 62, 41, 5, NULL, NULL),
(6175, 62, 42, 4, NULL, NULL),
(6176, 62, 43, 5, NULL, NULL),
(6177, 62, 44, 5, NULL, NULL),
(6178, 62, 45, 5, NULL, NULL),
(6179, 62, 46, 5, NULL, NULL),
(6180, 62, 47, 5, NULL, NULL),
(6181, 62, 48, 4, NULL, NULL),
(6182, 62, 49, 5, NULL, NULL),
(6183, 62, 50, 5, NULL, NULL),
(6184, 62, 51, 5, NULL, NULL),
(6185, 62, 52, 1, NULL, NULL),
(6186, 62, 53, 3, NULL, NULL),
(6187, 62, 54, 6, NULL, NULL),
(6188, 62, 55, 6, NULL, NULL),
(6189, 62, 56, 6, NULL, NULL),
(6190, 62, 57, 2, NULL, NULL),
(6191, 62, 58, 5, NULL, NULL),
(6192, 62, 59, 2, NULL, NULL),
(6193, 62, 60, 5, NULL, NULL),
(6194, 62, 61, 5, NULL, NULL),
(6195, 62, 62, 5, NULL, NULL),
(6196, 62, 63, 6, NULL, NULL),
(6197, 62, 64, 5, NULL, NULL),
(6198, 62, 65, 5, NULL, NULL),
(6199, 62, 66, 1, NULL, NULL),
(6200, 62, 67, 1, NULL, NULL),
(6201, 62, 68, 6, NULL, NULL),
(6202, 62, 69, 6, NULL, NULL),
(6203, 62, 70, 5, NULL, NULL),
(6204, 62, 71, 5, NULL, NULL),
(6205, 62, 72, 5, NULL, NULL),
(6206, 62, 73, 6, NULL, NULL),
(6207, 62, 74, 5, NULL, NULL),
(6208, 62, 75, 1, NULL, NULL),
(6209, 62, 76, 6, NULL, NULL),
(6210, 62, 77, 6, NULL, NULL),
(6211, 62, 78, 6, NULL, NULL),
(6212, 62, 79, 5, NULL, NULL),
(6213, 62, 80, 5, NULL, NULL),
(6214, 62, 81, 6, NULL, NULL),
(6215, 62, 82, 6, NULL, NULL),
(6216, 62, 83, 5, NULL, NULL),
(6217, 62, 84, 6, NULL, NULL),
(6218, 62, 85, 1, NULL, NULL),
(6219, 62, 86, 6, NULL, NULL),
(6220, 62, 87, 6, NULL, NULL),
(6221, 62, 88, 5, NULL, NULL),
(6222, 62, 89, 6, NULL, NULL),
(6223, 62, 90, 6, NULL, NULL),
(6224, 62, 91, 6, NULL, NULL),
(6225, 62, 94, 6, NULL, NULL),
(6226, 62, 96, 6, NULL, NULL),
(6227, 62, 97, 5, NULL, NULL),
(6228, 62, 98, 2, NULL, NULL),
(6229, 62, 99, 6, NULL, NULL),
(6230, 62, 100, 5, NULL, NULL),
(6231, 62, 101, 6, NULL, NULL),
(6232, 62, 102, 6, NULL, NULL),
(6233, 62, 103, 6, NULL, NULL),
(6234, 62, 104, 6, NULL, NULL),
(6235, 62, 105, 6, NULL, NULL),
(6236, 62, 106, 6, NULL, NULL),
(6237, 62, 107, 3, NULL, NULL),
(6238, 62, 108, 4, NULL, NULL),
(6239, 62, 109, 5, NULL, NULL),
(6240, 62, 110, 4, NULL, NULL),
(6241, 62, 111, 4, NULL, NULL),
(6242, 62, 112, 5, NULL, NULL),
(6243, 63, 2, 2, NULL, NULL),
(6244, 63, 3, 3, NULL, NULL),
(6245, 63, 4, 6, NULL, NULL),
(6246, 63, 5, 6, NULL, NULL),
(6247, 63, 6, 5, NULL, NULL),
(6248, 63, 7, 6, NULL, NULL),
(6249, 63, 8, 3, NULL, NULL),
(6250, 63, 9, 4, NULL, NULL),
(6251, 63, 10, 5, NULL, NULL),
(6252, 63, 11, 5, NULL, NULL),
(6253, 63, 12, 5, NULL, NULL),
(6254, 63, 13, 6, NULL, NULL),
(6255, 63, 14, 2, NULL, NULL),
(6256, 63, 15, 5, NULL, NULL),
(6257, 63, 16, 6, NULL, NULL),
(6258, 63, 17, 4, NULL, NULL),
(6259, 63, 18, 5, NULL, NULL),
(6260, 63, 19, 4, NULL, NULL),
(6261, 63, 20, 4, NULL, NULL),
(6262, 63, 21, 5, NULL, NULL),
(6263, 63, 22, 5, NULL, NULL),
(6264, 63, 23, 5, NULL, NULL),
(6265, 63, 24, 2, NULL, NULL),
(6266, 63, 25, 5, NULL, NULL),
(6267, 63, 26, 1, NULL, NULL),
(6268, 63, 27, 5, NULL, NULL),
(6269, 63, 28, 5, NULL, NULL),
(6270, 63, 29, 6, NULL, NULL),
(6271, 63, 30, 5, NULL, NULL),
(6272, 63, 31, 3, NULL, NULL),
(6273, 63, 32, 3, NULL, NULL),
(6274, 63, 33, 5, NULL, NULL),
(6275, 63, 34, 5, NULL, NULL),
(6276, 63, 35, 5, NULL, NULL),
(6277, 63, 36, 5, NULL, NULL),
(6278, 63, 37, 4, NULL, NULL),
(6279, 63, 38, 4, NULL, NULL),
(6280, 63, 39, 3, NULL, NULL),
(6281, 63, 40, 4, NULL, NULL),
(6282, 63, 41, 4, NULL, NULL),
(6283, 63, 42, 4, NULL, NULL),
(6284, 63, 43, 4, NULL, NULL),
(6285, 63, 44, 5, NULL, NULL),
(6286, 63, 45, 4, NULL, NULL),
(6287, 63, 46, 4, NULL, NULL),
(6288, 63, 47, 5, NULL, NULL),
(6289, 63, 48, 5, NULL, NULL),
(6290, 63, 49, 5, NULL, NULL),
(6291, 63, 50, 5, NULL, NULL),
(6292, 63, 51, 4, NULL, NULL),
(6293, 63, 52, 3, NULL, NULL),
(6294, 63, 53, 5, NULL, NULL),
(6295, 63, 54, 5, NULL, NULL),
(6296, 63, 55, 5, NULL, NULL),
(6297, 63, 56, 5, NULL, NULL),
(6298, 63, 57, 3, NULL, NULL),
(6299, 63, 58, 5, NULL, NULL),
(6300, 63, 59, 2, NULL, NULL),
(6301, 63, 60, 5, NULL, NULL),
(6302, 63, 61, 5, NULL, NULL),
(6303, 63, 62, 4, NULL, NULL),
(6304, 63, 63, 6, NULL, NULL),
(6305, 63, 64, 6, NULL, NULL),
(6306, 63, 65, 6, NULL, NULL),
(6307, 63, 66, 2, NULL, NULL),
(6308, 63, 67, 5, NULL, NULL),
(6309, 63, 68, 5, NULL, NULL),
(6310, 63, 69, 4, NULL, NULL),
(6311, 63, 70, 5, NULL, NULL),
(6312, 63, 71, 5, NULL, NULL),
(6313, 63, 72, 5, NULL, NULL),
(6314, 63, 73, 5, NULL, NULL),
(6315, 63, 74, 5, NULL, NULL),
(6316, 63, 75, 3, NULL, NULL),
(6317, 63, 76, 5, NULL, NULL),
(6318, 63, 77, 6, NULL, NULL),
(6319, 63, 78, 6, NULL, NULL),
(6320, 63, 79, 4, NULL, NULL),
(6321, 63, 80, 3, NULL, NULL),
(6322, 63, 81, 6, NULL, NULL),
(6323, 63, 82, 4, NULL, NULL),
(6324, 63, 83, 6, NULL, NULL),
(6325, 63, 84, 5, NULL, NULL),
(6326, 63, 85, 1, NULL, NULL),
(6327, 63, 86, 6, NULL, NULL),
(6328, 63, 87, 6, NULL, NULL),
(6329, 63, 88, 4, NULL, NULL),
(6330, 63, 89, 6, NULL, NULL),
(6331, 63, 90, 6, NULL, NULL),
(6332, 63, 91, 6, NULL, NULL),
(6333, 63, 94, 6, NULL, NULL),
(6334, 63, 96, 6, NULL, NULL),
(6335, 63, 97, 5, NULL, NULL),
(6336, 63, 98, 1, NULL, NULL),
(6337, 63, 99, 6, NULL, NULL),
(6338, 63, 100, 6, NULL, NULL),
(6339, 63, 101, 6, NULL, NULL),
(6340, 63, 102, 6, NULL, NULL),
(6341, 63, 103, 6, NULL, NULL),
(6342, 63, 104, 4, NULL, NULL),
(6343, 63, 105, 6, NULL, NULL),
(6344, 63, 106, 6, NULL, NULL),
(6345, 63, 107, 3, NULL, NULL),
(6346, 63, 108, 4, NULL, NULL),
(6347, 63, 109, 6, NULL, NULL),
(6348, 63, 110, 3, NULL, NULL),
(6349, 63, 111, 6, NULL, NULL),
(6350, 63, 112, 6, NULL, NULL),
(6351, 64, 2, 2, NULL, NULL),
(6352, 64, 3, 5, NULL, NULL),
(6353, 64, 4, 5, NULL, NULL),
(6354, 64, 5, 5, NULL, NULL),
(6355, 64, 6, 5, NULL, NULL),
(6356, 64, 8, 3, NULL, NULL),
(6357, 64, 9, 2, NULL, NULL),
(6358, 64, 10, 5, NULL, NULL),
(6359, 64, 11, 5, NULL, NULL),
(6360, 64, 12, 4, NULL, NULL),
(6361, 64, 13, 5, NULL, NULL),
(6362, 64, 14, 2, NULL, NULL),
(6363, 64, 15, 4, NULL, NULL),
(6364, 64, 16, 3, NULL, NULL),
(6365, 64, 17, 6, NULL, NULL),
(6366, 64, 18, 5, NULL, NULL),
(6367, 64, 19, 5, NULL, NULL),
(6368, 64, 20, 3, NULL, NULL),
(6369, 64, 21, 4, NULL, NULL),
(6370, 64, 22, 5, NULL, NULL),
(6371, 64, 23, 4, NULL, NULL),
(6372, 64, 24, 2, NULL, NULL),
(6373, 64, 25, 4, NULL, NULL),
(6374, 64, 26, 2, NULL, NULL),
(6375, 64, 27, 4, NULL, NULL),
(6376, 64, 28, 2, NULL, NULL),
(6377, 64, 29, 5, NULL, NULL),
(6378, 64, 30, 6, NULL, NULL),
(6379, 64, 31, 3, NULL, NULL),
(6380, 64, 32, 2, NULL, NULL),
(6381, 64, 33, 6, NULL, NULL),
(6382, 64, 34, 6, NULL, NULL),
(6383, 64, 35, 6, NULL, NULL),
(6384, 64, 36, 4, NULL, NULL),
(6385, 64, 37, 4, NULL, NULL),
(6386, 64, 38, 6, NULL, NULL),
(6387, 64, 39, 1, NULL, NULL),
(6388, 64, 40, 2, NULL, NULL),
(6389, 64, 41, 6, NULL, NULL),
(6390, 64, 42, 5, NULL, NULL),
(6391, 64, 43, 2, NULL, NULL),
(6392, 64, 44, 4, NULL, NULL),
(6393, 64, 45, 5, NULL, NULL),
(6394, 64, 46, 4, NULL, NULL),
(6395, 64, 47, 2, NULL, NULL),
(6396, 64, 48, 5, NULL, NULL),
(6397, 64, 49, 5, NULL, NULL),
(6398, 64, 50, 6, NULL, NULL),
(6399, 64, 51, 5, NULL, NULL),
(6400, 64, 52, 1, NULL, NULL),
(6401, 64, 53, 4, NULL, NULL),
(6402, 64, 54, 5, NULL, NULL),
(6403, 64, 55, 6, NULL, NULL),
(6404, 64, 56, 5, NULL, NULL),
(6405, 64, 57, 2, NULL, NULL),
(6406, 64, 58, 5, NULL, NULL),
(6407, 64, 59, 1, NULL, NULL),
(6408, 64, 60, 6, NULL, NULL),
(6409, 64, 61, 5, NULL, NULL),
(6410, 64, 62, 2, NULL, NULL),
(6411, 64, 63, 4, NULL, NULL),
(6412, 64, 64, 6, NULL, NULL),
(6413, 64, 65, 4, NULL, NULL),
(6414, 64, 66, 2, NULL, NULL),
(6415, 64, 67, 6, NULL, NULL),
(6416, 64, 68, 4, NULL, NULL),
(6417, 64, 69, 6, NULL, NULL),
(6418, 64, 70, 4, NULL, NULL),
(6419, 64, 71, 5, NULL, NULL),
(6420, 64, 72, 2, NULL, NULL),
(6421, 64, 73, 5, NULL, NULL),
(6422, 64, 74, 6, NULL, NULL),
(6423, 64, 75, 1, NULL, NULL),
(6424, 64, 76, 5, NULL, NULL),
(6425, 64, 77, 6, NULL, NULL),
(6426, 64, 78, 6, NULL, NULL),
(6427, 64, 79, 4, NULL, NULL),
(6428, 64, 80, 5, NULL, NULL),
(6429, 64, 81, 6, NULL, NULL),
(6430, 64, 82, 6, NULL, NULL),
(6431, 64, 83, 5, NULL, NULL),
(6432, 64, 84, 4, NULL, NULL),
(6433, 64, 85, 1, NULL, NULL),
(6434, 64, 86, 5, NULL, NULL),
(6435, 64, 87, 4, NULL, NULL),
(6436, 64, 88, 1, NULL, NULL),
(6437, 64, 89, 6, NULL, NULL),
(6438, 64, 90, 5, NULL, NULL),
(6439, 64, 91, 5, NULL, NULL),
(6440, 64, 94, 5, NULL, NULL),
(6441, 64, 96, 5, NULL, NULL),
(6442, 64, 97, 3, NULL, NULL),
(6443, 64, 98, 1, NULL, NULL),
(6444, 64, 99, 5, NULL, NULL),
(6445, 64, 100, 5, NULL, NULL),
(6446, 64, 101, 5, NULL, NULL),
(6447, 64, 102, 5, NULL, NULL),
(6448, 64, 103, 5, NULL, NULL),
(6449, 64, 104, 4, NULL, NULL),
(6450, 64, 105, 5, NULL, NULL),
(6451, 64, 106, 6, NULL, NULL),
(6452, 64, 107, 3, NULL, NULL),
(6453, 64, 108, 4, NULL, NULL),
(6454, 64, 109, 5, NULL, NULL),
(6455, 64, 110, 1, NULL, NULL),
(6456, 64, 111, 4, NULL, NULL),
(6457, 64, 112, 5, NULL, NULL),
(6458, 65, 2, 2, NULL, NULL),
(6459, 65, 3, 5, NULL, NULL),
(6460, 65, 4, 4, NULL, NULL),
(6461, 65, 5, 4, NULL, NULL),
(6462, 65, 6, 5, NULL, NULL),
(6463, 65, 7, 5, NULL, NULL),
(6464, 65, 8, 3, NULL, NULL),
(6465, 65, 9, 5, NULL, NULL),
(6466, 65, 10, 4, NULL, NULL),
(6467, 65, 11, 4, NULL, NULL),
(6468, 65, 12, 5, NULL, NULL),
(6469, 65, 13, 5, NULL, NULL),
(6470, 65, 14, 2, NULL, NULL),
(6471, 65, 15, 4, NULL, NULL),
(6472, 65, 16, 4, NULL, NULL),
(6473, 65, 17, 4, NULL, NULL),
(6474, 65, 18, 4, NULL, NULL),
(6475, 65, 19, 4, NULL, NULL),
(6476, 65, 20, 4, NULL, NULL),
(6477, 65, 21, 5, NULL, NULL),
(6478, 65, 22, 4, NULL, NULL),
(6479, 65, 23, 4, NULL, NULL),
(6480, 65, 24, 3, NULL, NULL),
(6481, 65, 25, 4, NULL, NULL),
(6482, 65, 26, 3, NULL, NULL),
(6483, 65, 27, 4, NULL, NULL),
(6484, 65, 28, 4, NULL, NULL),
(6485, 65, 29, 4, NULL, NULL),
(6486, 65, 30, 4, NULL, NULL),
(6487, 65, 31, 5, NULL, NULL),
(6488, 65, 32, 4, NULL, NULL),
(6489, 65, 33, 4, NULL, NULL),
(6490, 65, 34, 5, NULL, NULL),
(6491, 65, 35, 4, NULL, NULL),
(6492, 65, 36, 4, NULL, NULL),
(6493, 65, 37, 4, NULL, NULL),
(6494, 65, 38, 4, NULL, NULL),
(6495, 65, 39, 3, NULL, NULL),
(6496, 65, 40, 4, NULL, NULL),
(6497, 65, 41, 4, NULL, NULL),
(6498, 65, 42, 4, NULL, NULL),
(6499, 65, 43, 4, NULL, NULL),
(6500, 65, 44, 4, NULL, NULL),
(6501, 65, 45, 4, NULL, NULL),
(6502, 65, 46, 1, NULL, NULL),
(6503, 65, 47, 3, NULL, NULL),
(6504, 65, 48, 4, NULL, NULL),
(6505, 65, 49, 5, NULL, NULL),
(6506, 65, 50, 4, NULL, NULL),
(6507, 65, 51, 4, NULL, NULL),
(6508, 65, 52, 2, NULL, NULL),
(6509, 65, 53, 4, NULL, NULL),
(6510, 65, 54, 4, NULL, NULL),
(6511, 65, 55, 5, NULL, NULL),
(6512, 65, 56, 4, NULL, NULL),
(6513, 65, 57, 5, NULL, NULL),
(6514, 65, 58, 4, NULL, NULL),
(6515, 65, 59, 2, NULL, NULL),
(6516, 65, 60, 3, NULL, NULL),
(6517, 65, 61, 4, NULL, NULL),
(6518, 65, 62, 4, NULL, NULL),
(6519, 65, 63, 5, NULL, NULL),
(6520, 65, 64, 6, NULL, NULL),
(6521, 65, 65, 5, NULL, NULL),
(6522, 65, 66, 3, NULL, NULL),
(6523, 65, 67, 5, NULL, NULL),
(6524, 65, 68, 5, NULL, NULL),
(6525, 65, 69, 5, NULL, NULL),
(6526, 65, 70, 5, NULL, NULL),
(6527, 65, 71, 5, NULL, NULL),
(6528, 65, 72, 4, NULL, NULL),
(6529, 65, 73, 5, NULL, NULL),
(6530, 65, 74, 5, NULL, NULL),
(6531, 65, 75, 2, NULL, NULL),
(6532, 65, 76, 4, NULL, NULL),
(6533, 65, 77, 4, NULL, NULL),
(6534, 65, 78, 5, NULL, NULL),
(6535, 65, 79, 4, NULL, NULL),
(6536, 65, 80, 4, NULL, NULL),
(6537, 65, 81, 4, NULL, NULL),
(6538, 65, 82, 4, NULL, NULL),
(6539, 65, 83, 5, NULL, NULL),
(6540, 65, 84, 5, NULL, NULL),
(6541, 65, 85, 2, NULL, NULL),
(6542, 65, 86, 5, NULL, NULL),
(6543, 65, 87, 5, NULL, NULL),
(6544, 65, 88, 2, NULL, NULL),
(6545, 65, 89, 5, NULL, NULL),
(6546, 65, 90, 5, NULL, NULL),
(6547, 65, 91, 5, NULL, NULL),
(6548, 65, 94, 5, NULL, NULL),
(6549, 65, 96, 5, NULL, NULL),
(6550, 65, 97, 5, NULL, NULL),
(6551, 65, 98, 3, NULL, NULL),
(6552, 65, 99, 5, NULL, NULL),
(6553, 65, 100, 4, NULL, NULL),
(6554, 65, 101, 5, NULL, NULL),
(6555, 65, 102, 5, NULL, NULL),
(6556, 65, 103, 5, NULL, NULL),
(6557, 65, 104, 5, NULL, NULL),
(6558, 65, 105, 5, NULL, NULL),
(6559, 65, 106, 5, NULL, NULL),
(6560, 65, 107, 3, NULL, NULL),
(6561, 65, 108, 5, NULL, NULL),
(6562, 65, 109, 5, NULL, NULL),
(6563, 65, 110, 4, NULL, NULL),
(6564, 65, 111, 3, NULL, NULL),
(6565, 65, 112, 6, NULL, NULL),
(6566, 66, 2, 2, NULL, NULL),
(6567, 66, 3, 5, NULL, NULL),
(6568, 66, 4, 5, NULL, NULL),
(6569, 66, 5, 5, NULL, NULL),
(6570, 66, 6, 5, NULL, NULL),
(6571, 66, 7, 5, NULL, NULL),
(6572, 66, 8, 3, NULL, NULL),
(6573, 66, 9, 5, NULL, NULL),
(6574, 66, 10, 4, NULL, NULL),
(6575, 66, 11, 4, NULL, NULL),
(6576, 66, 12, 4, NULL, NULL),
(6577, 66, 13, 4, NULL, NULL),
(6578, 66, 14, 3, NULL, NULL),
(6579, 66, 15, 4, NULL, NULL),
(6580, 66, 16, 5, NULL, NULL),
(6581, 66, 17, 5, NULL, NULL),
(6582, 66, 18, 6, NULL, NULL),
(6583, 66, 19, 5, NULL, NULL),
(6584, 66, 20, 5, NULL, NULL),
(6585, 66, 21, 5, NULL, NULL),
(6586, 66, 22, 6, NULL, NULL),
(6587, 66, 23, 5, NULL, NULL),
(6588, 66, 24, 3, NULL, NULL),
(6589, 66, 25, 5, NULL, NULL),
(6590, 66, 26, 1, NULL, NULL),
(6591, 66, 27, 5, NULL, NULL),
(6592, 66, 28, 5, NULL, NULL),
(6593, 66, 29, 4, NULL, NULL),
(6594, 66, 30, 5, NULL, NULL),
(6595, 66, 31, 3, NULL, NULL),
(6596, 66, 32, 3, NULL, NULL),
(6597, 66, 33, 5, NULL, NULL),
(6598, 66, 34, 5, NULL, NULL),
(6599, 66, 35, 5, NULL, NULL),
(6600, 66, 36, 4, NULL, NULL),
(6601, 66, 37, 5, NULL, NULL),
(6602, 66, 38, 5, NULL, NULL),
(6603, 66, 39, 3, NULL, NULL),
(6604, 66, 40, 5, NULL, NULL),
(6605, 66, 41, 6, NULL, NULL),
(6606, 66, 42, 5, NULL, NULL),
(6607, 66, 43, 3, NULL, NULL),
(6608, 66, 44, 5, NULL, NULL),
(6609, 66, 45, 5, NULL, NULL),
(6610, 66, 46, 4, NULL, NULL),
(6611, 66, 47, 5, NULL, NULL),
(6612, 66, 48, 3, NULL, NULL),
(6613, 66, 49, 4, NULL, NULL),
(6614, 66, 50, 5, NULL, NULL),
(6615, 66, 51, 5, NULL, NULL),
(6616, 66, 52, 2, NULL, NULL),
(6617, 66, 53, 4, NULL, NULL),
(6618, 66, 54, 5, NULL, NULL),
(6619, 66, 55, 5, NULL, NULL),
(6620, 66, 56, 6, NULL, NULL),
(6621, 66, 57, 6, NULL, NULL),
(6622, 66, 58, 6, NULL, NULL),
(6623, 66, 59, 2, NULL, NULL),
(6624, 66, 60, 4, NULL, NULL),
(6625, 66, 61, 6, NULL, NULL),
(6626, 66, 62, 4, NULL, NULL),
(6627, 66, 63, 6, NULL, NULL),
(6628, 66, 64, 6, NULL, NULL),
(6629, 66, 65, 5, NULL, NULL),
(6630, 66, 66, 3, NULL, NULL),
(6631, 66, 67, 3, NULL, NULL),
(6632, 66, 68, 6, NULL, NULL),
(6633, 66, 69, 5, NULL, NULL),
(6634, 66, 70, 5, NULL, NULL),
(6635, 66, 71, 4, NULL, NULL),
(6636, 66, 72, 6, NULL, NULL),
(6637, 66, 73, 6, NULL, NULL),
(6638, 66, 74, 6, NULL, NULL),
(6639, 66, 75, 3, NULL, NULL),
(6640, 66, 76, 5, NULL, NULL),
(6641, 66, 77, 4, NULL, NULL),
(6642, 66, 78, 4, NULL, NULL),
(6643, 66, 79, 5, NULL, NULL),
(6644, 66, 80, 5, NULL, NULL),
(6645, 66, 81, 6, NULL, NULL),
(6646, 66, 82, 5, NULL, NULL),
(6647, 66, 83, 5, NULL, NULL),
(6648, 66, 84, 5, NULL, NULL),
(6649, 66, 85, 3, NULL, NULL),
(6650, 66, 86, 5, NULL, NULL),
(6651, 66, 87, 4, NULL, NULL),
(6652, 66, 88, 2, NULL, NULL),
(6653, 66, 89, 3, NULL, NULL),
(6654, 66, 90, 4, NULL, NULL),
(6655, 66, 91, 5, NULL, NULL),
(6656, 66, 94, 4, NULL, NULL),
(6657, 66, 96, 5, NULL, NULL),
(6658, 66, 97, 4, NULL, NULL),
(6659, 66, 98, 2, NULL, NULL),
(6660, 66, 99, 5, NULL, NULL),
(6661, 66, 100, 5, NULL, NULL),
(6662, 66, 101, 6, NULL, NULL),
(6663, 66, 102, 6, NULL, NULL),
(6664, 66, 103, 6, NULL, NULL),
(6665, 66, 104, 4, NULL, NULL),
(6666, 66, 105, 4, NULL, NULL),
(6667, 66, 106, 6, NULL, NULL),
(6668, 66, 107, 3, NULL, NULL),
(6669, 66, 108, 4, NULL, NULL),
(6670, 66, 109, 4, NULL, NULL),
(6671, 66, 110, 3, NULL, NULL),
(6672, 66, 111, 4, NULL, NULL),
(6673, 66, 112, 6, NULL, NULL),
(6674, 67, 2, 2, NULL, NULL),
(6675, 67, 3, 5, NULL, NULL),
(6676, 67, 4, 6, NULL, NULL),
(6677, 67, 5, 5, NULL, NULL),
(6678, 67, 6, 5, NULL, NULL),
(6679, 67, 7, 5, NULL, NULL),
(6680, 67, 8, 2, NULL, NULL),
(6681, 67, 9, 6, NULL, NULL),
(6682, 67, 10, 5, NULL, NULL),
(6683, 67, 11, 6, NULL, NULL),
(6684, 67, 12, 1, NULL, NULL),
(6685, 67, 13, 6, NULL, NULL),
(6686, 67, 14, 1, NULL, NULL),
(6687, 67, 15, 6, NULL, NULL),
(6688, 67, 16, 6, NULL, NULL),
(6689, 67, 17, 6, NULL, NULL),
(6690, 67, 18, 5, NULL, NULL),
(6691, 67, 19, 6, NULL, NULL),
(6692, 67, 20, 5, NULL, NULL),
(6693, 67, 21, 6, NULL, NULL),
(6694, 67, 22, 6, NULL, NULL),
(6695, 67, 23, 5, NULL, NULL),
(6696, 67, 24, 2, NULL, NULL),
(6697, 67, 25, 5, NULL, NULL),
(6698, 67, 26, 1, NULL, NULL),
(6699, 67, 27, 6, NULL, NULL),
(6700, 67, 28, 5, NULL, NULL),
(6701, 67, 29, 5, NULL, NULL),
(6702, 67, 30, 6, NULL, NULL),
(6703, 67, 31, 1, NULL, NULL),
(6704, 67, 32, 4, NULL, NULL),
(6705, 67, 33, 5, NULL, NULL),
(6706, 67, 34, 2, NULL, NULL),
(6707, 67, 35, 5, NULL, NULL),
(6708, 67, 36, 5, NULL, NULL),
(6709, 67, 37, 5, NULL, NULL),
(6710, 67, 38, 5, NULL, NULL),
(6711, 67, 39, 1, NULL, NULL),
(6712, 67, 40, 2, NULL, NULL),
(6713, 67, 41, 5, NULL, NULL),
(6714, 67, 42, 4, NULL, NULL),
(6715, 67, 43, 4, NULL, NULL),
(6716, 67, 44, 6, NULL, NULL),
(6717, 67, 45, 5, NULL, NULL),
(6718, 67, 46, 5, NULL, NULL),
(6719, 67, 47, 5, NULL, NULL),
(6720, 67, 48, 4, NULL, NULL),
(6721, 67, 49, 6, NULL, NULL),
(6722, 67, 50, 4, NULL, NULL),
(6723, 67, 51, 5, NULL, NULL),
(6724, 67, 52, 2, NULL, NULL),
(6725, 67, 53, 6, NULL, NULL),
(6726, 67, 54, 6, NULL, NULL),
(6727, 67, 55, 6, NULL, NULL),
(6728, 67, 56, 6, NULL, NULL),
(6729, 67, 57, 6, NULL, NULL),
(6730, 67, 58, 6, NULL, NULL),
(6731, 67, 59, 1, NULL, NULL),
(6732, 67, 60, 5, NULL, NULL),
(6733, 67, 61, 6, NULL, NULL),
(6734, 67, 62, 5, NULL, NULL),
(6735, 67, 63, 6, NULL, NULL),
(6736, 67, 64, 6, NULL, NULL),
(6737, 67, 65, 6, NULL, NULL),
(6738, 67, 66, 1, NULL, NULL),
(6739, 67, 67, 6, NULL, NULL),
(6740, 67, 68, 6, NULL, NULL),
(6741, 67, 69, 6, NULL, NULL),
(6742, 67, 70, 5, NULL, NULL),
(6743, 67, 71, 6, NULL, NULL),
(6744, 67, 72, 4, NULL, NULL),
(6745, 67, 73, 6, NULL, NULL),
(6746, 67, 74, 5, NULL, NULL),
(6747, 67, 75, 1, NULL, NULL),
(6748, 67, 76, 6, NULL, NULL),
(6749, 67, 77, 1, NULL, NULL),
(6750, 67, 78, 6, NULL, NULL),
(6751, 67, 79, 6, NULL, NULL),
(6752, 67, 80, 2, NULL, NULL),
(6753, 67, 81, 6, NULL, NULL),
(6754, 67, 82, 6, NULL, NULL),
(6755, 67, 83, 5, NULL, NULL),
(6756, 67, 84, 6, NULL, NULL),
(6757, 67, 85, 1, NULL, NULL),
(6758, 67, 86, 6, NULL, NULL),
(6759, 67, 87, 6, NULL, NULL),
(6760, 67, 88, 1, NULL, NULL),
(6761, 67, 89, 5, NULL, NULL),
(6762, 67, 90, 6, NULL, NULL),
(6763, 67, 91, 5, NULL, NULL),
(6764, 67, 94, 6, NULL, NULL),
(6765, 67, 96, 6, NULL, NULL),
(6766, 67, 97, 5, NULL, NULL),
(6767, 67, 98, 1, NULL, NULL),
(6768, 67, 99, 2, NULL, NULL),
(6769, 67, 100, 5, NULL, NULL),
(6770, 67, 101, 5, NULL, NULL),
(6771, 67, 102, 5, NULL, NULL),
(6772, 67, 103, 6, NULL, NULL),
(6773, 67, 104, 4, NULL, NULL),
(6774, 67, 105, 6, NULL, NULL),
(6775, 67, 106, 6, NULL, NULL),
(6776, 67, 107, 2, NULL, NULL),
(6777, 67, 108, 2, NULL, NULL),
(6778, 67, 109, 5, NULL, NULL),
(6779, 67, 110, 5, NULL, NULL),
(6780, 67, 111, 4, NULL, NULL),
(6781, 67, 112, 2, NULL, NULL),
(6782, 68, 2, 2, NULL, NULL),
(6783, 68, 3, 5, NULL, NULL),
(6784, 68, 4, 5, NULL, NULL),
(6785, 68, 5, 5, NULL, NULL),
(6786, 68, 6, 5, NULL, NULL),
(6787, 68, 7, 5, NULL, NULL),
(6788, 68, 8, 3, NULL, NULL),
(6789, 68, 9, 6, NULL, NULL),
(6790, 68, 10, 6, NULL, NULL),
(6791, 68, 11, 5, NULL, NULL),
(6792, 68, 12, 4, NULL, NULL),
(6793, 68, 13, 4, NULL, NULL),
(6794, 68, 14, 2, NULL, NULL),
(6795, 68, 15, 5, NULL, NULL),
(6796, 68, 16, 4, NULL, NULL),
(6797, 68, 17, 4, NULL, NULL),
(6798, 68, 18, 4, NULL, NULL),
(6799, 68, 19, 4, NULL, NULL),
(6800, 68, 20, 5, NULL, NULL),
(6801, 68, 21, 4, NULL, NULL),
(6802, 68, 22, 4, NULL, NULL),
(6803, 68, 23, 4, NULL, NULL),
(6804, 68, 24, 3, NULL, NULL),
(6805, 68, 25, 5, NULL, NULL),
(6806, 68, 26, 2, NULL, NULL),
(6807, 68, 27, 4, NULL, NULL),
(6808, 68, 28, 4, NULL, NULL),
(6809, 68, 29, 5, NULL, NULL),
(6810, 68, 30, 5, NULL, NULL),
(6811, 68, 31, 5, NULL, NULL),
(6812, 68, 32, 3, NULL, NULL),
(6813, 68, 33, 5, NULL, NULL),
(6814, 68, 34, 4, NULL, NULL),
(6815, 68, 35, 5, NULL, NULL),
(6816, 68, 36, 5, NULL, NULL),
(6817, 68, 37, 6, NULL, NULL),
(6818, 68, 38, 6, NULL, NULL),
(6819, 68, 39, 1, NULL, NULL),
(6820, 68, 40, 5, NULL, NULL),
(6821, 68, 41, 6, NULL, NULL),
(6822, 68, 42, 6, NULL, NULL),
(6823, 68, 43, 5, NULL, NULL),
(6824, 68, 44, 5, NULL, NULL),
(6825, 68, 45, 6, NULL, NULL),
(6826, 68, 46, 3, NULL, NULL),
(6827, 68, 47, 5, NULL, NULL),
(6828, 68, 48, 3, NULL, NULL),
(6829, 68, 49, 5, NULL, NULL),
(6830, 68, 50, 6, NULL, NULL),
(6831, 68, 51, 5, NULL, NULL),
(6832, 68, 52, 3, NULL, NULL),
(6833, 68, 53, 4, NULL, NULL),
(6834, 68, 54, 5, NULL, NULL),
(6835, 68, 55, 5, NULL, NULL),
(6836, 68, 56, 5, NULL, NULL),
(6837, 68, 57, 5, NULL, NULL),
(6838, 68, 58, 5, NULL, NULL),
(6839, 68, 59, 2, NULL, NULL),
(6840, 68, 60, 3, NULL, NULL),
(6841, 68, 61, 6, NULL, NULL),
(6842, 68, 62, 4, NULL, NULL),
(6843, 68, 63, 3, NULL, NULL),
(6844, 68, 64, 6, NULL, NULL),
(6845, 68, 65, 5, NULL, NULL),
(6846, 68, 66, 3, NULL, NULL),
(6847, 68, 67, 4, NULL, NULL),
(6848, 68, 68, 5, NULL, NULL),
(6849, 68, 69, 4, NULL, NULL),
(6850, 68, 70, 4, NULL, NULL),
(6851, 68, 71, 5, NULL, NULL),
(6852, 68, 72, 4, NULL, NULL),
(6853, 68, 73, 5, NULL, NULL),
(6854, 68, 74, 5, NULL, NULL),
(6855, 68, 75, 3, NULL, NULL),
(6856, 68, 76, 6, NULL, NULL),
(6857, 68, 77, 5, NULL, NULL),
(6858, 68, 78, 5, NULL, NULL),
(6859, 68, 79, 5, NULL, NULL),
(6860, 68, 80, 5, NULL, NULL),
(6861, 68, 81, 4, NULL, NULL),
(6862, 68, 82, 3, NULL, NULL),
(6863, 68, 83, 5, NULL, NULL),
(6864, 68, 84, 4, NULL, NULL),
(6865, 68, 85, 2, NULL, NULL),
(6866, 68, 86, 5, NULL, NULL),
(6867, 68, 87, 4, NULL, NULL),
(6868, 68, 88, 1, NULL, NULL),
(6869, 68, 89, 2, NULL, NULL),
(6870, 68, 90, 4, NULL, NULL),
(6871, 68, 91, 4, NULL, NULL),
(6872, 68, 94, 5, NULL, NULL),
(6873, 68, 96, 5, NULL, NULL),
(6874, 68, 97, 3, NULL, NULL),
(6875, 68, 98, 2, NULL, NULL),
(6876, 68, 99, 3, NULL, NULL),
(6877, 68, 100, 3, NULL, NULL),
(6878, 68, 101, 3, NULL, NULL),
(6879, 68, 102, 5, NULL, NULL),
(6880, 68, 103, 5, NULL, NULL),
(6881, 68, 104, 4, NULL, NULL),
(6882, 68, 105, 4, NULL, NULL),
(6883, 68, 106, 4, NULL, NULL),
(6884, 68, 107, 2, NULL, NULL),
(6885, 68, 108, 5, NULL, NULL),
(6886, 68, 109, 6, NULL, NULL),
(6887, 68, 110, 1, NULL, NULL),
(6888, 68, 111, 2, NULL, NULL),
(6889, 68, 112, 3, NULL, NULL),
(6890, 69, 2, 2, NULL, NULL),
(6891, 69, 3, 5, NULL, NULL),
(6892, 69, 4, 4, NULL, NULL),
(6893, 69, 5, 5, NULL, NULL),
(6894, 69, 6, 4, NULL, NULL),
(6895, 69, 7, 4, NULL, NULL),
(6896, 69, 8, 3, NULL, NULL),
(6897, 69, 9, 4, NULL, NULL),
(6898, 69, 10, 5, NULL, NULL),
(6899, 69, 11, 4, NULL, NULL),
(6900, 69, 12, 5, NULL, NULL),
(6901, 69, 13, 5, NULL, NULL),
(6902, 69, 14, 1, NULL, NULL),
(6903, 69, 15, 5, NULL, NULL),
(6904, 69, 16, 5, NULL, NULL),
(6905, 69, 17, 5, NULL, NULL),
(6906, 69, 18, 5, NULL, NULL),
(6907, 69, 19, 5, NULL, NULL),
(6908, 69, 20, 5, NULL, NULL),
(6909, 69, 21, 5, NULL, NULL),
(6910, 69, 22, 5, NULL, NULL),
(6911, 69, 23, 4, NULL, NULL),
(6912, 69, 24, 1, NULL, NULL),
(6913, 69, 25, 5, NULL, NULL),
(6914, 69, 26, 1, NULL, NULL),
(6915, 69, 27, 5, NULL, NULL),
(6916, 69, 28, 5, NULL, NULL),
(6917, 69, 29, 5, NULL, NULL),
(6918, 69, 30, 5, NULL, NULL),
(6919, 69, 31, 1, NULL, NULL),
(6920, 69, 32, 5, NULL, NULL),
(6921, 69, 33, 5, NULL, NULL),
(6922, 69, 34, 5, NULL, NULL),
(6923, 69, 35, 5, NULL, NULL),
(6924, 69, 36, 5, NULL, NULL),
(6925, 69, 37, 5, NULL, NULL),
(6926, 69, 38, 5, NULL, NULL),
(6927, 69, 39, 1, NULL, NULL),
(6928, 69, 40, 2, NULL, NULL),
(6929, 69, 41, 5, NULL, NULL),
(6930, 69, 42, 2, NULL, NULL),
(6931, 69, 43, 1, NULL, NULL),
(6932, 69, 44, 5, NULL, NULL),
(6933, 69, 45, 5, NULL, NULL),
(6934, 69, 46, 1, NULL, NULL),
(6935, 69, 47, 5, NULL, NULL),
(6936, 69, 48, 2, NULL, NULL),
(6937, 69, 49, 5, NULL, NULL),
(6938, 69, 50, 6, NULL, NULL),
(6939, 69, 51, 4, NULL, NULL),
(6940, 69, 52, 2, NULL, NULL),
(6941, 69, 53, 5, NULL, NULL),
(6942, 69, 54, 4, NULL, NULL),
(6943, 69, 55, 5, NULL, NULL),
(6944, 69, 56, 5, NULL, NULL),
(6945, 69, 57, 5, NULL, NULL),
(6946, 69, 58, 5, NULL, NULL),
(6947, 69, 59, 1, NULL, NULL),
(6948, 69, 60, 4, NULL, NULL),
(6949, 69, 61, 6, NULL, NULL),
(6950, 69, 62, 6, NULL, NULL),
(6951, 69, 63, 6, NULL, NULL),
(6952, 69, 64, 6, NULL, NULL),
(6953, 69, 65, 6, NULL, NULL),
(6954, 69, 66, 1, NULL, NULL),
(6955, 69, 67, 6, NULL, NULL),
(6956, 69, 68, 6, NULL, NULL),
(6957, 69, 69, 3, NULL, NULL),
(6958, 69, 70, 5, NULL, NULL),
(6959, 69, 71, 6, NULL, NULL),
(6960, 69, 72, 5, NULL, NULL),
(6961, 69, 73, 5, NULL, NULL),
(6962, 69, 74, 6, NULL, NULL),
(6963, 69, 75, 1, NULL, NULL),
(6964, 69, 76, 4, NULL, NULL),
(6965, 69, 77, 5, NULL, NULL),
(6966, 69, 78, 6, NULL, NULL),
(6967, 69, 79, 5, NULL, NULL),
(6968, 69, 80, 6, NULL, NULL),
(6969, 69, 81, 6, NULL, NULL),
(6970, 69, 82, 6, NULL, NULL),
(6971, 69, 83, 4, NULL, NULL),
(6972, 69, 84, 4, NULL, NULL),
(6973, 69, 85, 1, NULL, NULL),
(6974, 69, 86, 6, NULL, NULL),
(6975, 69, 87, 6, NULL, NULL),
(6976, 69, 88, 6, NULL, NULL),
(6977, 69, 89, 6, NULL, NULL),
(6978, 69, 90, 6, NULL, NULL),
(6979, 69, 91, 6, NULL, NULL),
(6980, 69, 94, 5, NULL, NULL),
(6981, 69, 96, 6, NULL, NULL),
(6982, 69, 97, 6, NULL, NULL),
(6983, 69, 98, 1, NULL, NULL),
(6984, 69, 99, 6, NULL, NULL),
(6985, 69, 100, 4, NULL, NULL),
(6986, 69, 101, 5, NULL, NULL),
(6987, 69, 102, 5, NULL, NULL),
(6988, 69, 103, 6, NULL, NULL),
(6989, 69, 104, 2, NULL, NULL),
(6990, 69, 105, 5, NULL, NULL),
(6991, 69, 106, 5, NULL, NULL),
(6992, 69, 107, 3, NULL, NULL),
(6993, 69, 108, 3, NULL, NULL),
(6994, 69, 109, 2, NULL, NULL),
(6995, 69, 110, 3, NULL, NULL),
(6996, 69, 111, 5, NULL, NULL),
(6997, 69, 112, 5, NULL, NULL),
(6998, 70, 2, 2, NULL, NULL),
(6999, 70, 3, 4, NULL, NULL),
(7000, 70, 4, 2, NULL, NULL),
(7001, 70, 5, 5, NULL, NULL),
(7002, 70, 6, 6, NULL, NULL),
(7003, 70, 7, 4, NULL, NULL),
(7004, 70, 8, 3, NULL, NULL),
(7005, 70, 9, 4, NULL, NULL),
(7006, 70, 10, 3, NULL, NULL),
(7007, 70, 11, 5, NULL, NULL),
(7008, 70, 12, 4, NULL, NULL),
(7009, 70, 13, 4, NULL, NULL),
(7010, 70, 14, 3, NULL, NULL),
(7011, 70, 15, 3, NULL, NULL),
(7012, 70, 16, 3, NULL, NULL),
(7013, 70, 17, 5, NULL, NULL),
(7014, 70, 18, 5, NULL, NULL),
(7015, 70, 19, 4, NULL, NULL),
(7016, 70, 20, 5, NULL, NULL),
(7017, 70, 21, 5, NULL, NULL),
(7018, 70, 22, 5, NULL, NULL),
(7019, 70, 23, 3, NULL, NULL),
(7020, 70, 24, 3, NULL, NULL),
(7021, 70, 25, 4, NULL, NULL),
(7022, 70, 26, 3, NULL, NULL),
(7023, 70, 27, 6, NULL, NULL),
(7024, 70, 28, 2, NULL, NULL),
(7025, 70, 29, 3, NULL, NULL),
(7026, 70, 30, 4, NULL, NULL),
(7027, 70, 31, 4, NULL, NULL),
(7028, 70, 32, 5, NULL, NULL),
(7029, 70, 33, 5, NULL, NULL),
(7030, 70, 34, 5, NULL, NULL),
(7031, 70, 35, 5, NULL, NULL),
(7032, 70, 36, 6, NULL, NULL),
(7033, 70, 37, 4, NULL, NULL),
(7034, 70, 38, 2, NULL, NULL),
(7035, 70, 39, 3, NULL, NULL),
(7036, 70, 40, 3, NULL, NULL),
(7037, 70, 41, 3, NULL, NULL),
(7038, 70, 42, 3, NULL, NULL),
(7039, 70, 43, 4, NULL, NULL),
(7040, 70, 44, 3, NULL, NULL),
(7041, 70, 45, 3, NULL, NULL),
(7042, 70, 46, 2, NULL, NULL),
(7043, 70, 47, 5, NULL, NULL),
(7044, 70, 48, 5, NULL, NULL),
(7045, 70, 49, 5, NULL, NULL),
(7046, 70, 50, 5, NULL, NULL),
(7047, 70, 51, 3, NULL, NULL),
(7048, 70, 52, 3, NULL, NULL),
(7049, 70, 53, 3, NULL, NULL),
(7050, 70, 54, 3, NULL, NULL),
(7051, 70, 55, 4, NULL, NULL),
(7052, 70, 56, 4, NULL, NULL),
(7053, 70, 57, 4, NULL, NULL),
(7054, 70, 58, 4, NULL, NULL),
(7055, 70, 59, 3, NULL, NULL),
(7056, 70, 60, 4, NULL, NULL),
(7057, 70, 61, 4, NULL, NULL),
(7058, 70, 62, 4, NULL, NULL),
(7059, 70, 63, 5, NULL, NULL),
(7060, 70, 64, 5, NULL, NULL),
(7061, 70, 65, 5, NULL, NULL),
(7062, 70, 66, 2, NULL, NULL),
(7063, 70, 67, 4, NULL, NULL),
(7064, 70, 68, 4, NULL, NULL),
(7065, 70, 69, 3, NULL, NULL),
(7066, 70, 70, 4, NULL, NULL),
(7067, 70, 71, 5, NULL, NULL),
(7068, 70, 72, 4, NULL, NULL),
(7069, 70, 73, 4, NULL, NULL),
(7070, 70, 74, 5, NULL, NULL),
(7071, 70, 75, 3, NULL, NULL),
(7072, 70, 76, 5, NULL, NULL),
(7073, 70, 77, 4, NULL, NULL),
(7074, 70, 78, 5, NULL, NULL),
(7075, 70, 79, 5, NULL, NULL),
(7076, 70, 80, 5, NULL, NULL),
(7077, 70, 81, 5, NULL, NULL),
(7078, 70, 82, 5, NULL, NULL),
(7079, 70, 83, 4, NULL, NULL),
(7080, 70, 84, 4, NULL, NULL),
(7081, 70, 85, 3, NULL, NULL),
(7082, 70, 86, 3, NULL, NULL),
(7083, 70, 87, 4, NULL, NULL),
(7084, 70, 88, 3, NULL, NULL),
(7085, 70, 89, 4, NULL, NULL),
(7086, 70, 90, 4, NULL, NULL),
(7087, 70, 91, 4, NULL, NULL),
(7088, 70, 94, 3, NULL, NULL),
(7089, 70, 96, 3, NULL, NULL),
(7090, 70, 97, 4, NULL, NULL),
(7091, 70, 98, 2, NULL, NULL),
(7092, 70, 99, 3, NULL, NULL),
(7093, 70, 100, 5, NULL, NULL),
(7094, 70, 101, 5, NULL, NULL),
(7095, 70, 102, 3, NULL, NULL),
(7096, 70, 103, 6, NULL, NULL),
(7097, 70, 104, 5, NULL, NULL),
(7098, 70, 105, 5, NULL, NULL),
(7099, 70, 106, 6, NULL, NULL),
(7100, 70, 107, 3, NULL, NULL),
(7101, 70, 108, 3, NULL, NULL),
(7102, 70, 109, 2, NULL, NULL),
(7103, 70, 110, 2, NULL, NULL),
(7104, 70, 111, 3, NULL, NULL),
(7105, 70, 112, 1, NULL, NULL),
(7106, 71, 2, 2, NULL, NULL),
(7107, 71, 3, 3, NULL, NULL),
(7108, 71, 4, 4, NULL, NULL),
(7109, 71, 5, 4, NULL, NULL),
(7110, 71, 6, 3, NULL, NULL),
(7111, 71, 7, 4, NULL, NULL),
(7112, 71, 8, 3, NULL, NULL),
(7113, 71, 9, 3, NULL, NULL),
(7114, 71, 10, 3, NULL, NULL),
(7115, 71, 11, 3, NULL, NULL),
(7116, 71, 12, 4, NULL, NULL),
(7117, 71, 13, 3, NULL, NULL),
(7118, 71, 14, 2, NULL, NULL),
(7119, 71, 15, 3, NULL, NULL),
(7120, 71, 16, 4, NULL, NULL),
(7121, 71, 17, 5, NULL, NULL),
(7122, 71, 18, 4, NULL, NULL),
(7123, 71, 19, 4, NULL, NULL),
(7124, 71, 20, 3, NULL, NULL),
(7125, 71, 21, 4, NULL, NULL),
(7126, 71, 22, 5, NULL, NULL),
(7127, 71, 23, 4, NULL, NULL),
(7128, 71, 24, 3, NULL, NULL),
(7129, 71, 25, 4, NULL, NULL),
(7130, 71, 26, 1, NULL, NULL),
(7131, 71, 27, 4, NULL, NULL),
(7132, 71, 28, 3, NULL, NULL),
(7133, 71, 29, 3, NULL, NULL),
(7134, 71, 30, 4, NULL, NULL),
(7135, 71, 31, 4, NULL, NULL),
(7136, 71, 32, 3, NULL, NULL),
(7137, 71, 33, 4, NULL, NULL),
(7138, 71, 34, 4, NULL, NULL),
(7139, 71, 35, 5, NULL, NULL),
(7140, 71, 36, 4, NULL, NULL),
(7141, 71, 37, 6, NULL, NULL),
(7142, 71, 38, 6, NULL, NULL),
(7143, 71, 39, 1, NULL, NULL),
(7144, 71, 40, 3, NULL, NULL),
(7145, 71, 41, 6, NULL, NULL),
(7146, 71, 42, 4, NULL, NULL),
(7147, 71, 43, 6, NULL, NULL),
(7148, 71, 44, 6, NULL, NULL),
(7149, 71, 45, 5, NULL, NULL),
(7150, 71, 46, 5, NULL, NULL),
(7151, 71, 47, 5, NULL, NULL),
(7152, 71, 48, 5, NULL, NULL),
(7153, 71, 49, 5, NULL, NULL),
(7154, 71, 50, 6, NULL, NULL),
(7155, 71, 51, 5, NULL, NULL),
(7156, 71, 52, 3, NULL, NULL),
(7157, 71, 53, 4, NULL, NULL),
(7158, 71, 54, 4, NULL, NULL),
(7159, 71, 55, 4, NULL, NULL),
(7160, 71, 56, 3, NULL, NULL),
(7161, 71, 57, 4, NULL, NULL),
(7162, 71, 58, 4, NULL, NULL),
(7163, 71, 59, 2, NULL, NULL),
(7164, 71, 60, 4, NULL, NULL),
(7165, 71, 61, 5, NULL, NULL),
(7166, 71, 62, 3, NULL, NULL),
(7167, 71, 63, 5, NULL, NULL),
(7168, 71, 64, 4, NULL, NULL),
(7169, 71, 65, 4, NULL, NULL),
(7170, 71, 66, 3, NULL, NULL),
(7171, 71, 67, 3, NULL, NULL),
(7172, 71, 68, 4, NULL, NULL),
(7173, 71, 69, 5, NULL, NULL),
(7174, 71, 70, 4, NULL, NULL),
(7175, 71, 71, 5, NULL, NULL),
(7176, 71, 72, 4, NULL, NULL),
(7177, 71, 73, 3, NULL, NULL),
(7178, 71, 74, 4, NULL, NULL),
(7179, 71, 75, 3, NULL, NULL),
(7180, 71, 76, 4, NULL, NULL),
(7181, 71, 77, 6, NULL, NULL),
(7182, 71, 78, 4, NULL, NULL),
(7183, 71, 79, 4, NULL, NULL),
(7184, 71, 80, 4, NULL, NULL),
(7185, 71, 81, 4, NULL, NULL),
(7186, 71, 82, 4, NULL, NULL),
(7187, 71, 83, 4, NULL, NULL),
(7188, 71, 84, 3, NULL, NULL),
(7189, 71, 85, 2, NULL, NULL),
(7190, 71, 86, 4, NULL, NULL),
(7191, 71, 87, 4, NULL, NULL),
(7192, 71, 88, 2, NULL, NULL),
(7193, 71, 89, 4, NULL, NULL),
(7194, 71, 90, 4, NULL, NULL),
(7195, 71, 91, 4, NULL, NULL),
(7196, 71, 94, 4, NULL, NULL),
(7197, 71, 96, 4, NULL, NULL),
(7198, 71, 97, 4, NULL, NULL),
(7199, 71, 98, 2, NULL, NULL),
(7200, 71, 99, 5, NULL, NULL),
(7201, 71, 100, 4, NULL, NULL),
(7202, 71, 101, 3, NULL, NULL),
(7203, 71, 102, 4, NULL, NULL),
(7204, 71, 103, 4, NULL, NULL),
(7205, 71, 104, 4, NULL, NULL),
(7206, 71, 105, 3, NULL, NULL),
(7207, 71, 106, 4, NULL, NULL),
(7208, 71, 107, 2, NULL, NULL),
(7209, 71, 108, 4, NULL, NULL),
(7210, 71, 109, 3, NULL, NULL),
(7211, 71, 110, 2, NULL, NULL),
(7212, 71, 111, 3, NULL, NULL),
(7213, 71, 112, 5, NULL, NULL),
(7214, 72, 2, 2, NULL, NULL),
(7215, 72, 3, 5, NULL, NULL),
(7216, 72, 4, 5, NULL, NULL),
(7217, 72, 5, 5, NULL, NULL),
(7218, 72, 6, 5, NULL, NULL),
(7219, 72, 7, 5, NULL, NULL),
(7220, 72, 8, 1, NULL, NULL),
(7221, 72, 9, 5, NULL, NULL),
(7222, 72, 10, 2, NULL, NULL),
(7223, 72, 11, 4, NULL, NULL),
(7224, 72, 12, 5, NULL, NULL),
(7225, 72, 13, 5, NULL, NULL),
(7226, 72, 14, 2, NULL, NULL),
(7227, 72, 15, 5, NULL, NULL),
(7228, 72, 16, 4, NULL, NULL),
(7229, 72, 17, 5, NULL, NULL),
(7230, 72, 18, 5, NULL, NULL),
(7231, 72, 19, 2, NULL, NULL),
(7232, 72, 20, 4, NULL, NULL),
(7233, 72, 21, 5, NULL, NULL),
(7234, 72, 22, 5, NULL, NULL),
(7235, 72, 23, 5, NULL, NULL),
(7236, 72, 24, 3, NULL, NULL),
(7237, 72, 25, 6, NULL, NULL),
(7238, 72, 26, 3, NULL, NULL),
(7239, 72, 27, 5, NULL, NULL),
(7240, 72, 28, 2, NULL, NULL),
(7241, 72, 29, 6, NULL, NULL),
(7242, 72, 30, 6, NULL, NULL),
(7243, 72, 31, 5, NULL, NULL);
INSERT INTO `q_answer` (`id`, `respondent_id`, `question_id`, `rating`, `created_at`, `updated_at`) VALUES
(7244, 72, 32, 2, NULL, NULL),
(7245, 72, 33, 5, NULL, NULL),
(7246, 72, 34, 5, NULL, NULL),
(7247, 72, 35, 5, NULL, NULL),
(7248, 72, 36, 5, NULL, NULL),
(7249, 72, 37, 4, NULL, NULL),
(7250, 72, 38, 3, NULL, NULL),
(7251, 72, 39, 3, NULL, NULL),
(7252, 72, 40, 5, NULL, NULL),
(7253, 72, 41, 5, NULL, NULL),
(7254, 72, 42, 5, NULL, NULL),
(7255, 72, 43, 4, NULL, NULL),
(7256, 72, 44, 5, NULL, NULL),
(7257, 72, 45, 3, NULL, NULL),
(7258, 72, 46, 2, NULL, NULL),
(7259, 72, 47, 3, NULL, NULL),
(7260, 72, 48, 4, NULL, NULL),
(7261, 72, 49, 5, NULL, NULL),
(7262, 72, 50, 5, NULL, NULL),
(7263, 72, 51, 5, NULL, NULL),
(7264, 72, 52, 2, NULL, NULL),
(7265, 72, 53, 3, NULL, NULL),
(7266, 72, 54, 4, NULL, NULL),
(7267, 72, 55, 5, NULL, NULL),
(7268, 72, 56, 5, NULL, NULL),
(7269, 72, 57, 2, NULL, NULL),
(7270, 72, 58, 5, NULL, NULL),
(7271, 72, 59, 2, NULL, NULL),
(7272, 72, 60, 3, NULL, NULL),
(7273, 72, 61, 5, NULL, NULL),
(7274, 72, 62, 2, NULL, NULL),
(7275, 72, 63, 5, NULL, NULL),
(7276, 72, 64, 5, NULL, NULL),
(7277, 72, 65, 5, NULL, NULL),
(7278, 72, 66, 2, NULL, NULL),
(7279, 72, 67, 5, NULL, NULL),
(7280, 72, 68, 5, NULL, NULL),
(7281, 72, 69, 5, NULL, NULL),
(7282, 72, 70, 5, NULL, NULL),
(7283, 72, 71, 5, NULL, NULL),
(7284, 72, 72, 5, NULL, NULL),
(7285, 72, 73, 5, NULL, NULL),
(7286, 72, 74, 3, NULL, NULL),
(7287, 72, 75, 3, NULL, NULL),
(7288, 72, 76, 5, NULL, NULL),
(7289, 72, 77, 5, NULL, NULL),
(7290, 72, 78, 5, NULL, NULL),
(7291, 72, 79, 5, NULL, NULL),
(7292, 72, 80, 3, NULL, NULL),
(7293, 72, 81, 4, NULL, NULL),
(7294, 72, 82, 2, NULL, NULL),
(7295, 72, 83, 4, NULL, NULL),
(7296, 72, 84, 4, NULL, NULL),
(7297, 72, 85, 2, NULL, NULL),
(7298, 72, 86, 5, NULL, NULL),
(7299, 72, 87, 5, NULL, NULL),
(7300, 72, 88, 3, NULL, NULL),
(7301, 72, 89, 5, NULL, NULL),
(7302, 72, 90, 4, NULL, NULL),
(7303, 72, 91, 5, NULL, NULL),
(7304, 72, 94, 4, NULL, NULL),
(7305, 72, 96, 5, NULL, NULL),
(7306, 72, 97, 4, NULL, NULL),
(7307, 72, 98, 2, NULL, NULL),
(7308, 72, 99, 5, NULL, NULL),
(7309, 72, 100, 3, NULL, NULL),
(7310, 72, 101, 3, NULL, NULL),
(7311, 72, 102, 3, NULL, NULL),
(7312, 72, 103, 5, NULL, NULL),
(7313, 72, 104, 3, NULL, NULL),
(7314, 72, 105, 4, NULL, NULL),
(7315, 72, 106, 5, NULL, NULL),
(7316, 72, 107, 3, NULL, NULL),
(7317, 72, 108, 3, NULL, NULL),
(7318, 72, 109, 3, NULL, NULL),
(7319, 72, 110, 3, NULL, NULL),
(7320, 72, 111, 3, NULL, NULL),
(7321, 72, 112, 4, NULL, NULL),
(7322, 73, 2, 2, NULL, NULL),
(7323, 73, 3, 5, NULL, NULL),
(7324, 73, 4, 5, NULL, NULL),
(7325, 73, 5, 5, NULL, NULL),
(7326, 73, 6, 5, NULL, NULL),
(7327, 73, 7, 5, NULL, NULL),
(7328, 73, 8, 2, NULL, NULL),
(7329, 73, 9, 5, NULL, NULL),
(7330, 73, 10, 4, NULL, NULL),
(7331, 73, 11, 5, NULL, NULL),
(7332, 73, 12, 2, NULL, NULL),
(7333, 73, 13, 5, NULL, NULL),
(7334, 73, 14, 2, NULL, NULL),
(7335, 73, 15, 4, NULL, NULL),
(7336, 73, 16, 5, NULL, NULL),
(7337, 73, 17, 4, NULL, NULL),
(7338, 73, 18, 5, NULL, NULL),
(7339, 73, 19, 5, NULL, NULL),
(7340, 73, 20, 4, NULL, NULL),
(7341, 73, 21, 5, NULL, NULL),
(7342, 73, 22, 4, NULL, NULL),
(7343, 73, 23, 5, NULL, NULL),
(7344, 73, 24, 2, NULL, NULL),
(7345, 73, 25, 5, NULL, NULL),
(7346, 73, 26, 2, NULL, NULL),
(7347, 73, 27, 4, NULL, NULL),
(7348, 73, 28, 5, NULL, NULL),
(7349, 73, 29, 5, NULL, NULL),
(7350, 73, 30, 4, NULL, NULL),
(7351, 73, 31, 3, NULL, NULL),
(7352, 73, 32, 2, NULL, NULL),
(7353, 73, 33, 5, NULL, NULL),
(7354, 73, 34, 4, NULL, NULL),
(7355, 73, 35, 5, NULL, NULL),
(7356, 73, 36, 5, NULL, NULL),
(7357, 73, 37, 5, NULL, NULL),
(7358, 73, 38, 5, NULL, NULL),
(7359, 73, 39, 2, NULL, NULL),
(7360, 73, 40, 3, NULL, NULL),
(7361, 73, 41, 4, NULL, NULL),
(7362, 73, 42, 4, NULL, NULL),
(7363, 73, 43, 2, NULL, NULL),
(7364, 73, 44, 4, NULL, NULL),
(7365, 73, 45, 5, NULL, NULL),
(7366, 73, 46, 2, NULL, NULL),
(7367, 73, 47, 5, NULL, NULL),
(7368, 73, 48, 3, NULL, NULL),
(7369, 73, 49, 5, NULL, NULL),
(7370, 73, 50, 3, NULL, NULL),
(7371, 73, 51, 5, NULL, NULL),
(7372, 73, 52, 2, NULL, NULL),
(7373, 73, 53, 5, NULL, NULL),
(7374, 73, 54, 5, NULL, NULL),
(7375, 73, 55, 5, NULL, NULL),
(7376, 73, 56, 5, NULL, NULL),
(7377, 73, 57, 5, NULL, NULL),
(7378, 73, 58, 5, NULL, NULL),
(7379, 73, 59, 2, NULL, NULL),
(7380, 73, 60, 5, NULL, NULL),
(7381, 73, 61, 5, NULL, NULL),
(7382, 73, 62, 4, NULL, NULL),
(7383, 73, 63, 6, NULL, NULL),
(7384, 73, 64, 5, NULL, NULL),
(7385, 73, 65, 5, NULL, NULL),
(7386, 73, 66, 2, NULL, NULL),
(7387, 73, 67, 3, NULL, NULL),
(7388, 73, 68, 5, NULL, NULL),
(7389, 73, 69, 5, NULL, NULL),
(7390, 73, 70, 5, NULL, NULL),
(7391, 73, 71, 5, NULL, NULL),
(7392, 73, 72, 6, NULL, NULL),
(7393, 73, 73, 5, NULL, NULL),
(7394, 73, 74, 5, NULL, NULL),
(7395, 73, 75, 2, NULL, NULL),
(7396, 73, 76, 5, NULL, NULL),
(7397, 73, 77, 5, NULL, NULL),
(7398, 73, 78, 5, NULL, NULL),
(7399, 73, 79, 5, NULL, NULL),
(7400, 73, 80, 5, NULL, NULL),
(7401, 73, 81, 5, NULL, NULL),
(7402, 73, 82, 5, NULL, NULL),
(7403, 73, 83, 5, NULL, NULL),
(7404, 73, 84, 5, NULL, NULL),
(7405, 73, 85, 2, NULL, NULL),
(7406, 73, 86, 5, NULL, NULL),
(7407, 73, 87, 5, NULL, NULL),
(7408, 73, 88, 1, NULL, NULL),
(7409, 73, 89, 5, NULL, NULL),
(7410, 73, 90, 5, NULL, NULL),
(7411, 73, 91, 5, NULL, NULL),
(7412, 73, 94, 5, NULL, NULL),
(7413, 73, 96, 5, NULL, NULL),
(7414, 73, 97, 3, NULL, NULL),
(7415, 73, 98, 3, NULL, NULL),
(7416, 73, 99, 4, NULL, NULL),
(7417, 73, 100, 5, NULL, NULL),
(7418, 73, 101, 4, NULL, NULL),
(7419, 73, 102, 6, NULL, NULL),
(7420, 73, 103, 5, NULL, NULL),
(7421, 73, 104, 4, NULL, NULL),
(7422, 73, 105, 5, NULL, NULL),
(7423, 73, 106, 5, NULL, NULL),
(7424, 73, 107, 3, NULL, NULL),
(7425, 73, 108, 5, NULL, NULL),
(7426, 73, 109, 5, NULL, NULL),
(7427, 73, 110, 2, NULL, NULL),
(7428, 73, 111, 3, NULL, NULL),
(7429, 73, 112, 5, NULL, NULL),
(7430, 74, 2, 2, NULL, NULL),
(7431, 74, 3, 4, NULL, NULL),
(7432, 74, 4, 5, NULL, NULL),
(7433, 74, 5, 4, NULL, NULL),
(7434, 74, 6, 3, NULL, NULL),
(7435, 74, 7, 5, NULL, NULL),
(7436, 74, 8, 3, NULL, NULL),
(7437, 74, 9, 4, NULL, NULL),
(7438, 74, 10, 5, NULL, NULL),
(7439, 74, 11, 4, NULL, NULL),
(7440, 74, 12, 4, NULL, NULL),
(7441, 74, 13, 4, NULL, NULL),
(7442, 74, 14, 2, NULL, NULL),
(7443, 74, 15, 4, NULL, NULL),
(7444, 74, 16, 5, NULL, NULL),
(7445, 74, 17, 5, NULL, NULL),
(7446, 74, 18, 4, NULL, NULL),
(7447, 74, 19, 5, NULL, NULL),
(7448, 74, 20, 4, NULL, NULL),
(7449, 74, 21, 6, NULL, NULL),
(7450, 74, 22, 5, NULL, NULL),
(7451, 74, 23, 5, NULL, NULL),
(7452, 74, 24, 3, NULL, NULL),
(7453, 74, 25, 5, NULL, NULL),
(7454, 74, 26, 3, NULL, NULL),
(7455, 74, 27, 4, NULL, NULL),
(7456, 74, 28, 6, NULL, NULL),
(7457, 74, 29, 5, NULL, NULL),
(7458, 74, 30, 5, NULL, NULL),
(7459, 74, 31, 5, NULL, NULL),
(7460, 74, 32, 4, NULL, NULL),
(7461, 74, 33, 5, NULL, NULL),
(7462, 74, 34, 5, NULL, NULL),
(7463, 74, 35, 5, NULL, NULL),
(7464, 74, 36, 4, NULL, NULL),
(7465, 74, 37, 4, NULL, NULL),
(7466, 74, 38, 5, NULL, NULL),
(7467, 74, 39, 3, NULL, NULL),
(7468, 74, 40, 5, NULL, NULL),
(7469, 74, 41, 5, NULL, NULL),
(7470, 74, 42, 4, NULL, NULL),
(7471, 74, 43, 5, NULL, NULL),
(7472, 74, 44, 6, NULL, NULL),
(7473, 74, 45, 6, NULL, NULL),
(7474, 74, 46, 6, NULL, NULL),
(7475, 74, 47, 6, NULL, NULL),
(7476, 74, 48, 6, NULL, NULL),
(7477, 74, 49, 6, NULL, NULL),
(7478, 74, 50, 6, NULL, NULL),
(7479, 74, 51, 4, NULL, NULL),
(7480, 74, 52, 3, NULL, NULL),
(7481, 74, 53, 5, NULL, NULL),
(7482, 74, 54, 6, NULL, NULL),
(7483, 74, 55, 6, NULL, NULL),
(7484, 74, 56, 6, NULL, NULL),
(7485, 74, 57, 5, NULL, NULL),
(7486, 74, 58, 5, NULL, NULL),
(7487, 74, 59, 2, NULL, NULL),
(7488, 74, 60, 5, NULL, NULL),
(7489, 74, 61, 5, NULL, NULL),
(7490, 74, 62, 5, NULL, NULL),
(7491, 74, 63, 5, NULL, NULL),
(7492, 74, 64, 5, NULL, NULL),
(7493, 74, 65, 5, NULL, NULL),
(7494, 74, 66, 3, NULL, NULL),
(7495, 74, 67, 5, NULL, NULL),
(7496, 74, 68, 5, NULL, NULL),
(7497, 74, 69, 4, NULL, NULL),
(7498, 74, 70, 5, NULL, NULL),
(7499, 74, 71, 6, NULL, NULL),
(7500, 74, 72, 5, NULL, NULL),
(7501, 74, 73, 5, NULL, NULL),
(7502, 74, 74, 5, NULL, NULL),
(7503, 74, 75, 3, NULL, NULL),
(7504, 74, 76, 5, NULL, NULL),
(7505, 74, 77, 5, NULL, NULL),
(7506, 74, 78, 5, NULL, NULL),
(7507, 74, 79, 4, NULL, NULL),
(7508, 74, 80, 5, NULL, NULL),
(7509, 74, 81, 5, NULL, NULL),
(7510, 74, 82, 4, NULL, NULL),
(7511, 74, 83, 4, NULL, NULL),
(7512, 74, 84, 5, NULL, NULL),
(7513, 74, 85, 3, NULL, NULL),
(7514, 74, 86, 5, NULL, NULL),
(7515, 74, 87, 5, NULL, NULL),
(7516, 74, 88, 6, NULL, NULL),
(7517, 74, 89, 5, NULL, NULL),
(7518, 74, 90, 5, NULL, NULL),
(7519, 74, 91, 5, NULL, NULL),
(7520, 74, 94, 4, NULL, NULL),
(7521, 74, 96, 5, NULL, NULL),
(7522, 74, 97, 5, NULL, NULL),
(7523, 74, 98, 3, NULL, NULL),
(7524, 74, 99, 6, NULL, NULL),
(7525, 74, 100, 5, NULL, NULL),
(7526, 74, 101, 5, NULL, NULL),
(7527, 74, 102, 5, NULL, NULL),
(7528, 74, 103, 5, NULL, NULL),
(7529, 74, 104, 5, NULL, NULL),
(7530, 74, 105, 4, NULL, NULL),
(7531, 74, 106, 5, NULL, NULL),
(7532, 74, 107, 2, NULL, NULL),
(7533, 74, 108, 4, NULL, NULL),
(7534, 74, 109, 5, NULL, NULL),
(7535, 74, 110, 4, NULL, NULL),
(7536, 74, 111, 5, NULL, NULL),
(7537, 74, 112, 4, NULL, NULL),
(7538, 75, 2, 2, NULL, NULL),
(7539, 75, 3, 6, NULL, NULL),
(7540, 75, 4, 6, NULL, NULL),
(7541, 75, 5, 5, NULL, NULL),
(7542, 75, 6, 6, NULL, NULL),
(7543, 75, 7, 6, NULL, NULL),
(7544, 75, 8, 1, NULL, NULL),
(7545, 75, 9, 4, NULL, NULL),
(7546, 75, 10, 4, NULL, NULL),
(7547, 75, 11, 5, NULL, NULL),
(7548, 75, 12, 5, NULL, NULL),
(7549, 75, 13, 6, NULL, NULL),
(7550, 75, 14, 1, NULL, NULL),
(7551, 75, 15, 5, NULL, NULL),
(7552, 75, 16, 6, NULL, NULL),
(7553, 75, 17, 6, NULL, NULL),
(7554, 75, 18, 5, NULL, NULL),
(7555, 75, 19, 6, NULL, NULL),
(7556, 75, 20, 4, NULL, NULL),
(7557, 75, 21, 5, NULL, NULL),
(7558, 75, 22, 4, NULL, NULL),
(7559, 75, 23, 5, NULL, NULL),
(7560, 75, 24, 2, NULL, NULL),
(7561, 75, 25, 6, NULL, NULL),
(7562, 75, 26, 3, NULL, NULL),
(7563, 75, 27, 6, NULL, NULL),
(7564, 75, 28, 5, NULL, NULL),
(7565, 75, 29, 6, NULL, NULL),
(7566, 75, 30, 5, NULL, NULL),
(7567, 75, 31, 3, NULL, NULL),
(7568, 75, 32, 2, NULL, NULL),
(7569, 75, 33, 5, NULL, NULL),
(7570, 75, 34, 5, NULL, NULL),
(7571, 75, 35, 5, NULL, NULL),
(7572, 75, 36, 5, NULL, NULL),
(7573, 75, 37, 5, NULL, NULL),
(7574, 75, 38, 5, NULL, NULL),
(7575, 75, 39, 1, NULL, NULL),
(7576, 75, 40, 4, NULL, NULL),
(7577, 75, 41, 5, NULL, NULL),
(7578, 75, 42, 4, NULL, NULL),
(7579, 75, 43, 2, NULL, NULL),
(7580, 75, 44, 5, NULL, NULL),
(7581, 75, 45, 6, NULL, NULL),
(7582, 75, 46, 3, NULL, NULL),
(7583, 75, 47, 6, NULL, NULL),
(7584, 75, 48, 4, NULL, NULL),
(7585, 75, 49, 6, NULL, NULL),
(7586, 75, 50, 5, NULL, NULL),
(7587, 75, 51, 5, NULL, NULL),
(7588, 75, 52, 2, NULL, NULL),
(7589, 75, 53, 5, NULL, NULL),
(7590, 75, 54, 6, NULL, NULL),
(7591, 75, 55, 6, NULL, NULL),
(7592, 75, 56, 6, NULL, NULL),
(7593, 75, 57, 6, NULL, NULL),
(7594, 75, 58, 6, NULL, NULL),
(7595, 75, 59, 1, NULL, NULL),
(7596, 75, 60, 5, NULL, NULL),
(7597, 75, 61, 6, NULL, NULL),
(7598, 75, 62, 4, NULL, NULL),
(7599, 75, 63, 6, NULL, NULL),
(7600, 75, 64, 6, NULL, NULL),
(7601, 75, 65, 6, NULL, NULL),
(7602, 75, 66, 3, NULL, NULL),
(7603, 75, 67, 6, NULL, NULL),
(7604, 75, 68, 5, NULL, NULL),
(7605, 75, 69, 5, NULL, NULL),
(7606, 75, 70, 6, NULL, NULL),
(7607, 75, 71, 6, NULL, NULL),
(7608, 75, 72, 6, NULL, NULL),
(7609, 75, 73, 6, NULL, NULL),
(7610, 75, 74, 6, NULL, NULL),
(7611, 75, 75, 1, NULL, NULL),
(7612, 75, 76, 6, NULL, NULL),
(7613, 75, 77, 6, NULL, NULL),
(7614, 75, 78, 6, NULL, NULL),
(7615, 75, 79, 6, NULL, NULL),
(7616, 75, 80, 6, NULL, NULL),
(7617, 75, 81, 6, NULL, NULL),
(7618, 75, 82, 6, NULL, NULL),
(7619, 75, 83, 6, NULL, NULL),
(7620, 75, 84, 6, NULL, NULL),
(7621, 75, 85, 1, NULL, NULL),
(7622, 75, 86, 6, NULL, NULL),
(7623, 75, 87, 5, NULL, NULL),
(7624, 75, 88, 3, NULL, NULL),
(7625, 75, 89, 6, NULL, NULL),
(7626, 75, 90, 6, NULL, NULL),
(7627, 75, 91, 6, NULL, NULL),
(7628, 75, 94, 6, NULL, NULL),
(7629, 75, 96, 6, NULL, NULL),
(7630, 75, 97, 5, NULL, NULL),
(7631, 75, 98, 2, NULL, NULL),
(7632, 75, 99, 6, NULL, NULL),
(7633, 75, 100, 6, NULL, NULL),
(7634, 75, 101, 6, NULL, NULL),
(7635, 75, 102, 6, NULL, NULL),
(7636, 75, 103, 6, NULL, NULL),
(7637, 75, 104, 5, NULL, NULL),
(7638, 75, 105, 6, NULL, NULL),
(7639, 75, 106, 6, NULL, NULL),
(7640, 75, 107, 3, NULL, NULL),
(7641, 75, 108, 5, NULL, NULL),
(7642, 75, 109, 6, NULL, NULL),
(7643, 75, 110, 3, NULL, NULL),
(7644, 75, 111, 4, NULL, NULL),
(7645, 75, 112, 4, NULL, NULL),
(7646, 76, 2, 2, NULL, NULL),
(7647, 76, 3, 4, NULL, NULL),
(7648, 76, 4, 4, NULL, NULL),
(7649, 76, 5, 5, NULL, NULL),
(7650, 76, 6, 5, NULL, NULL),
(7651, 76, 7, 5, NULL, NULL),
(7652, 76, 8, 2, NULL, NULL),
(7653, 76, 9, 3, NULL, NULL),
(7654, 76, 10, 3, NULL, NULL),
(7655, 76, 11, 4, NULL, NULL),
(7656, 76, 12, 4, NULL, NULL),
(7657, 76, 13, 5, NULL, NULL),
(7658, 76, 14, 3, NULL, NULL),
(7659, 76, 15, 3, NULL, NULL),
(7660, 76, 16, 4, NULL, NULL),
(7661, 76, 17, 4, NULL, NULL),
(7662, 76, 18, 5, NULL, NULL),
(7663, 76, 19, 5, NULL, NULL),
(7664, 76, 20, 4, NULL, NULL),
(7665, 76, 21, 4, NULL, NULL),
(7666, 76, 22, 4, NULL, NULL),
(7667, 76, 23, 4, NULL, NULL),
(7668, 76, 24, 3, NULL, NULL),
(7669, 76, 25, 4, NULL, NULL),
(7670, 76, 26, 3, NULL, NULL),
(7671, 76, 27, 5, NULL, NULL),
(7672, 76, 28, 4, NULL, NULL),
(7673, 76, 29, 4, NULL, NULL),
(7674, 76, 30, 5, NULL, NULL),
(7675, 76, 31, 3, NULL, NULL),
(7676, 76, 32, 4, NULL, NULL),
(7677, 76, 33, 3, NULL, NULL),
(7678, 76, 34, 4, NULL, NULL),
(7679, 76, 35, 4, NULL, NULL),
(7680, 76, 36, 3, NULL, NULL),
(7681, 76, 37, 3, NULL, NULL),
(7682, 76, 38, 3, NULL, NULL),
(7683, 76, 39, 3, NULL, NULL),
(7684, 76, 40, 4, NULL, NULL),
(7685, 76, 41, 3, NULL, NULL),
(7686, 76, 42, 3, NULL, NULL),
(7687, 76, 43, 2, NULL, NULL),
(7688, 76, 44, 3, NULL, NULL),
(7689, 76, 45, 3, NULL, NULL),
(7690, 76, 46, 4, NULL, NULL),
(7691, 76, 47, 3, NULL, NULL),
(7692, 76, 48, 3, NULL, NULL),
(7693, 76, 49, 4, NULL, NULL),
(7694, 76, 50, 4, NULL, NULL),
(7695, 76, 51, 3, NULL, NULL),
(7696, 76, 52, 3, NULL, NULL),
(7697, 76, 53, 3, NULL, NULL),
(7698, 76, 54, 4, NULL, NULL),
(7699, 76, 55, 4, NULL, NULL),
(7700, 76, 56, 4, NULL, NULL),
(7701, 76, 57, 5, NULL, NULL),
(7702, 76, 58, 4, NULL, NULL),
(7703, 76, 59, 3, NULL, NULL),
(7704, 76, 60, 4, NULL, NULL),
(7705, 76, 61, 4, NULL, NULL),
(7706, 76, 62, 5, NULL, NULL),
(7707, 76, 63, 5, NULL, NULL),
(7708, 76, 64, 4, NULL, NULL),
(7709, 76, 65, 5, NULL, NULL),
(7710, 76, 66, 3, NULL, NULL),
(7711, 76, 67, 3, NULL, NULL),
(7712, 76, 68, 4, NULL, NULL),
(7713, 76, 69, 4, NULL, NULL),
(7714, 76, 70, 4, NULL, NULL),
(7715, 76, 71, 5, NULL, NULL),
(7716, 76, 72, 5, NULL, NULL),
(7717, 76, 73, 5, NULL, NULL),
(7718, 76, 74, 4, NULL, NULL),
(7719, 76, 75, 3, NULL, NULL),
(7720, 76, 76, 5, NULL, NULL),
(7721, 76, 77, 5, NULL, NULL),
(7722, 76, 78, 4, NULL, NULL),
(7723, 76, 79, 5, NULL, NULL),
(7724, 76, 80, 4, NULL, NULL),
(7725, 76, 81, 5, NULL, NULL),
(7726, 76, 82, 4, NULL, NULL),
(7727, 76, 83, 4, NULL, NULL),
(7728, 76, 84, 4, NULL, NULL),
(7729, 76, 85, 3, NULL, NULL),
(7730, 76, 86, 5, NULL, NULL),
(7731, 76, 87, 4, NULL, NULL),
(7732, 76, 88, 4, NULL, NULL),
(7733, 76, 89, 4, NULL, NULL),
(7734, 76, 90, 5, NULL, NULL),
(7735, 76, 91, 4, NULL, NULL),
(7736, 76, 94, 4, NULL, NULL),
(7737, 76, 96, 5, NULL, NULL),
(7738, 76, 97, 4, NULL, NULL),
(7739, 76, 98, 3, NULL, NULL),
(7740, 76, 99, 4, NULL, NULL),
(7741, 76, 100, 4, NULL, NULL),
(7742, 76, 101, 4, NULL, NULL),
(7743, 76, 102, 4, NULL, NULL),
(7744, 76, 103, 4, NULL, NULL),
(7745, 76, 104, 3, NULL, NULL),
(7746, 76, 105, 4, NULL, NULL),
(7747, 76, 106, 5, NULL, NULL),
(7748, 76, 107, 3, NULL, NULL),
(7749, 76, 108, 4, NULL, NULL),
(7750, 76, 109, 4, NULL, NULL),
(7751, 76, 110, 3, NULL, NULL),
(7752, 76, 111, 4, NULL, NULL),
(7753, 76, 112, 3, NULL, NULL),
(7754, 76, 2, 2, NULL, NULL),
(7755, 76, 3, 4, NULL, NULL),
(7756, 76, 4, 4, NULL, NULL),
(7757, 76, 5, 5, NULL, NULL),
(7758, 76, 6, 5, NULL, NULL),
(7759, 76, 7, 5, NULL, NULL),
(7760, 76, 8, 2, NULL, NULL),
(7761, 76, 9, 3, NULL, NULL),
(7762, 76, 10, 3, NULL, NULL),
(7763, 76, 11, 4, NULL, NULL),
(7764, 76, 12, 4, NULL, NULL),
(7765, 76, 13, 5, NULL, NULL),
(7766, 76, 14, 3, NULL, NULL),
(7767, 76, 15, 3, NULL, NULL),
(7768, 76, 16, 4, NULL, NULL),
(7769, 76, 17, 4, NULL, NULL),
(7770, 76, 18, 5, NULL, NULL),
(7771, 76, 19, 5, NULL, NULL),
(7772, 76, 20, 4, NULL, NULL),
(7773, 76, 21, 4, NULL, NULL),
(7774, 76, 22, 4, NULL, NULL),
(7775, 76, 23, 4, NULL, NULL),
(7776, 76, 24, 3, NULL, NULL),
(7777, 76, 25, 4, NULL, NULL),
(7778, 76, 26, 3, NULL, NULL),
(7779, 76, 27, 5, NULL, NULL),
(7780, 76, 28, 4, NULL, NULL),
(7781, 76, 29, 4, NULL, NULL),
(7782, 76, 30, 5, NULL, NULL),
(7783, 76, 31, 3, NULL, NULL),
(7784, 76, 32, 4, NULL, NULL),
(7785, 76, 33, 3, NULL, NULL),
(7786, 76, 34, 4, NULL, NULL),
(7787, 76, 35, 4, NULL, NULL),
(7788, 76, 36, 3, NULL, NULL),
(7789, 76, 37, 3, NULL, NULL),
(7790, 76, 38, 3, NULL, NULL),
(7791, 76, 39, 3, NULL, NULL),
(7792, 76, 40, 4, NULL, NULL),
(7793, 76, 41, 3, NULL, NULL),
(7794, 76, 42, 3, NULL, NULL),
(7795, 76, 43, 2, NULL, NULL),
(7796, 76, 44, 3, NULL, NULL),
(7797, 76, 45, 3, NULL, NULL),
(7798, 76, 46, 4, NULL, NULL),
(7799, 76, 47, 3, NULL, NULL),
(7800, 76, 48, 3, NULL, NULL),
(7801, 76, 49, 4, NULL, NULL),
(7802, 76, 50, 4, NULL, NULL),
(7803, 76, 51, 3, NULL, NULL),
(7804, 76, 52, 3, NULL, NULL),
(7805, 76, 53, 3, NULL, NULL),
(7806, 76, 54, 4, NULL, NULL),
(7807, 76, 55, 4, NULL, NULL),
(7808, 76, 56, 4, NULL, NULL),
(7809, 76, 57, 5, NULL, NULL),
(7810, 76, 58, 4, NULL, NULL),
(7811, 76, 59, 3, NULL, NULL),
(7812, 76, 60, 4, NULL, NULL),
(7813, 76, 61, 4, NULL, NULL),
(7814, 76, 62, 5, NULL, NULL),
(7815, 76, 63, 5, NULL, NULL),
(7816, 76, 64, 4, NULL, NULL),
(7817, 76, 65, 5, NULL, NULL),
(7818, 76, 66, 3, NULL, NULL),
(7819, 76, 67, 3, NULL, NULL),
(7820, 76, 68, 4, NULL, NULL),
(7821, 76, 69, 4, NULL, NULL),
(7822, 76, 70, 4, NULL, NULL),
(7823, 76, 71, 5, NULL, NULL),
(7824, 76, 72, 5, NULL, NULL),
(7825, 76, 73, 5, NULL, NULL),
(7826, 76, 74, 4, NULL, NULL),
(7827, 76, 75, 3, NULL, NULL),
(7828, 76, 76, 5, NULL, NULL),
(7829, 76, 77, 5, NULL, NULL),
(7830, 76, 78, 4, NULL, NULL),
(7831, 76, 79, 5, NULL, NULL),
(7832, 76, 80, 4, NULL, NULL),
(7833, 76, 81, 5, NULL, NULL),
(7834, 76, 82, 4, NULL, NULL),
(7835, 76, 83, 4, NULL, NULL),
(7836, 76, 84, 4, NULL, NULL),
(7837, 76, 85, 3, NULL, NULL),
(7838, 76, 86, 5, NULL, NULL),
(7839, 76, 87, 4, NULL, NULL),
(7840, 76, 88, 4, NULL, NULL),
(7841, 76, 89, 4, NULL, NULL),
(7842, 76, 90, 5, NULL, NULL),
(7843, 76, 91, 4, NULL, NULL),
(7844, 76, 94, 4, NULL, NULL),
(7845, 76, 96, 5, NULL, NULL),
(7846, 76, 97, 4, NULL, NULL),
(7847, 76, 98, 3, NULL, NULL),
(7848, 76, 99, 4, NULL, NULL),
(7849, 76, 100, 4, NULL, NULL),
(7850, 76, 101, 4, NULL, NULL),
(7851, 76, 102, 4, NULL, NULL),
(7852, 76, 103, 4, NULL, NULL),
(7853, 76, 104, 3, NULL, NULL),
(7854, 76, 105, 4, NULL, NULL),
(7855, 76, 106, 5, NULL, NULL),
(7856, 76, 107, 3, NULL, NULL),
(7857, 76, 108, 4, NULL, NULL),
(7858, 76, 109, 4, NULL, NULL),
(7859, 76, 110, 3, NULL, NULL),
(7860, 76, 111, 4, NULL, NULL),
(7861, 76, 112, 3, NULL, NULL),
(7862, 78, 2, 2, NULL, NULL),
(7863, 78, 3, 5, NULL, NULL),
(7864, 78, 4, 5, NULL, NULL),
(7865, 78, 5, 3, NULL, NULL),
(7866, 78, 6, 4, NULL, NULL),
(7867, 78, 7, 5, NULL, NULL),
(7868, 78, 8, 3, NULL, NULL),
(7869, 78, 9, 4, NULL, NULL),
(7870, 78, 10, 3, NULL, NULL),
(7871, 78, 11, 4, NULL, NULL),
(7872, 78, 12, 4, NULL, NULL),
(7873, 78, 13, 5, NULL, NULL),
(7874, 78, 14, 2, NULL, NULL),
(7875, 78, 15, 2, NULL, NULL),
(7876, 78, 16, 3, NULL, NULL),
(7877, 78, 17, 2, NULL, NULL),
(7878, 78, 18, 3, NULL, NULL),
(7879, 78, 19, 5, NULL, NULL),
(7880, 78, 20, 4, NULL, NULL),
(7881, 78, 21, 5, NULL, NULL),
(7882, 78, 22, 4, NULL, NULL),
(7883, 78, 23, 5, NULL, NULL),
(7884, 78, 24, 2, NULL, NULL),
(7885, 78, 25, 4, NULL, NULL),
(7886, 78, 26, 2, NULL, NULL),
(7887, 78, 27, 4, NULL, NULL),
(7888, 78, 28, 5, NULL, NULL),
(7889, 78, 29, 4, NULL, NULL),
(7890, 78, 30, 4, NULL, NULL),
(7891, 78, 31, 2, NULL, NULL),
(7892, 78, 32, 5, NULL, NULL),
(7893, 78, 33, 5, NULL, NULL),
(7894, 78, 34, 4, NULL, NULL),
(7895, 78, 35, 5, NULL, NULL),
(7896, 78, 36, 5, NULL, NULL),
(7897, 78, 37, 5, NULL, NULL),
(7898, 78, 38, 5, NULL, NULL),
(7899, 78, 39, 2, NULL, NULL),
(7900, 78, 40, 5, NULL, NULL),
(7901, 78, 41, 5, NULL, NULL),
(7902, 78, 42, 4, NULL, NULL),
(7903, 78, 43, 4, NULL, NULL),
(7904, 78, 44, 4, NULL, NULL),
(7905, 78, 45, 6, NULL, NULL),
(7906, 78, 46, 2, NULL, NULL),
(7907, 78, 47, 4, NULL, NULL),
(7908, 78, 48, 4, NULL, NULL),
(7909, 78, 49, 2, NULL, NULL),
(7910, 78, 50, 4, NULL, NULL),
(7911, 78, 51, 5, NULL, NULL),
(7912, 78, 52, 3, NULL, NULL),
(7913, 78, 53, 4, NULL, NULL),
(7914, 78, 54, 6, NULL, NULL),
(7915, 78, 55, 6, NULL, NULL),
(7916, 78, 56, 5, NULL, NULL),
(7917, 78, 57, 3, NULL, NULL),
(7918, 78, 58, 5, NULL, NULL),
(7919, 78, 59, 2, NULL, NULL),
(7920, 78, 60, 3, NULL, NULL),
(7921, 78, 61, 5, NULL, NULL),
(7922, 78, 62, 3, NULL, NULL),
(7923, 78, 63, 5, NULL, NULL),
(7924, 78, 64, 5, NULL, NULL),
(7925, 78, 65, 4, NULL, NULL),
(7926, 78, 66, 2, NULL, NULL),
(7927, 78, 67, 4, NULL, NULL),
(7928, 78, 68, 4, NULL, NULL),
(7929, 78, 69, 5, NULL, NULL),
(7930, 78, 70, 4, NULL, NULL),
(7931, 78, 71, 3, NULL, NULL),
(7932, 78, 72, 4, NULL, NULL),
(7933, 78, 73, 4, NULL, NULL),
(7934, 78, 74, 4, NULL, NULL),
(7935, 78, 75, 2, NULL, NULL),
(7936, 78, 76, 5, NULL, NULL),
(7937, 78, 77, 4, NULL, NULL),
(7938, 78, 78, 4, NULL, NULL),
(7939, 78, 79, 5, NULL, NULL),
(7940, 78, 80, 3, NULL, NULL),
(7941, 78, 81, 3, NULL, NULL),
(7942, 78, 82, 2, NULL, NULL),
(7943, 78, 83, 4, NULL, NULL),
(7944, 78, 84, 2, NULL, NULL),
(7945, 78, 85, 3, NULL, NULL),
(7946, 78, 86, 4, NULL, NULL),
(7947, 78, 87, 4, NULL, NULL),
(7948, 78, 88, 3, NULL, NULL),
(7949, 78, 89, 3, NULL, NULL),
(7950, 78, 90, 3, NULL, NULL),
(7951, 78, 91, 4, NULL, NULL),
(7952, 78, 94, 5, NULL, NULL),
(7953, 78, 96, 4, NULL, NULL),
(7954, 78, 97, 3, NULL, NULL),
(7955, 78, 98, 3, NULL, NULL),
(7956, 78, 99, 4, NULL, NULL),
(7957, 78, 100, 4, NULL, NULL),
(7958, 78, 101, 4, NULL, NULL),
(7959, 78, 102, 4, NULL, NULL),
(7960, 78, 103, 3, NULL, NULL),
(7961, 78, 104, 4, NULL, NULL),
(7962, 78, 105, 5, NULL, NULL),
(7963, 78, 106, 4, NULL, NULL),
(7964, 78, 107, 2, NULL, NULL),
(7965, 78, 108, 3, NULL, NULL),
(7966, 78, 109, 4, NULL, NULL),
(7967, 78, 110, 4, NULL, NULL),
(7968, 78, 111, 4, NULL, NULL),
(7969, 78, 112, 3, NULL, NULL),
(7970, 79, 2, 2, NULL, NULL),
(7971, 79, 3, 4, NULL, NULL),
(7972, 79, 4, 5, NULL, NULL),
(7973, 79, 5, 4, NULL, NULL),
(7974, 79, 6, 4, NULL, NULL),
(7975, 79, 7, 4, NULL, NULL),
(7976, 79, 8, 3, NULL, NULL),
(7977, 79, 9, 3, NULL, NULL),
(7978, 79, 10, 3, NULL, NULL),
(7979, 79, 11, 3, NULL, NULL),
(7980, 79, 12, 5, NULL, NULL),
(7981, 79, 13, 4, NULL, NULL),
(7982, 79, 14, 3, NULL, NULL),
(7983, 79, 15, 2, NULL, NULL),
(7984, 79, 16, 5, NULL, NULL),
(7985, 79, 17, 4, NULL, NULL),
(7986, 79, 18, 4, NULL, NULL),
(7987, 79, 19, 4, NULL, NULL),
(7988, 79, 20, 3, NULL, NULL),
(7989, 79, 21, 4, NULL, NULL),
(7990, 79, 22, 4, NULL, NULL),
(7991, 79, 23, 4, NULL, NULL),
(7992, 79, 24, 3, NULL, NULL),
(7993, 79, 25, 4, NULL, NULL),
(7994, 79, 26, 2, NULL, NULL),
(7995, 79, 27, 4, NULL, NULL),
(7996, 79, 28, 4, NULL, NULL),
(7997, 79, 29, 5, NULL, NULL),
(7998, 79, 30, 4, NULL, NULL),
(7999, 79, 31, 3, NULL, NULL),
(8000, 79, 32, 4, NULL, NULL),
(8001, 79, 33, 4, NULL, NULL),
(8002, 79, 34, 4, NULL, NULL),
(8003, 79, 35, 3, NULL, NULL),
(8004, 79, 36, 3, NULL, NULL),
(8005, 79, 37, 5, NULL, NULL),
(8006, 79, 38, 5, NULL, NULL),
(8007, 79, 39, 2, NULL, NULL),
(8008, 79, 40, 3, NULL, NULL),
(8009, 79, 41, 4, NULL, NULL),
(8010, 79, 42, 3, NULL, NULL),
(8011, 79, 43, 3, NULL, NULL),
(8012, 79, 44, 4, NULL, NULL),
(8013, 79, 45, 4, NULL, NULL),
(8014, 79, 46, 4, NULL, NULL),
(8015, 79, 47, 3, NULL, NULL),
(8016, 79, 48, 3, NULL, NULL),
(8017, 79, 49, 4, NULL, NULL),
(8018, 79, 50, 3, NULL, NULL),
(8019, 79, 51, 3, NULL, NULL),
(8020, 79, 52, 3, NULL, NULL),
(8021, 79, 53, 4, NULL, NULL),
(8022, 79, 54, 4, NULL, NULL),
(8023, 79, 55, 4, NULL, NULL),
(8024, 79, 56, 4, NULL, NULL),
(8025, 79, 57, 4, NULL, NULL),
(8026, 79, 58, 4, NULL, NULL),
(8027, 79, 59, 2, NULL, NULL),
(8028, 79, 60, 4, NULL, NULL),
(8029, 79, 61, 4, NULL, NULL),
(8030, 79, 62, 4, NULL, NULL),
(8031, 79, 63, 4, NULL, NULL),
(8032, 79, 64, 4, NULL, NULL),
(8033, 79, 65, 4, NULL, NULL),
(8034, 79, 66, 3, NULL, NULL),
(8035, 79, 67, 4, NULL, NULL),
(8036, 79, 68, 4, NULL, NULL),
(8037, 79, 69, 4, NULL, NULL),
(8038, 79, 70, 4, NULL, NULL),
(8039, 79, 71, 5, NULL, NULL),
(8040, 79, 72, 4, NULL, NULL),
(8041, 79, 73, 4, NULL, NULL),
(8042, 79, 74, 4, NULL, NULL),
(8043, 79, 75, 3, NULL, NULL),
(8044, 79, 76, 3, NULL, NULL),
(8045, 79, 77, 4, NULL, NULL),
(8046, 79, 78, 4, NULL, NULL),
(8047, 79, 79, 4, NULL, NULL),
(8048, 79, 80, 4, NULL, NULL),
(8049, 79, 81, 4, NULL, NULL),
(8050, 79, 82, 4, NULL, NULL),
(8051, 79, 83, 3, NULL, NULL),
(8052, 79, 84, 4, NULL, NULL),
(8053, 79, 85, 3, NULL, NULL),
(8054, 79, 86, 4, NULL, NULL),
(8055, 79, 87, 4, NULL, NULL),
(8056, 79, 88, 5, NULL, NULL),
(8057, 79, 89, 4, NULL, NULL),
(8058, 79, 90, 4, NULL, NULL),
(8059, 79, 91, 4, NULL, NULL),
(8060, 79, 94, 4, NULL, NULL),
(8061, 79, 96, 4, NULL, NULL),
(8062, 79, 97, 4, NULL, NULL),
(8063, 79, 98, 3, NULL, NULL),
(8064, 79, 99, 4, NULL, NULL),
(8065, 79, 100, 4, NULL, NULL),
(8066, 79, 101, 3, NULL, NULL),
(8067, 79, 102, 4, NULL, NULL),
(8068, 79, 103, 4, NULL, NULL),
(8069, 79, 104, 4, NULL, NULL),
(8070, 79, 105, 4, NULL, NULL),
(8071, 79, 106, 4, NULL, NULL),
(8072, 79, 107, 3, NULL, NULL),
(8073, 79, 108, 4, NULL, NULL),
(8074, 79, 109, 4, NULL, NULL),
(8075, 79, 110, 3, NULL, NULL),
(8076, 79, 111, 4, NULL, NULL),
(8077, 79, 112, 4, NULL, NULL),
(8078, 80, 2, 2, NULL, NULL),
(8079, 80, 3, 5, NULL, NULL),
(8080, 80, 4, 5, NULL, NULL),
(8081, 80, 5, 5, NULL, NULL),
(8082, 80, 6, 6, NULL, NULL),
(8083, 80, 7, 5, NULL, NULL),
(8084, 80, 8, 2, NULL, NULL),
(8085, 80, 9, 5, NULL, NULL),
(8086, 80, 10, 4, NULL, NULL),
(8087, 80, 11, 5, NULL, NULL),
(8088, 80, 12, 4, NULL, NULL),
(8089, 80, 13, 5, NULL, NULL),
(8090, 80, 14, 3, NULL, NULL),
(8091, 80, 15, 4, NULL, NULL),
(8092, 80, 16, 4, NULL, NULL),
(8093, 80, 17, 6, NULL, NULL),
(8094, 80, 18, 5, NULL, NULL),
(8095, 80, 19, 5, NULL, NULL),
(8096, 80, 20, 4, NULL, NULL),
(8097, 80, 21, 5, NULL, NULL),
(8098, 80, 22, 6, NULL, NULL),
(8099, 80, 23, 5, NULL, NULL),
(8100, 80, 24, 3, NULL, NULL),
(8101, 80, 25, 5, NULL, NULL),
(8102, 80, 26, 2, NULL, NULL),
(8103, 80, 27, 5, NULL, NULL),
(8104, 80, 28, 4, NULL, NULL),
(8105, 80, 29, 5, NULL, NULL),
(8106, 80, 30, 5, NULL, NULL),
(8107, 80, 31, 4, NULL, NULL),
(8108, 80, 32, 4, NULL, NULL),
(8109, 80, 33, 5, NULL, NULL),
(8110, 80, 34, 5, NULL, NULL),
(8111, 80, 35, 6, NULL, NULL),
(8112, 80, 36, 4, NULL, NULL),
(8113, 80, 37, 4, NULL, NULL),
(8114, 80, 38, 4, NULL, NULL),
(8115, 80, 39, 2, NULL, NULL),
(8116, 80, 40, 4, NULL, NULL),
(8117, 80, 41, 4, NULL, NULL),
(8118, 80, 42, 4, NULL, NULL),
(8119, 80, 43, 3, NULL, NULL),
(8120, 80, 44, 4, NULL, NULL),
(8121, 80, 45, 4, NULL, NULL),
(8122, 80, 46, 4, NULL, NULL),
(8123, 80, 47, 4, NULL, NULL),
(8124, 80, 48, 5, NULL, NULL),
(8125, 80, 49, 4, NULL, NULL),
(8126, 80, 50, 5, NULL, NULL),
(8127, 80, 51, 4, NULL, NULL),
(8128, 80, 52, 3, NULL, NULL),
(8129, 80, 53, 3, NULL, NULL),
(8130, 80, 54, 4, NULL, NULL),
(8131, 80, 55, 4, NULL, NULL),
(8132, 80, 56, 4, NULL, NULL),
(8133, 80, 57, 4, NULL, NULL),
(8134, 80, 58, 4, NULL, NULL),
(8135, 80, 59, 3, NULL, NULL),
(8136, 80, 60, 3, NULL, NULL),
(8137, 80, 61, 4, NULL, NULL),
(8138, 80, 62, 5, NULL, NULL),
(8139, 80, 63, 4, NULL, NULL),
(8140, 80, 64, 4, NULL, NULL),
(8141, 80, 65, 4, NULL, NULL),
(8142, 80, 66, 2, NULL, NULL),
(8143, 80, 67, 4, NULL, NULL),
(8144, 80, 68, 5, NULL, NULL),
(8145, 80, 69, 5, NULL, NULL),
(8146, 80, 70, 4, NULL, NULL),
(8147, 80, 71, 4, NULL, NULL),
(8148, 80, 72, 4, NULL, NULL),
(8149, 80, 73, 5, NULL, NULL),
(8150, 80, 74, 4, NULL, NULL),
(8151, 80, 75, 2, NULL, NULL),
(8152, 80, 76, 5, NULL, NULL),
(8153, 80, 77, 6, NULL, NULL),
(8154, 80, 78, 4, NULL, NULL),
(8155, 80, 79, 4, NULL, NULL),
(8156, 80, 80, 5, NULL, NULL),
(8157, 80, 81, 5, NULL, NULL),
(8158, 80, 82, 5, NULL, NULL),
(8159, 80, 83, 5, NULL, NULL),
(8160, 80, 84, 5, NULL, NULL),
(8161, 80, 85, 2, NULL, NULL),
(8162, 80, 86, 5, NULL, NULL),
(8163, 80, 87, 4, NULL, NULL),
(8164, 80, 88, 3, NULL, NULL),
(8165, 80, 89, 3, NULL, NULL),
(8166, 80, 90, 4, NULL, NULL),
(8167, 80, 91, 4, NULL, NULL),
(8168, 80, 94, 4, NULL, NULL),
(8169, 80, 96, 5, NULL, NULL),
(8170, 80, 97, 2, NULL, NULL),
(8171, 80, 98, 2, NULL, NULL),
(8172, 80, 99, 4, NULL, NULL),
(8173, 80, 100, 4, NULL, NULL),
(8174, 80, 101, 4, NULL, NULL),
(8175, 80, 102, 6, NULL, NULL),
(8176, 80, 103, 5, NULL, NULL),
(8177, 80, 104, 4, NULL, NULL),
(8178, 80, 105, 5, NULL, NULL),
(8179, 80, 106, 4, NULL, NULL),
(8180, 80, 107, 3, NULL, NULL),
(8181, 80, 108, 4, NULL, NULL),
(8182, 80, 109, 4, NULL, NULL),
(8183, 80, 110, 4, NULL, NULL),
(8184, 80, 111, 3, NULL, NULL),
(8185, 80, 112, 4, NULL, NULL),
(8186, 81, 2, 5, NULL, NULL),
(8187, 81, 3, 6, NULL, NULL),
(8188, 81, 4, 5, NULL, NULL),
(8189, 81, 5, 5, NULL, NULL),
(8190, 81, 6, 5, NULL, NULL),
(8191, 81, 7, 6, NULL, NULL),
(8192, 81, 8, 2, NULL, NULL),
(8193, 81, 9, 5, NULL, NULL),
(8194, 81, 10, 5, NULL, NULL),
(8195, 81, 11, 5, NULL, NULL),
(8196, 81, 12, 6, NULL, NULL),
(8197, 81, 13, 6, NULL, NULL),
(8198, 81, 14, 1, NULL, NULL),
(8199, 81, 15, 4, NULL, NULL),
(8200, 81, 16, 6, NULL, NULL),
(8201, 81, 17, 6, NULL, NULL),
(8202, 81, 18, 6, NULL, NULL),
(8203, 81, 19, 6, NULL, NULL),
(8204, 81, 20, 6, NULL, NULL),
(8205, 81, 21, 6, NULL, NULL),
(8206, 81, 22, 6, NULL, NULL),
(8207, 81, 23, 5, NULL, NULL),
(8208, 81, 24, 2, NULL, NULL),
(8209, 81, 25, 6, NULL, NULL),
(8210, 81, 26, 1, NULL, NULL),
(8211, 81, 27, 6, NULL, NULL),
(8212, 81, 28, 5, NULL, NULL),
(8213, 81, 29, 4, NULL, NULL),
(8214, 81, 30, 6, NULL, NULL),
(8215, 81, 31, 1, NULL, NULL),
(8216, 81, 32, 4, NULL, NULL),
(8217, 81, 33, 6, NULL, NULL),
(8218, 81, 34, 6, NULL, NULL),
(8219, 81, 35, 6, NULL, NULL),
(8220, 81, 36, 6, NULL, NULL),
(8221, 81, 37, 5, NULL, NULL),
(8222, 81, 38, 5, NULL, NULL),
(8223, 81, 39, 1, NULL, NULL),
(8224, 81, 40, 4, NULL, NULL),
(8225, 81, 41, 6, NULL, NULL),
(8226, 81, 42, 5, NULL, NULL),
(8227, 81, 43, 2, NULL, NULL),
(8228, 81, 44, 6, NULL, NULL),
(8229, 81, 45, 6, NULL, NULL),
(8230, 81, 46, 4, NULL, NULL),
(8231, 81, 47, 4, NULL, NULL),
(8232, 81, 48, 4, NULL, NULL),
(8233, 81, 49, 6, NULL, NULL),
(8234, 81, 50, 6, NULL, NULL),
(8235, 81, 51, 5, NULL, NULL),
(8236, 81, 52, 2, NULL, NULL),
(8237, 81, 53, 5, NULL, NULL),
(8238, 81, 55, 6, NULL, NULL),
(8239, 81, 56, 6, NULL, NULL),
(8240, 81, 57, 6, NULL, NULL),
(8241, 81, 58, 4, NULL, NULL),
(8242, 81, 59, 2, NULL, NULL),
(8243, 81, 60, 5, NULL, NULL),
(8244, 81, 61, 6, NULL, NULL),
(8245, 81, 62, 4, NULL, NULL),
(8246, 81, 63, 6, NULL, NULL),
(8247, 81, 64, 6, NULL, NULL),
(8248, 81, 65, 6, NULL, NULL),
(8249, 81, 66, 2, NULL, NULL),
(8250, 81, 67, 5, NULL, NULL),
(8251, 81, 68, 6, NULL, NULL),
(8252, 81, 69, 4, NULL, NULL),
(8253, 81, 70, 6, NULL, NULL),
(8254, 81, 71, 6, NULL, NULL),
(8255, 81, 72, 6, NULL, NULL),
(8256, 81, 73, 5, NULL, NULL),
(8257, 81, 74, 6, NULL, NULL),
(8258, 81, 75, 2, NULL, NULL),
(8259, 81, 76, 6, NULL, NULL),
(8260, 81, 77, 6, NULL, NULL),
(8261, 81, 78, 6, NULL, NULL),
(8262, 81, 79, 6, NULL, NULL),
(8263, 81, 80, 6, NULL, NULL),
(8264, 81, 81, 6, NULL, NULL),
(8265, 81, 82, 5, NULL, NULL),
(8266, 81, 83, 6, NULL, NULL),
(8267, 81, 84, 5, NULL, NULL),
(8268, 81, 85, 1, NULL, NULL),
(8269, 81, 86, 6, NULL, NULL),
(8270, 81, 87, 6, NULL, NULL),
(8271, 81, 88, 2, NULL, NULL),
(8272, 81, 89, 6, NULL, NULL),
(8273, 81, 90, 6, NULL, NULL),
(8274, 81, 91, 6, NULL, NULL),
(8275, 81, 94, 6, NULL, NULL),
(8276, 81, 96, 6, NULL, NULL),
(8277, 81, 97, 6, NULL, NULL),
(8278, 81, 98, 1, NULL, NULL),
(8279, 81, 99, 6, NULL, NULL),
(8280, 81, 100, 6, NULL, NULL),
(8281, 81, 101, 6, NULL, NULL),
(8282, 81, 102, 6, NULL, NULL),
(8283, 81, 103, 5, NULL, NULL),
(8284, 81, 104, 5, NULL, NULL),
(8285, 81, 105, 4, NULL, NULL),
(8286, 81, 106, 6, NULL, NULL),
(8287, 81, 107, 1, NULL, NULL),
(8288, 81, 108, 5, NULL, NULL),
(8289, 81, 109, 6, NULL, NULL),
(8290, 81, 110, 4, NULL, NULL),
(8291, 81, 111, 5, NULL, NULL),
(8292, 81, 112, 5, NULL, NULL),
(8293, 82, 2, 5, NULL, NULL),
(8294, 82, 3, 4, NULL, NULL),
(8295, 82, 4, 4, NULL, NULL),
(8296, 82, 5, 5, NULL, NULL),
(8297, 82, 6, 4, NULL, NULL),
(8298, 82, 7, 4, NULL, NULL),
(8299, 82, 8, 3, NULL, NULL),
(8300, 82, 9, 3, NULL, NULL),
(8301, 82, 10, 4, NULL, NULL),
(8302, 82, 11, 3, NULL, NULL),
(8303, 82, 12, 5, NULL, NULL),
(8304, 82, 13, 5, NULL, NULL),
(8305, 82, 14, 3, NULL, NULL),
(8306, 82, 15, 4, NULL, NULL),
(8307, 82, 16, 4, NULL, NULL),
(8308, 82, 17, 3, NULL, NULL),
(8309, 82, 18, 5, NULL, NULL),
(8310, 82, 19, 5, NULL, NULL),
(8311, 82, 20, 3, NULL, NULL),
(8312, 82, 21, 4, NULL, NULL),
(8313, 82, 22, 4, NULL, NULL),
(8314, 82, 23, 3, NULL, NULL),
(8315, 82, 24, 3, NULL, NULL),
(8316, 82, 25, 4, NULL, NULL),
(8317, 82, 26, 1, NULL, NULL),
(8318, 82, 27, 4, NULL, NULL),
(8319, 82, 28, 3, NULL, NULL),
(8320, 82, 29, 5, NULL, NULL),
(8321, 82, 30, 5, NULL, NULL),
(8322, 82, 31, 2, NULL, NULL),
(8323, 82, 32, 5, NULL, NULL),
(8324, 82, 33, 4, NULL, NULL),
(8325, 82, 34, 4, NULL, NULL),
(8326, 82, 35, 4, NULL, NULL),
(8327, 82, 36, 4, NULL, NULL),
(8328, 82, 37, 3, NULL, NULL),
(8329, 82, 38, 3, NULL, NULL),
(8330, 82, 39, 2, NULL, NULL),
(8331, 82, 40, 2, NULL, NULL),
(8332, 82, 41, 1, NULL, NULL),
(8333, 82, 42, 2, NULL, NULL),
(8334, 82, 43, 2, NULL, NULL),
(8335, 82, 44, 5, NULL, NULL),
(8336, 82, 45, 3, NULL, NULL),
(8337, 82, 46, 1, NULL, NULL),
(8338, 82, 47, 4, NULL, NULL),
(8339, 82, 48, 1, NULL, NULL),
(8340, 82, 49, 4, NULL, NULL),
(8341, 82, 50, 2, NULL, NULL),
(8342, 82, 51, 1, NULL, NULL),
(8343, 82, 52, 3, NULL, NULL),
(8344, 82, 53, 4, NULL, NULL),
(8345, 82, 54, 3, NULL, NULL),
(8346, 82, 55, 4, NULL, NULL),
(8347, 82, 56, 4, NULL, NULL),
(8348, 82, 57, 4, NULL, NULL),
(8349, 82, 58, 3, NULL, NULL),
(8350, 82, 59, 3, NULL, NULL),
(8351, 82, 60, 1, NULL, NULL),
(8352, 82, 61, 3, NULL, NULL),
(8353, 82, 62, 4, NULL, NULL),
(8354, 82, 63, 6, NULL, NULL),
(8355, 82, 64, 5, NULL, NULL),
(8356, 82, 65, 4, NULL, NULL),
(8357, 82, 66, 2, NULL, NULL),
(8358, 82, 67, 3, NULL, NULL),
(8359, 82, 68, 5, NULL, NULL),
(8360, 82, 69, 4, NULL, NULL),
(8361, 82, 70, 5, NULL, NULL),
(8362, 82, 71, 4, NULL, NULL),
(8363, 82, 72, 6, NULL, NULL),
(8364, 82, 73, 4, NULL, NULL),
(8365, 82, 74, 4, NULL, NULL),
(8366, 82, 75, 2, NULL, NULL),
(8367, 82, 76, 4, NULL, NULL),
(8368, 82, 77, 4, NULL, NULL),
(8369, 82, 78, 4, NULL, NULL),
(8370, 82, 79, 5, NULL, NULL),
(8371, 82, 80, 5, NULL, NULL),
(8372, 82, 81, 5, NULL, NULL),
(8373, 82, 82, 5, NULL, NULL),
(8374, 82, 83, 4, NULL, NULL),
(8375, 82, 84, 5, NULL, NULL),
(8376, 82, 85, 2, NULL, NULL),
(8377, 82, 86, 4, NULL, NULL),
(8378, 82, 87, 4, NULL, NULL),
(8379, 82, 88, 2, NULL, NULL),
(8380, 82, 89, 4, NULL, NULL),
(8381, 82, 90, 4, NULL, NULL),
(8382, 82, 91, 4, NULL, NULL),
(8383, 82, 94, 4, NULL, NULL),
(8384, 82, 96, 5, NULL, NULL),
(8385, 82, 97, 5, NULL, NULL),
(8386, 82, 98, 3, NULL, NULL),
(8387, 82, 99, 4, NULL, NULL),
(8388, 82, 100, 4, NULL, NULL),
(8389, 82, 101, 5, NULL, NULL),
(8390, 82, 102, 4, NULL, NULL),
(8391, 82, 103, 4, NULL, NULL),
(8392, 82, 104, 3, NULL, NULL),
(8393, 82, 105, 4, NULL, NULL),
(8394, 82, 106, 4, NULL, NULL),
(8395, 82, 107, 2, NULL, NULL),
(8396, 82, 108, 3, NULL, NULL),
(8397, 82, 109, 2, NULL, NULL),
(8398, 82, 110, 1, NULL, NULL),
(8399, 82, 111, 4, NULL, NULL),
(8400, 82, 112, 3, NULL, NULL),
(8401, 83, 2, 6, NULL, NULL),
(8402, 83, 3, 6, NULL, NULL),
(8403, 83, 4, 6, NULL, NULL),
(8404, 83, 5, 6, NULL, NULL),
(8405, 83, 6, 6, NULL, NULL),
(8406, 84, 2, 6, NULL, NULL),
(8407, 84, 3, 6, NULL, NULL),
(8408, 84, 4, 6, NULL, NULL),
(8409, 84, 5, 5, NULL, NULL),
(8410, 85, 2, 6, NULL, NULL),
(8411, 85, 3, 6, NULL, NULL),
(8412, 86, 11, 8, NULL, NULL),
(8413, 86, 12, 7, NULL, NULL),
(8414, 86, 20, 7, NULL, NULL),
(8415, 86, 38, 8, NULL, NULL),
(8416, 86, 56, 7, NULL, NULL),
(8417, 86, 74, 8, NULL, NULL),
(8418, 86, 97, 8, NULL, NULL),
(8419, 87, 2, 8, NULL, NULL),
(8420, 87, 3, 7, NULL, NULL),
(8421, 87, 4, 6, NULL, NULL),
(8422, 87, 5, 5, NULL, NULL),
(8423, 87, 6, 4, NULL, NULL),
(8424, 87, 7, 3, NULL, NULL),
(8425, 87, 8, 1, NULL, NULL),
(8426, 88, 2, 6, NULL, NULL),
(8427, 88, 3, 8, NULL, NULL),
(8428, 88, 20, 7, NULL, NULL),
(8429, 88, 21, 3, NULL, NULL),
(8430, 88, 24, 1, NULL, NULL),
(8431, 88, 38, 9, NULL, NULL),
(8432, 88, 39, 9, NULL, NULL),
(8433, 88, 43, 9, NULL, NULL),
(8434, 88, 56, 8, NULL, NULL),
(8435, 88, 57, 1, NULL, NULL),
(8436, 88, 58, 9, NULL, NULL),
(8437, 88, 74, 6, NULL, NULL),
(8438, 88, 84, 3, NULL, NULL),
(8439, 88, 99, 8, NULL, NULL),
(8440, 88, 108, 8, NULL, NULL),
(8441, 89, 2, 9, NULL, NULL),
(8442, 89, 3, 1, NULL, NULL),
(8443, 90, 8, 1, NULL, NULL),
(8444, 91, 8, 4, NULL, NULL),
(8445, 92, 2, 5, NULL, NULL),
(8446, 92, 3, 6, NULL, NULL),
(8447, 92, 4, 4, NULL, NULL),
(8448, 92, 5, 9, NULL, NULL),
(8449, 92, 6, 8, NULL, NULL),
(8450, 92, 7, 1, NULL, NULL),
(8451, 92, 8, 9, NULL, NULL);

-- --------------------------------------------------------

--
-- Table structure for table `respondent`
--

CREATE TABLE `respondent` (
  `id` int(10) UNSIGNED NOT NULL,
  `name` varchar(191) COLLATE utf8mb4_unicode_ci NOT NULL,
  `email` varchar(191) COLLATE utf8mb4_unicode_ci NOT NULL,
  `company_name` varchar(191) COLLATE utf8mb4_unicode_ci NOT NULL,
  `positions` varchar(191) COLLATE utf8mb4_unicode_ci NOT NULL,
  `created_at` timestamp NULL DEFAULT NULL,
  `updated_at` timestamp NULL DEFAULT NULL
) ENGINE=InnoDB DEFAULT CHARSET=utf8mb4 COLLATE=utf8mb4_unicode_ci;

--
-- Dumping data for table `respondent`
--

INSERT INTO `respondent` (`id`, `name`, `email`, `company_name`, `positions`, `created_at`, `updated_at`) VALUES
(8, 'Erene Chai Vi-Vien', 'erenechai@gmail.com', 'UOA DEVELOPMENT BHD', 'Sr. Officer, Human Resource', NULL, NULL),
(9, 'Joseph', 'yeejin.tai@tokiomarinelife.com.my', 'Tokio Marine Life Insurance (M) Bhd', 'HRBP', NULL, NULL),
(10, 'Joseph', 'yeejin.tai@tokiomarinelife.com.my', 'Tokio Marine Life Insurance (M) Bhd', 'HRBP', NULL, NULL),
(11, 'Chong Vun Fung', 'vunfung.chong@tokiomarinelife.com.my', 'Tokio Marine Life', 'Senior Manager', NULL, NULL),
(12, 'MG Ong', 'mgong@bizbuildupelevation.com', 'BizBuildUp Elevation', 'Director', NULL, NULL),
(13, 'Leonard', 'leonard@ideascape.com', 'Ideainstitute', 'Consultant', NULL, NULL),
(14, 'Arshwin', 'recruitermalaysia1@gmail.com', 'RAM', 'Founder', NULL, NULL),
(15, 'JOURES LIM', 'joures.lim@uoa.com.my', 'UOA Holdings', 'HR', NULL, NULL),
(16, 'Ulrika Brunner', 'ulrika_brunner@yahoo.com', 'FAA', 'Director', NULL, NULL),
(17, 'Henry', 'henry@cloudhax.com', 'Ticket2u', 'Co-Founder', NULL, NULL),
(18, 'Hisyam Omar', 'hisyam_omar@kerjayasukses.com.my', 'Kerjaya Sukses', 'Associate Director', NULL, NULL),
(19, 'Hezir', 'hezir@peoplex.com.my', 'People X Human Capital SB', 'Chief Happiness Director', NULL, NULL),
(20, 'Denise Choong', 'denise.choong@saito.edu.my', 'SAITO UNIVERSITY COLLEGE', 'Head of Programme', NULL, NULL),
(21, 'Edwin Chan', 'edwin_chan@persolkellyconsulting.com', 'PERSOLKELLY Consulting Sdn Bhd', 'Director - Strategic Client Solutions', NULL, NULL),
(22, 'Arthur', 'ay@infinitecreativ.com', 'Infinite creativ solutions Sdn bhd', 'Executive Director', NULL, NULL),
(23, 'Sau Wan', 'sauwan@peoplex.com.my', 'PeopleX Human Capital Sdn Bhd', 'Chief Human Whisperer', NULL, NULL),
(24, 'Jessynta', 'hr@malsachocolates.com', 'Azaib holdings sdn bhd', 'Hr officer', NULL, NULL),
(25, 'Kemmy', 'kemmy.tan@etikaholdings.com', 'Etika Sdn Bhd', 'Snr Manager, Talent Management', NULL, NULL),
(26, 'Liz', 'ellize.nur@gmail.com', 'Etika', 'Sr Exec', NULL, NULL),
(27, 'Laurence Yap', 'Laurence.yap@gmail.com', 'Berjaya Corporation Berhad', 'AGM of Learning and OD', NULL, NULL),
(28, 'Chin Wei Jean', 'weijean96@gmail.com', 'SEATech Ventures Corp.', 'Project Coordinator Executive', NULL, NULL),
(29, 'Prof Dr Peter Shephard', 'pscredotrust@gmail.com', 'Credo', 'Trustee', NULL, NULL),
(30, 'Cleophas John Gordon', 'cleophasgordon@gmail.com', 'UPEN Sabah', 'Assistant Director', NULL, NULL),
(31, 'Nazmi', 'nazmi@cidb.gov.my', 'CIDB MALAYSIA', 'HR MANAGER', NULL, NULL),
(32, 'Adzman Ahmad', 'adzmanahmad@gmail.com', 'CCM', 'Head of Section', NULL, NULL),
(33, 'Siti Nadzirah Zulkifli', 'sitinadzirah@agrobank.com.my', 'Agrobank', 'Learning Specialist', NULL, NULL),
(34, 'Ahmad Zaini Ab Wahab', 'zaini5491@gmail.com', 'KTM Berhad', 'Manager', NULL, NULL),
(35, 'Ahmad Abdul Razak', 'ahmadabdulrazak2012@gmail.com', 'Government', 'Supervisor', NULL, NULL),
(36, 'Nur natalia cecelia jetan', 'ceceliaj@sarawak.gov.my', 'Kementerian Kebajikan,kesejahteraan Komuniti, wanita, keluarga dan pembangunan kanak-kanak', 'Pegawai Tadbir', NULL, NULL),
(37, 'Dayang Joanita Azizah Abg Morshidi', 'joanitam@sarawak.gov.my', 'JKR Sarawak', 'Assistant  Director HR', NULL, NULL),
(38, 'Jasmi bin Hamzah', 'jasmi@ktmb.com.my', 'KTM Berhad', 'Executive', NULL, NULL),
(39, 'Ratna', 'ratna@kwb.gov.my', 'Kuching Water Board', 'Assistant Secretary', NULL, NULL),
(40, 'Marina Puteh', 'marina@cidb.gov.my', 'Cidb', 'Senior manager', NULL, NULL),
(41, 'zawiah', 'zawiah@pmint.gov.my', 'pmint', 'support services general manager', NULL, NULL),
(42, 'Syafina', 'syafinafatia@gmail.com', 'KWB', 'Administrator Officer, N41', NULL, NULL),
(43, 'MOHD NAZRI', 'naz0304@gmail.com', 'BANK RAKYAT', 'SENIOR EXECUTIVE', NULL, NULL),
(44, 'FARIDAH', 'faridah_pakir@arb.com.my', 'Amanah Raya Berhad', 'Senior Executive', NULL, NULL),
(45, 'Asyraf', 'asyraf@pkpp.gov.my', 'PKPP', 'Pegawai Tadbir', NULL, NULL),
(46, 'Abdul Wahab Ibrahim', 'ceo@mitc.org', 'Melaka International Trade Centre', 'Ceo', NULL, NULL),
(47, 'Abdul Halim Ahmad', 'abdul.halim@agrobank.com.my', 'AGROBANK', 'Unit Head HR', NULL, NULL),
(48, 'Nurasyikin', 'Nurasyikin.Moktar@sabah.gov.my', 'Jabatan Hal Ehwal Agama Islam Negeri Sabah', 'Administrative Officer', NULL, NULL),
(49, 'Afizan Salleh', 'afizan@hasil.gov.my', 'LHDNM', 'Director of Service and Reward Management', NULL, NULL),
(50, 'Naim Mustaffa', 'naim1603@gmail.com', 'Amanahraya', 'Executive', NULL, NULL),
(51, 'Monaliza', 'mona.rafflesia@gmail.com', 'Mbks', 'Pen.peg tadbir', NULL, NULL),
(52, 'Shakira Lukman', 'noorshakiralukman90@gmail.com', 'Agrobank', 'Executive', NULL, NULL),
(53, 'SITI NAIZURA BINTI MUNIR', 'sitinm@sarawak.gov.my', 'KEMENTERIAN KEBAJIKAN, KESEJAHTERAAN KOMUNITI, WANITA, KELUARGA DAN PEMBANGUNAN KANAK-KANAK', 'PENOLONG PEGAWAI TADBIR,N29', NULL, NULL),
(54, 'Hj Firdaus Abdullah', 'firdaus@ums.edu.my', 'Universiti Malaysia Sabah', 'Deputy Director (Admin)', NULL, NULL),
(55, 'Megat Juhari', 'megat.juhari@pkpp.gov.my', 'PKPP', 'Pegawai Tadbir', NULL, NULL),
(56, 'Sudin bin Jaya', 'sudinj@sarawak.gov.my', 'JKR Sarawak', 'Engineer', NULL, NULL),
(57, 'Kamsiah Osman', 'Kamsiah.Osman@sabah.gov.my', 'Sabah Forestry Department', 'Administrative Officer', NULL, NULL),
(58, 'Zuraida Hj Kushaili', 'zuraidak@sarawak.gov.my', 'HDC', 'Administrative Officer', NULL, NULL),
(59, 'Safanorlaila', 'iela0101@yahoo.com.my', 'MBI', 'HRA', NULL, NULL),
(60, 'Norhaidah', 'Norhaidah.Matnoor@sabah.gov.my', 'jabatan Pengairan dan Saliran', 'Administrative officee', NULL, NULL),
(61, 'Angelica', 'angelica_davidb@yahoo.com', 'Mbks', 'Penolong pegawai tadbir', NULL, NULL),
(62, 'Albert', 'albert@dbkk.sabah.gov.my', 'DBKK', 'Admin Officer', NULL, NULL),
(63, 'Surya', 'smregent64@gmail.com', 'DID', 'Assistant Director', NULL, NULL),
(64, 'Ierene', 'ierenetan@gmail.com', 'Comfori Sdn Bhd', 'Project Executive', NULL, NULL),
(65, 'Mas Farisan', 'mas@dbkk.sabah.gov.my', 'Kota Kinabalu City Hall', 'Admin Officer', NULL, NULL),
(66, 'Najihah', 'najihah.ismail89@gmail.com', 'Comfori', 'Conference Producer', NULL, NULL),
(67, 'Rafeah binti Buang', 'rafeahb@sarawak.gov.my', 'Jabatan Agama Islam Sarawak', 'KPP', NULL, NULL),
(68, 'ARNAHAL BTE YUSOF', 'arnahal.yusof@sedco.com.my', 'SEDCO', 'PR MANAGER', NULL, NULL),
(69, 'Zuraya Bojeng', 'zuraya@kwb.gov.my', 'Kuching Water Board', 'Asst Auditor', NULL, NULL),
(70, 'Tasha', 'nashata.kaur@comfori.com', 'Comfori', 'Conference producer', NULL, NULL),
(71, 'Syakirah', 'syakirahzakaria@gmail.com', 'Agrobank', 'Sr Exec', NULL, NULL),
(72, 'Bernard valentine', 'bernard.valentine@sabah.gov.my', 'Jabatan perhutanan sabah', 'Pemelihara hutan (G48)', NULL, NULL),
(73, 'Norita bingo Bawi', 'noritab@sarawak.gov.my', 'JAIS', 'Ketua Penolong Pengarah', NULL, NULL),
(74, 'Ewe', '72aeiou@gmail.com', 'Comfori', 'Marketing', NULL, NULL),
(75, 'Norisah.Saiman', 'norisah.saiman@sabah.gov.my', 'Jabatan Perhutanan Sabah', 'Pegawai Tadbir', NULL, NULL),
(76, 'Rosemiyati Mohamad Nawawi', 'rmn1171@gmail.com', 'Dewan Bandaraya Kuching Utara', 'Pegawai Tadbir (HR)', NULL, NULL),
(77, 'Rosemiyati Mohamad Nawawi', 'rmn1171@gmail.com', 'Dewan Bandaraya Kuching Utara', 'Pegawai Tadbir (HR)', NULL, NULL),
(78, 'Tuan masliza tuan yacob', 'masliza@cidb.gov.my', 'CIDB', 'Senior Manager', NULL, NULL),
(79, 'SOFIA ALINA', 's_alita@yahoo.com', 'Comfori', 'Asst Mgr', NULL, NULL),
(80, 'Roslan Lalete', 'roslan.lalete@sabah.gov.my', 'Sabah Forestry', 'Forest Officer', NULL, NULL),
(81, 'Alice Foong', 'alice.foong@commerce.asia', 'Commerce DotAsia Accelerator Sdn Bhd', 'GM', NULL, NULL),
(82, 'Tm', 'tmng@maybank.com', 'Maybank', 'Manager', NULL, NULL),
(83, 'Abdul Kudus', 'admin@test.com', 'Test Company', 'Ah Chai', NULL, NULL),
(84, 'Restaurant A', 'z222@gmail.com', 'wavelet', 'web developer', NULL, NULL),
(85, 'Restaurant A', 'z333@gmail.com', 'wavelet', 'web developer', NULL, NULL),
(86, 'Restaurant A', 'z@gmail.com', 'wavelet', 'web developer', NULL, NULL),
(87, 'Test 8 version', 'test_8_v@gmail.com', 'wavelet', 'web developer', NULL, NULL),
(88, 'sfdsf', 'u@gmail.com', 'wavelet', 'web developer', NULL, NULL),
(89, 'kk', 'kkk@gmail.com', 'ddd', 'ddd', NULL, NULL),
(90, 'Restaurant A', 'dddd@gmail.com', 'dfdf', 'dfd', NULL, NULL),
(91, 'Restaurant A', 'ssssss@gmail.com', 'ff', 'fgdfg', NULL, NULL),
(92, 'ttt', 'm@gmail.com', 'dd', 'dd', NULL, NULL);

-- --------------------------------------------------------

--
-- Table structure for table `sub_cluster`
--

CREATE TABLE `sub_cluster` (
  `id` int(10) UNSIGNED NOT NULL,
  `respondent_id` int(10) UNSIGNED NOT NULL,
  `assesment_id` int(10) UNSIGNED NOT NULL,
  `cluster1_1` int(11) NOT NULL DEFAULT '0',
  `cluster1_1_p` int(11) NOT NULL DEFAULT '0',
  `cluster1_2` int(11) NOT NULL DEFAULT '0',
  `cluster1_2_p` int(11) NOT NULL DEFAULT '0',
  `cluster1_3` int(11) NOT NULL DEFAULT '0',
  `cluster1_3_p` int(11) NOT NULL DEFAULT '0',
  `cluster2_1` int(11) NOT NULL DEFAULT '0',
  `cluster2_1_p` int(11) NOT NULL DEFAULT '0',
  `cluster2_2` int(11) NOT NULL DEFAULT '0',
  `cluster2_2_p` int(11) NOT NULL DEFAULT '0',
  `cluster2_3` int(11) NOT NULL DEFAULT '0',
  `cluster2_3_p` int(11) NOT NULL DEFAULT '0',
  `cluster3_1` int(11) NOT NULL DEFAULT '0',
  `cluster3_1_p` int(11) NOT NULL DEFAULT '0',
  `cluster3_2` int(11) NOT NULL DEFAULT '0',
  `cluster3_2_p` int(11) NOT NULL DEFAULT '0',
  `cluster3_3` int(11) NOT NULL DEFAULT '0',
  `cluster3_3_p` int(11) NOT NULL DEFAULT '0',
  `cluster4_1` int(11) NOT NULL DEFAULT '0',
  `cluster4_1_p` int(11) NOT NULL DEFAULT '0',
  `cluster4_2` int(11) NOT NULL DEFAULT '0',
  `cluster4_2_p` int(11) NOT NULL DEFAULT '0',
  `cluster4_3` int(11) NOT NULL DEFAULT '0',
  `cluster4_3_p` int(11) NOT NULL DEFAULT '0',
  `cluster5_1` int(11) NOT NULL DEFAULT '0',
  `cluster5_1_p` int(11) NOT NULL DEFAULT '0',
  `cluster5_2` int(11) NOT NULL DEFAULT '0',
  `cluster5_2_p` int(11) NOT NULL DEFAULT '0',
  `cluster5_3` int(11) NOT NULL DEFAULT '0',
  `cluster5_3_p` int(11) NOT NULL DEFAULT '0',
  `cluster6_1` int(11) NOT NULL DEFAULT '0',
  `cluster6_1_p` int(11) NOT NULL DEFAULT '0',
  `cluster6_2` int(11) NOT NULL DEFAULT '0',
  `cluster6_2_p` int(11) NOT NULL DEFAULT '0',
  `cluster6_3` int(11) NOT NULL DEFAULT '0',
  `cluster6_3_p` int(11) NOT NULL DEFAULT '0',
  `created_at` timestamp NULL DEFAULT NULL,
  `updated_at` timestamp NULL DEFAULT NULL
) ENGINE=InnoDB DEFAULT CHARSET=utf8mb4 COLLATE=utf8mb4_unicode_ci;

--
-- Dumping data for table `sub_cluster`
--

INSERT INTO `sub_cluster` (`id`, `respondent_id`, `assesment_id`, `cluster1_1`, `cluster1_1_p`, `cluster1_2`, `cluster1_2_p`, `cluster1_3`, `cluster1_3_p`, `cluster2_1`, `cluster2_1_p`, `cluster2_2`, `cluster2_2_p`, `cluster2_3`, `cluster2_3_p`, `cluster3_1`, `cluster3_1_p`, `cluster3_2`, `cluster3_2_p`, `cluster3_3`, `cluster3_3_p`, `cluster4_1`, `cluster4_1_p`, `cluster4_2`, `cluster4_2_p`, `cluster4_3`, `cluster4_3_p`, `cluster5_1`, `cluster5_1_p`, `cluster5_2`, `cluster5_2_p`, `cluster5_3`, `cluster5_3_p`, `cluster6_1`, `cluster6_1_p`, `cluster6_2`, `cluster6_2_p`, `cluster6_3`, `cluster6_3_p`, `created_at`, `updated_at`) VALUES
(1, 84, 1, 0, 0, 0, 0, 0, 0, 0, 0, 0, 0, 0, 0, 0, 0, 0, 0, 0, 0, 0, 0, 0, 0, 0, 0, 0, 0, 0, 0, 0, 0, 0, 0, 0, 0, 0, 0, NULL, NULL),
(2, 85, 1, 6, 100, 6, 100, 0, 0, 0, 0, 0, 0, 0, 0, 0, 0, 0, 0, 0, 0, 0, 0, 0, 0, 0, 0, 0, 0, 0, 0, 0, 0, 0, 0, 0, 0, 0, 0, NULL, NULL),
(3, 86, 1, 0, 0, 0, 0, 0, 0, 0, 0, 0, 0, 0, 0, 0, 0, 0, 0, 0, 0, 0, 0, 0, 0, 0, 0, 0, 0, 0, 0, 0, 0, 0, 0, 0, 0, 0, 0, NULL, NULL),
(4, 87, 1, 8, 100, 7, 88, 0, 0, 0, 0, 0, 0, 0, 0, 0, 0, 0, 0, 0, 0, 0, 0, 0, 0, 0, 0, 0, 0, 0, 0, 0, 0, 0, 0, 0, 0, 0, 0, NULL, NULL),
(5, 88, 1, 6, 75, 8, 100, 0, 0, 0, 0, 0, 0, 0, 0, 0, 0, 0, 0, 0, 0, 0, 0, 0, 0, 0, 0, 0, 0, 0, 0, 0, 0, 0, 0, 0, 0, 0, 0, NULL, NULL),
(6, 89, 1, 9, 100, 1, 11, 0, 0, 0, 0, 0, 0, 0, 0, 0, 0, 0, 0, 0, 0, 0, 0, 0, 0, 0, 0, 0, 0, 0, 0, 0, 0, 0, 0, 0, 0, 0, 0, NULL, NULL),
(7, 90, 1, 0, 0, 0, 0, 0, 0, 0, 0, 0, 0, 0, 0, 0, 0, 0, 0, 0, 0, 0, 0, 0, 0, 0, 0, 0, 0, 0, 0, 0, 0, 0, 0, 0, 0, 0, 0, NULL, NULL),
(8, 91, 1, 0, 0, 0, 0, 0, 0, 0, 0, 0, 0, 0, 0, 0, 0, 0, 0, 0, 0, 0, 0, 0, 0, 0, 0, 0, 0, 0, 0, 0, 0, 0, 0, 0, 0, 0, 0, NULL, NULL),
(9, 92, 1, 18, 67, 14, 78, 10, 56, 0, 0, 0, 0, 0, 0, 0, 0, 0, 0, 0, 0, 0, 0, 0, 0, 0, 0, 0, 0, 0, 0, 0, 0, 0, 0, 0, 0, 0, 0, NULL, NULL);

-- --------------------------------------------------------

--
-- Table structure for table `users`
--

CREATE TABLE `users` (
  `id` bigint(20) UNSIGNED NOT NULL,
  `name` varchar(191) COLLATE utf8mb4_unicode_ci NOT NULL,
  `email` varchar(191) COLLATE utf8mb4_unicode_ci NOT NULL,
  `role` int(11) NOT NULL DEFAULT '0',
  `email_verified_at` timestamp NULL DEFAULT NULL,
  `password` varchar(191) COLLATE utf8mb4_unicode_ci NOT NULL,
  `remember_token` varchar(100) COLLATE utf8mb4_unicode_ci DEFAULT NULL,
  `created_at` timestamp NULL DEFAULT NULL,
  `updated_at` timestamp NULL DEFAULT NULL
) ENGINE=InnoDB DEFAULT CHARSET=utf8mb4 COLLATE=utf8mb4_unicode_ci;

--
-- Dumping data for table `users`
--

INSERT INTO `users` (`id`, `name`, `email`, `role`, `email_verified_at`, `password`, `remember_token`, `created_at`, `updated_at`) VALUES
(1, 'Admin 1', 'admin@test.com', 0, NULL, '$2y$10$4cSsdOlEgnpi9NfDThXRwOew7fpJt7E55kkVdZ/PUV9s0tMex.nly', 'ECn0zcLrVv17mvmY5gaU2UNbp6WwHWcjkbKPnD8vWHLSxRnxn8dlz9PR4air', NULL, NULL),
(2, 'Admin 2', 'admin2@test.com', 0, NULL, '$2y$10$uNiYjiRdo6OpP449CjHAB.Kl4qmzCUBooMF96.3xkjbgIv1xtnfOW', NULL, NULL, NULL),
(3, 'Admin 3', 'admin3@test.com', 0, NULL, '$2y$10$bHyL1BbklQZyKM0PjqT9XOaltmueaJ5/oW.jWDrdf2QAIcb2SDgkm', NULL, NULL, NULL);

--
-- Indexes for dumped tables
--

--
-- Indexes for table `assesment`
--
ALTER TABLE `assesment`
  ADD PRIMARY KEY (`id`);

--
-- Indexes for table `cpp_mark_adt`
--
ALTER TABLE `cpp_mark_adt`
  ADD PRIMARY KEY (`id`),
  ADD KEY `cpp_mark_adt_respondent_id_foreign` (`respondent_id`),
  ADD KEY `cpp_mark_adt_assesment_id_foreign` (`assesment_id`);

--
-- Indexes for table `cpp_mark_overall`
--
ALTER TABLE `cpp_mark_overall`
  ADD PRIMARY KEY (`id`),
  ADD KEY `cpp_mark_overall_respondent_id_foreign` (`respondent_id`),
  ADD KEY `cpp_mark_overall_assesment_id_foreign` (`assesment_id`);

--
-- Indexes for table `migrations`
--
ALTER TABLE `migrations`
  ADD PRIMARY KEY (`id`);

--
-- Indexes for table `password_resets`
--
ALTER TABLE `password_resets`
  ADD KEY `password_resets_email_index` (`email`);

--
-- Indexes for table `questions`
--
ALTER TABLE `questions`
  ADD PRIMARY KEY (`id`),
  ADD KEY `questions_assesment_id_foreign` (`assesment_id`);

--
-- Indexes for table `q_answer`
--
ALTER TABLE `q_answer`
  ADD PRIMARY KEY (`id`),
  ADD KEY `q_answer_respondent_id_foreign` (`respondent_id`),
  ADD KEY `q_answer_question_id_foreign` (`question_id`);

--
-- Indexes for table `respondent`
--
ALTER TABLE `respondent`
  ADD PRIMARY KEY (`id`);

--
-- Indexes for table `sub_cluster`
--
ALTER TABLE `sub_cluster`
  ADD PRIMARY KEY (`id`),
  ADD KEY `sub_cluster_respondent_id_foreign` (`respondent_id`),
  ADD KEY `sub_cluster_assesment_id_foreign` (`assesment_id`);

--
-- Indexes for table `users`
--
ALTER TABLE `users`
  ADD PRIMARY KEY (`id`),
  ADD UNIQUE KEY `users_email_unique` (`email`);

--
-- AUTO_INCREMENT for dumped tables
--

--
-- AUTO_INCREMENT for table `assesment`
--
ALTER TABLE `assesment`
  MODIFY `id` int(10) UNSIGNED NOT NULL AUTO_INCREMENT, AUTO_INCREMENT=10;

--
-- AUTO_INCREMENT for table `cpp_mark_adt`
--
ALTER TABLE `cpp_mark_adt`
  MODIFY `id` int(10) UNSIGNED NOT NULL AUTO_INCREMENT, AUTO_INCREMENT=92;

--
-- AUTO_INCREMENT for table `cpp_mark_overall`
--
ALTER TABLE `cpp_mark_overall`
  MODIFY `id` int(10) UNSIGNED NOT NULL AUTO_INCREMENT, AUTO_INCREMENT=92;

--
-- AUTO_INCREMENT for table `migrations`
--
ALTER TABLE `migrations`
  MODIFY `id` int(10) UNSIGNED NOT NULL AUTO_INCREMENT, AUTO_INCREMENT=12;

--
-- AUTO_INCREMENT for table `questions`
--
ALTER TABLE `questions`
  MODIFY `id` int(10) UNSIGNED NOT NULL AUTO_INCREMENT, AUTO_INCREMENT=113;

--
-- AUTO_INCREMENT for table `q_answer`
--
ALTER TABLE `q_answer`
  MODIFY `id` int(10) UNSIGNED NOT NULL AUTO_INCREMENT, AUTO_INCREMENT=8452;

--
-- AUTO_INCREMENT for table `respondent`
--
ALTER TABLE `respondent`
  MODIFY `id` int(10) UNSIGNED NOT NULL AUTO_INCREMENT, AUTO_INCREMENT=93;

--
-- AUTO_INCREMENT for table `sub_cluster`
--
ALTER TABLE `sub_cluster`
  MODIFY `id` int(10) UNSIGNED NOT NULL AUTO_INCREMENT, AUTO_INCREMENT=10;

--
-- AUTO_INCREMENT for table `users`
--
ALTER TABLE `users`
  MODIFY `id` bigint(20) UNSIGNED NOT NULL AUTO_INCREMENT, AUTO_INCREMENT=4;

--
-- Constraints for dumped tables
--

--
-- Constraints for table `cpp_mark_adt`
--
ALTER TABLE `cpp_mark_adt`
  ADD CONSTRAINT `cpp_mark_adt_assesment_id_foreign` FOREIGN KEY (`assesment_id`) REFERENCES `assesment` (`id`) ON DELETE CASCADE,
  ADD CONSTRAINT `cpp_mark_adt_respondent_id_foreign` FOREIGN KEY (`respondent_id`) REFERENCES `respondent` (`id`) ON DELETE CASCADE;

--
-- Constraints for table `cpp_mark_overall`
--
ALTER TABLE `cpp_mark_overall`
  ADD CONSTRAINT `cpp_mark_overall_assesment_id_foreign` FOREIGN KEY (`assesment_id`) REFERENCES `assesment` (`id`) ON DELETE CASCADE,
  ADD CONSTRAINT `cpp_mark_overall_respondent_id_foreign` FOREIGN KEY (`respondent_id`) REFERENCES `respondent` (`id`) ON DELETE CASCADE;

--
-- Constraints for table `questions`
--
ALTER TABLE `questions`
  ADD CONSTRAINT `questions_assesment_id_foreign` FOREIGN KEY (`assesment_id`) REFERENCES `assesment` (`id`) ON DELETE CASCADE;

--
-- Constraints for table `q_answer`
--
ALTER TABLE `q_answer`
  ADD CONSTRAINT `q_answer_question_id_foreign` FOREIGN KEY (`question_id`) REFERENCES `questions` (`id`) ON DELETE CASCADE,
  ADD CONSTRAINT `q_answer_respondent_id_foreign` FOREIGN KEY (`respondent_id`) REFERENCES `respondent` (`id`) ON DELETE CASCADE;

--
-- Constraints for table `sub_cluster`
--
ALTER TABLE `sub_cluster`
  ADD CONSTRAINT `sub_cluster_assesment_id_foreign` FOREIGN KEY (`assesment_id`) REFERENCES `assesment` (`id`) ON DELETE CASCADE,
  ADD CONSTRAINT `sub_cluster_respondent_id_foreign` FOREIGN KEY (`respondent_id`) REFERENCES `respondent` (`id`) ON DELETE CASCADE;
COMMIT;

/*!40101 SET CHARACTER_SET_CLIENT=@OLD_CHARACTER_SET_CLIENT */;
/*!40101 SET CHARACTER_SET_RESULTS=@OLD_CHARACTER_SET_RESULTS */;
/*!40101 SET COLLATION_CONNECTION=@OLD_COLLATION_CONNECTION */;
